/* TOTAL OF 0 ERRORS WHILE BUILDING METADATA STRUCTURE. */
BEGIN TRANSACTION;
/* TABLE funcionario */
/* NULL INSERTION FOR ATTRIBUTEequipeAT TABLEfuncionario */
INSERT INTO funcionario ( cpf, nome, RG, endereco, cargo, equipe, telefoneCsv )
	VALUES ( '230.740.852-32', 'Rebeca Pereira', '12583746090', 'Esplanada de Pinto, 94 Granja De Freitas 68637-232 Oliveira da Serra / BA', 'COPILOTO', NULL, '21 7416-7300' );
INSERT INTO funcionario ( cpf, nome, RG, endereco, cargo, equipe, telefoneCsv )
	VALUES ( '523.255.716-37', 'Natália Novaes', '04785162902', 'Setor Monteiro, 63 Maravilha 60528381 Melo / RJ', 'PILOTO', NULL, '(041) 1402 5461' );
INSERT INTO funcionario ( cpf, nome, RG, endereco, cargo, equipe, telefoneCsv )
	VALUES ( '782.988.670-79', 'Sra. Ana Luiza Gonçalves', '09674528300', 'Esplanada Manuela Campos, 7 Jonas Veiga 94664958 Rocha / AM', 'COPILOTO', NULL, '31 7453 6752' );
INSERT INTO funcionario ( cpf, nome, RG, endereco, cargo, equipe, telefoneCsv )
	VALUES ( '197.520.896-76', 'Vitor da Paz', '20379861496', 'Núcleo de Moreira, 34 Brasil Industrial 83919-561 Lima / AP', 'PILOTO', NULL, '+55 (041) 3288 5527' );
INSERT INTO funcionario ( cpf, nome, RG, endereco, cargo, equipe, telefoneCsv )
	VALUES ( '851.398.230-44', 'Diogo Nunes', '19542607849', 'Condomínio Peixoto, 494 Nossa Senhora Da Aparecida 08697662 Dias / MT', 'COPILOTO', NULL, '+55 (081) 3524 7390' );
INSERT INTO funcionario ( cpf, nome, RG, endereco, cargo, equipe, telefoneCsv )
	VALUES ( '583.792.569-11', 'Leandro Moura', '72138056490', 'Loteamento de Silveira, 77 Jaqueline 81074055 Carvalho da Praia / PE', 'COPILOTO', NULL, '81 0183-6221' );
INSERT INTO funcionario ( cpf, nome, RG, endereco, cargo, equipe, telefoneCsv )
	VALUES ( '924.966.747-52', 'Vinicius Fogaça', '89432706150', 'Chácara Murilo da Mata, 54 Bernadete 78363340 Cardoso de Novaes / MS', 'TECNICO', NULL, '71 2659 8035' );
INSERT INTO funcionario ( cpf, nome, RG, endereco, cargo, equipe, telefoneCsv )
	VALUES ( '432.789.595-66', 'Maria Eduarda Cavalcanti', '70681245930', 'Fazenda de Silveira, 769 Beira Linha 10823-306 Gonçalves / MG', 'COPILOTO', NULL, '+55 31 5813 1374' );
INSERT INTO funcionario ( cpf, nome, RG, endereco, cargo, equipe, telefoneCsv )
	VALUES ( '833.488.525-02', 'Brenda Jesus', '30964572125', 'Parque Beatriz Nogueira, 4 Santa Cecilia 13253-447 Mendes / SC', 'ASSISTENTE', NULL, '+55 41 1626 2449' );
INSERT INTO funcionario ( cpf, nome, RG, endereco, cargo, equipe, telefoneCsv )
	VALUES ( '478.696.780-28', 'João Miguel Pires', '90614257352', 'Rodovia Melo, 73 Casa Branca 05631458 Melo / PI', 'OPCAMERA', NULL, '+55 41 2493 7762' );
INSERT INTO funcionario ( cpf, nome, RG, endereco, cargo, equipe, telefoneCsv )
	VALUES ( '616.020.558-98', 'Luiz Gustavo Carvalho', '28457609149', 'Avenida Pinto, 53 Piratininga 05000008 Monteiro / PE', 'PILOTO', NULL, '+55 71 4722 3398' );
INSERT INTO funcionario ( cpf, nome, RG, endereco, cargo, equipe, telefoneCsv )
	VALUES ( '490.990.422-75', 'Luigi Caldeira', '65087392474', 'Vale de Cunha, 917 Oeste 05510382 da Paz do Norte / PI', 'COPILOTO', NULL, '+55 (051) 7016 9419' );
INSERT INTO funcionario ( cpf, nome, RG, endereco, cargo, equipe, telefoneCsv )
	VALUES ( '946.521.617-86', 'Marcos Vinicius Ferreira', '94376201561', 'Quadra Arthur Lopes, 57 Vila Fumec 60191-373 Viana / RN', 'TECNICO', NULL, '41 1181 4626' );
INSERT INTO funcionario ( cpf, nome, RG, endereco, cargo, equipe, telefoneCsv )
	VALUES ( '736.917.544-50', 'Luna Rezende', '59406813793', 'Chácara de da Cunha, 439 Ventosa 75777960 Barros de da Cruz / MT', 'OPCAMERA', NULL, '(011) 8054-0401' );
INSERT INTO funcionario ( cpf, nome, RG, endereco, cargo, equipe, telefoneCsv )
	VALUES ( '121.199.607-14', 'Renan Silva', '82436519005', 'Esplanada Ribeiro, 1 Vila Vista Alegre 45967263 Nascimento da Praia / PE', 'TECNICO', NULL, '(011) 1302 7391' );
INSERT INTO funcionario ( cpf, nome, RG, endereco, cargo, equipe, telefoneCsv )
	VALUES ( '679.002.127-48', 'Mariana Costela', '32684517991', 'Trevo Castro Nossa Senhora Da Conceição 98100407 Novaes / SC', 'OPCAMERA', NULL, '71 9531 5094' );
INSERT INTO funcionario ( cpf, nome, RG, endereco, cargo, equipe, telefoneCsv )
	VALUES ( '133.722.910-23', 'Sophia Jesus', '48751630290', 'Morro Rodrigues, 6 Beira Linha 30427-125 Santos / AL', 'PILOTO', NULL, '+55 31 3821-1424' );
INSERT INTO funcionario ( cpf, nome, RG, endereco, cargo, equipe, telefoneCsv )
	VALUES ( '516.335.573-78', 'Murilo Pereira', '98241635737', 'Pátio Felipe da Rocha, 6 Ribeiro De Abreu 04502-137 Carvalho Alegre / AM', 'ASSISTENTE', NULL, '71 8093 5062' );
INSERT INTO funcionario ( cpf, nome, RG, endereco, cargo, equipe, telefoneCsv )
	VALUES ( '624.975.827-59', 'Augusto Azevedo', '31479680222', 'Rua de Jesus, 81 Vila Califórnia 67511931 Alves / AC', 'OPCAMERA', NULL, '71 4496 5538' );
INSERT INTO funcionario ( cpf, nome, RG, endereco, cargo, equipe, telefoneCsv )
	VALUES ( '632.034.959-23', 'Miguel Vieira', '03261598433', 'Núcleo Moura, 303 Havaí 06480-316 Carvalho / RO', 'PILOTO', NULL, '(071) 0632-4490' );
INSERT INTO funcionario ( cpf, nome, RG, endereco, cargo, equipe, telefoneCsv )
	VALUES ( '192.393.547-19', 'Sr. Breno Rodrigues', '10976328496', 'Colônia de das Neves, 70 Aeroporto 93130-111 da Rocha Paulista / PR', 'PILOTO', NULL, '(021) 6727 9001' );

/* TABLE tecnico */
INSERT INTO tecnico ( cpf, especialidade )
	VALUES ( '133.722.910-23', 'Dolorum aperiam soluta aspernatur earum ullam sit omnis. Ad quibusdam praesentium totam elig' );
INSERT INTO tecnico ( cpf, especialidade )
	VALUES ( '851.398.230-44', 'Ipsum adipisci dolore sunt et rerum aperiam exercitationem. Beatae perspiciatis q' );
INSERT INTO tecnico ( cpf, especialidade )
	VALUES ( '946.521.617-86', 'Modi rerum ea. Unde necessitatibus modi itaque vitae rem consequuntur pariat' );
INSERT INTO tecnico ( cpf, especialidade )
	VALUES ( '478.696.780-28', 'Soluta tempore vero corporis dolorum rem. Dolor distinctio laborum et. Ea libero maxim' );
INSERT INTO tecnico ( cpf, especialidade )
	VALUES ( '523.255.716-37', 'Sed debitis fugiat tenetur. Debitis odio blanditiis ipsum.' );
INSERT INTO tecnico ( cpf, especialidade )
	VALUES ( '490.990.422-75', 'Ipsam sunt saepe accusamus consequuntur. Similique vero ab dolorem.Quo consequuntur omnis recusandae pariatur.Odio d' );
INSERT INTO tecnico ( cpf, especialidade )
	VALUES ( '624.975.827-59', 'Odio id at libero hic ipsam.Natus iste laboriosam. Amet iste aspernatu' );
INSERT INTO tecnico ( cpf, especialidade )
	VALUES ( '197.520.896-76', 'Adipisci eum maiores cum voluptas. Saepe quaerat sint explicabo numquam voluptate. Aliq' );
INSERT INTO tecnico ( cpf, especialidade )
	VALUES ( '583.792.569-11', 'Velit est beatae iste distinctio. Officiis est illum ipsam voluptates. Quae id temporibus incidunt. ' );
INSERT INTO tecnico ( cpf, especialidade )
	VALUES ( '632.034.959-23', 'Quas vitae eum vitae iure labore excepturi. Iusto quia delectus labore commodi. Provident quod in' );
INSERT INTO tecnico ( cpf, especialidade )
	VALUES ( '516.335.573-78', 'Quae fugiat dignissimos occaecati. Quos quod dignissimos aliquid voluptatum veritatis doloribus' );
INSERT INTO tecnico ( cpf, especialidade )
	VALUES ( '679.002.127-48', 'Eos est veniam perspiciatis soluta blanditiis. Similique velit debitis sed. Voluptatem esse architecto doloremque il' );
INSERT INTO tecnico ( cpf, especialidade )
	VALUES ( '833.488.525-02', 'Nihil quam voluptatum mollitia alias. Dolorum sunt magnam labore.' );
INSERT INTO tecnico ( cpf, especialidade )
	VALUES ( '192.393.547-19', 'Amet distinctio beatae sit facere quas expedita. Recusandae similique repellend' );
INSERT INTO tecnico ( cpf, especialidade )
	VALUES ( '782.988.670-79', 'Minus odio culpa. Maxime at dolor illo temporibus.Quam iure ab officia' );
INSERT INTO tecnico ( cpf, especialidade )
	VALUES ( '736.917.544-50', 'Nihil pariatur id ratione harum odit totam. Nesciunt assumenda commodi saepe ex perferendis.Natus necessitat' );
INSERT INTO tecnico ( cpf, especialidade )
	VALUES ( '432.789.595-66', 'Corrupti officia adipisci voluptates consectetur sunt. Voluptates tempora enim saepe quibusdam incidunt.Ad' );
INSERT INTO tecnico ( cpf, especialidade )
	VALUES ( '924.966.747-52', 'Nemo quo ad laboriosam consequatur modi. Fugit earum repellat corrupti. ' );
INSERT INTO tecnico ( cpf, especialidade )
	VALUES ( '616.020.558-98', 'Voluptatem cumque doloribus corrupti accusamus architecto deleniti. Laboriosam iusto possimus perspiciatis quod. Animi ' );
INSERT INTO tecnico ( cpf, especialidade )
	VALUES ( '121.199.607-14', 'Quas similique in recusandae repudiandae. Corrupti repellendus autem. Corrupti quos veritatis temporibus ' );

/* TABLE copiloto */
INSERT INTO copiloto ( cpf, habilitacao )
	VALUES ( '432.789.595-66', 'Sit tenetur ' );
INSERT INTO copiloto ( cpf, habilitacao )
	VALUES ( '632.034.959-23', 'Placeat nesc' );
INSERT INTO copiloto ( cpf, habilitacao )
	VALUES ( '197.520.896-76', 'Eligendi tem' );
INSERT INTO copiloto ( cpf, habilitacao )
	VALUES ( '833.488.525-02', 'Ea totam et ' );
INSERT INTO copiloto ( cpf, habilitacao )
	VALUES ( '624.975.827-59', 'Sapiente acc' );
INSERT INTO copiloto ( cpf, habilitacao )
	VALUES ( '133.722.910-23', 'Aperiam nisi' );
INSERT INTO copiloto ( cpf, habilitacao )
	VALUES ( '523.255.716-37', 'Repellat ali' );
INSERT INTO copiloto ( cpf, habilitacao )
	VALUES ( '516.335.573-78', 'Eos molestia' );
INSERT INTO copiloto ( cpf, habilitacao )
	VALUES ( '679.002.127-48', 'Nam soluta p' );
INSERT INTO copiloto ( cpf, habilitacao )
	VALUES ( '490.990.422-75', 'Ab rem fugit' );
INSERT INTO copiloto ( cpf, habilitacao )
	VALUES ( '851.398.230-44', 'Nam quae exc' );
INSERT INTO copiloto ( cpf, habilitacao )
	VALUES ( '192.393.547-19', 'Doloremque s' );
INSERT INTO copiloto ( cpf, habilitacao )
	VALUES ( '121.199.607-14', 'Doloribus cu' );
INSERT INTO copiloto ( cpf, habilitacao )
	VALUES ( '478.696.780-28', 'Omnis ex ill' );
INSERT INTO copiloto ( cpf, habilitacao )
	VALUES ( '924.966.747-52', 'Dolorum aliq' );
INSERT INTO copiloto ( cpf, habilitacao )
	VALUES ( '616.020.558-98', 'Illo quos re' );
INSERT INTO copiloto ( cpf, habilitacao )
	VALUES ( '583.792.569-11', 'Ipsa vero do' );
INSERT INTO copiloto ( cpf, habilitacao )
	VALUES ( '946.521.617-86', 'Eos asperior' );
INSERT INTO copiloto ( cpf, habilitacao )
	VALUES ( '782.988.670-79', 'Ratione vita' );
INSERT INTO copiloto ( cpf, habilitacao )
	VALUES ( '736.917.544-50', 'Doloremque r' );

/* TABLE piloto */
INSERT INTO piloto ( cpf, habilitacao )
	VALUES ( '624.975.827-59', 'Maiores iste' );
INSERT INTO piloto ( cpf, habilitacao )
	VALUES ( '523.255.716-37', 'Rem neque re' );
INSERT INTO piloto ( cpf, habilitacao )
	VALUES ( '736.917.544-50', 'Eligendi ut ' );
INSERT INTO piloto ( cpf, habilitacao )
	VALUES ( '478.696.780-28', 'Ea excepturi' );
INSERT INTO piloto ( cpf, habilitacao )
	VALUES ( '133.722.910-23', 'Ab doloremqu' );
INSERT INTO piloto ( cpf, habilitacao )
	VALUES ( '516.335.573-78', 'Accusamus at' );
INSERT INTO piloto ( cpf, habilitacao )
	VALUES ( '851.398.230-44', 'Quidem reici' );
INSERT INTO piloto ( cpf, habilitacao )
	VALUES ( '616.020.558-98', 'Tempore dict' );
INSERT INTO piloto ( cpf, habilitacao )
	VALUES ( '782.988.670-79', 'Eius volupta' );
INSERT INTO piloto ( cpf, habilitacao )
	VALUES ( '924.966.747-52', 'Inventore eu' );
INSERT INTO piloto ( cpf, habilitacao )
	VALUES ( '490.990.422-75', 'Eius soluta ' );
INSERT INTO piloto ( cpf, habilitacao )
	VALUES ( '632.034.959-23', 'Eius delectu' );
INSERT INTO piloto ( cpf, habilitacao )
	VALUES ( '946.521.617-86', 'Veniam dolor' );
INSERT INTO piloto ( cpf, habilitacao )
	VALUES ( '833.488.525-02', 'Nesciunt quo' );
INSERT INTO piloto ( cpf, habilitacao )
	VALUES ( '197.520.896-76', 'Officia quas' );
INSERT INTO piloto ( cpf, habilitacao )
	VALUES ( '121.199.607-14', 'Ad explicabo' );
INSERT INTO piloto ( cpf, habilitacao )
	VALUES ( '583.792.569-11', 'Adipisci qui' );
INSERT INTO piloto ( cpf, habilitacao )
	VALUES ( '432.789.595-66', 'Facere delen' );
INSERT INTO piloto ( cpf, habilitacao )
	VALUES ( '679.002.127-48', 'Repellendus ' );
INSERT INTO piloto ( cpf, habilitacao )
	VALUES ( '192.393.547-19', 'Impedit sapi' );

/* TABLE assistente */
INSERT INTO assistente ( cpf )
	VALUES ( '624.975.827-59' );
INSERT INTO assistente ( cpf )
	VALUES ( '133.722.910-23' );
INSERT INTO assistente ( cpf )
	VALUES ( '632.034.959-23' );
INSERT INTO assistente ( cpf )
	VALUES ( '432.789.595-66' );
INSERT INTO assistente ( cpf )
	VALUES ( '490.990.422-75' );
INSERT INTO assistente ( cpf )
	VALUES ( '946.521.617-86' );
INSERT INTO assistente ( cpf )
	VALUES ( '616.020.558-98' );
INSERT INTO assistente ( cpf )
	VALUES ( '516.335.573-78' );
INSERT INTO assistente ( cpf )
	VALUES ( '736.917.544-50' );
INSERT INTO assistente ( cpf )
	VALUES ( '851.398.230-44' );
INSERT INTO assistente ( cpf )
	VALUES ( '583.792.569-11' );
INSERT INTO assistente ( cpf )
	VALUES ( '523.255.716-37' );
INSERT INTO assistente ( cpf )
	VALUES ( '833.488.525-02' );
INSERT INTO assistente ( cpf )
	VALUES ( '197.520.896-76' );
INSERT INTO assistente ( cpf )
	VALUES ( '192.393.547-19' );
INSERT INTO assistente ( cpf )
	VALUES ( '679.002.127-48' );
INSERT INTO assistente ( cpf )
	VALUES ( '782.988.670-79' );
INSERT INTO assistente ( cpf )
	VALUES ( '121.199.607-14' );
INSERT INTO assistente ( cpf )
	VALUES ( '478.696.780-28' );
INSERT INTO assistente ( cpf )
	VALUES ( '924.966.747-52' );

/* TABLE opCamera */
INSERT INTO opCamera ( cpf, inicioCarreira )
	VALUES ( '478.696.780-28', to_date ('2006-12-18', 'YYYY-MM-DD') );
INSERT INTO opCamera ( cpf, inicioCarreira )
	VALUES ( '624.975.827-59', to_date ('2002-03-25', 'YYYY-MM-DD') );
INSERT INTO opCamera ( cpf, inicioCarreira )
	VALUES ( '851.398.230-44', to_date ('2000-06-24', 'YYYY-MM-DD') );
INSERT INTO opCamera ( cpf, inicioCarreira )
	VALUES ( '736.917.544-50', to_date ('2017-10-29', 'YYYY-MM-DD') );
INSERT INTO opCamera ( cpf, inicioCarreira )
	VALUES ( '121.199.607-14', to_date ('2013-12-27', 'YYYY-MM-DD') );
INSERT INTO opCamera ( cpf, inicioCarreira )
	VALUES ( '516.335.573-78', to_date ('2009-09-06', 'YYYY-MM-DD') );
INSERT INTO opCamera ( cpf, inicioCarreira )
	VALUES ( '679.002.127-48', to_date ('2009-01-14', 'YYYY-MM-DD') );
INSERT INTO opCamera ( cpf, inicioCarreira )
	VALUES ( '632.034.959-23', to_date ('2004-06-04', 'YYYY-MM-DD') );
INSERT INTO opCamera ( cpf, inicioCarreira )
	VALUES ( '616.020.558-98', to_date ('2000-08-19', 'YYYY-MM-DD') );
INSERT INTO opCamera ( cpf, inicioCarreira )
	VALUES ( '946.521.617-86', to_date ('2017-02-05', 'YYYY-MM-DD') );
INSERT INTO opCamera ( cpf, inicioCarreira )
	VALUES ( '133.722.910-23', to_date ('2008-03-21', 'YYYY-MM-DD') );
INSERT INTO opCamera ( cpf, inicioCarreira )
	VALUES ( '782.988.670-79', to_date ('2011-10-25', 'YYYY-MM-DD') );
INSERT INTO opCamera ( cpf, inicioCarreira )
	VALUES ( '583.792.569-11', to_date ('2010-12-17', 'YYYY-MM-DD') );
INSERT INTO opCamera ( cpf, inicioCarreira )
	VALUES ( '197.520.896-76', to_date ('2010-08-28', 'YYYY-MM-DD') );
INSERT INTO opCamera ( cpf, inicioCarreira )
	VALUES ( '490.990.422-75', to_date ('2010-01-14', 'YYYY-MM-DD') );
INSERT INTO opCamera ( cpf, inicioCarreira )
	VALUES ( '192.393.547-19', to_date ('2005-04-24', 'YYYY-MM-DD') );
INSERT INTO opCamera ( cpf, inicioCarreira )
	VALUES ( '432.789.595-66', to_date ('2018-12-07', 'YYYY-MM-DD') );
INSERT INTO opCamera ( cpf, inicioCarreira )
	VALUES ( '924.966.747-52', to_date ('2018-05-17', 'YYYY-MM-DD') );
INSERT INTO opCamera ( cpf, inicioCarreira )
	VALUES ( '833.488.525-02', to_date ('2016-04-28', 'YYYY-MM-DD') );
INSERT INTO opCamera ( cpf, inicioCarreira )
	VALUES ( '523.255.716-37', to_date ('2018-03-15', 'YYYY-MM-DD') );

/* TABLE equipamento */
/* NULL INSERTION FOR ATTRIBUTEdescricaoAT TABLEequipamento */
INSERT INTO equipamento ( modelo, nome, quantidade, marca, descricao, tipo )
	VALUES ( 'Ullam pariatur esse delectus officia p', 'Rebeca Sales', 275146, 'Corrupti quaerat ', NULL, 'SONORIZACAO' );
/* NULL INSERTION FOR ATTRIBUTEmarcaAT TABLEequipamento */
INSERT INTO equipamento ( modelo, nome, quantidade, marca, descricao, tipo )
	VALUES ( 'Rem labore ratione inventore quas praesen', 'Lara da Rosa', 405415, NULL, 'Molestias repellendus at corrupti debitis. Ipsum natus at. Provident dolorem laboriosam facere repellat. Eos commodi ex odio. Labore laborum possimus qui quibusdam distinctio vero soluta', 'ESTRUTURACAO' );
INSERT INTO equipamento ( modelo, nome, quantidade, marca, descricao, tipo )
	VALUES ( 'Rerum iure eligendi soluta voluptates mo', 'Julia Alves', 562636, 'Facilis saepe sed culpa und', 'Repellendus similique excepturi pariatur pariatur error. Neque animi odio. Exercitationem laudantium soluta laudantium. Numquam illum ab odio minima eaque. Id architecto molestiae similique cum', 'ESTRUTURACAO' );
INSERT INTO equipamento ( modelo, nome, quantidade, marca, descricao, tipo )
	VALUES ( 'Earum eligendi labore. Consequuntur neq', 'Antônio Nunes', 474584, 'Officiis quae harum dolores', 'Eius iste vero corrupti laudantium et officiis. Rem quisquam saepe debitis. Rerum amet commodi. Omnis expedita eius sunt dolorum dolores eligendi', 'DRONE' );
INSERT INTO equipamento ( modelo, nome, quantidade, marca, descricao, tipo )
	VALUES ( 'Similique saepe architecto placeat dolores quis qu', 'Ana Julia Alves', 145921, 'Vel nulla volupt', 'Voluptatem vel nesciunt ab. Odio officiis labore. Vero atque ipsa expedita officia', 'DRONE' );
INSERT INTO equipamento ( modelo, nome, quantidade, marca, descricao, tipo )
	VALUES ( 'Adipisci architecto magni eligendi ratione. Dolorem magni e', 'Davi Luiz Nunes', 556835, 'Quas ut fuga. Culpa', 'Magnam accusamus quod perspiciatis non nulla. Ducimus iure in. Excepturi tenetur temporibus voluptates. Harum ipsa eveniet tenetur nam tempora', 'SONORIZACAO' );
INSERT INTO equipamento ( modelo, nome, quantidade, marca, descricao, tipo )
	VALUES ( 'Exercitationem dicta ratione eius doloribus dolorum. S', 'Otávio da Cunha', 673732, 'Modi porro aspernatur sit ', 'Neque ut consequuntur tempore molestiae. Animi nihil eius. Veritatis autem suscipit aut natus eveniet sequi. Quis quos possimus facilis. Beatae harum ab dolorum vero', 'CAMERA' );
INSERT INTO equipamento ( modelo, nome, quantidade, marca, descricao, tipo )
	VALUES ( 'Id voluptatum perspiciatis laborum adipisci fu', 'Gustavo Almeida', 796519, 'Perferendis distin', 'Excepturi ad qui non placeat labore velit. Possimus voluptates facilis eligendi porro tempore', 'ESTRUTURACAO' );
INSERT INTO equipamento ( modelo, nome, quantidade, marca, descricao, tipo )
	VALUES ( 'Illo nobis dolorem dignissimos totam. Ad a', 'Sr. Danilo da Costa', 878232, 'Corporis culpa consequuntu', 'Iure vitae aperiam ut repellendus eius culpa. Soluta adipisci officia. Facilis repellat necessitatibus sapiente totam. Fugiat soluta est ut eaque autem', 'CAMERA' );
INSERT INTO equipamento ( modelo, nome, quantidade, marca, descricao, tipo )
	VALUES ( 'Quas corporis mollitia quia sunt dol', 'Srta. Joana da Rocha', 517738, 'Maxime dignissimos ex', 'Dicta eius asperiores dolor dolorum atque. Magni laudantium voluptates iusto qui sapiente delectus quidem. Reiciendis fuga alias iusto perferendis. Vero omnis corporis occaecati', 'CAMERA' );
INSERT INTO equipamento ( modelo, nome, quantidade, marca, descricao, tipo )
	VALUES ( 'Soluta doloremque fuga rem. Doloremque provid', 'Stephany Pinto', 456191, 'Eum ab doloribus ', 'Expedita quisquam commodi sit explicabo. Assumenda magnam at tempore ab corrupti ratione. Culpa quae odio exercitationem ipsum consequuntur. Ducimus quos ex. Exercitationem impedit nesciunt quaerat', 'ESTRUTURACAO' );
INSERT INTO equipamento ( modelo, nome, quantidade, marca, descricao, tipo )
	VALUES ( 'Dolores alias et facere ut ullam quis. Non asperiores modi mo', 'Maria Sophia Duarte', 738690, 'Mollitia suscipit dolor n', 'Repellat dolores eligendi soluta expedita vero. Fugiat minus natus saepe iste soluta. Eos ut eveniet iusto hic. Consequuntur perspiciatis beatae dolore reiciendis', 'CAMERA' );
INSERT INTO equipamento ( modelo, nome, quantidade, marca, descricao, tipo )
	VALUES ( 'Officia placeat doloribus iure quod odio nam. Odit at error ', 'Sra. Marcela Duarte', 482852, 'Dolore vel placeat', 'Nostrum asperiores laudantium hic aliquam quibusdam. Ipsa harum atque. Placeat rem deserunt porro dolor', 'SONORIZACAO' );
INSERT INTO equipamento ( modelo, nome, quantidade, marca, descricao, tipo )
	VALUES ( 'Ad dolorum quos molestias esse accusamus. Consectetur exped', 'Marcos Vinicius Peixoto', 513669, 'Perferendis tenetur sunt', 'Omnis doloribus expedita atque tempora. Consequuntur magni possimus excepturi cupiditate nulla. Officiis officiis in molestiae voluptas enim commodi. Asperiores repellendus facilis', 'DRONE' );
INSERT INTO equipamento ( modelo, nome, quantidade, marca, descricao, tipo )
	VALUES ( 'Nulla eos velit aliquid dolorum aut commodi. Maxime aper', 'Davi Lucas Oliveira', 479729, 'A labore qui aliquid. Inventore ', 'Pariatur nesciunt tempora aperiam excepturi. Nostrum vitae velit nisi architecto maiores eum. Dolore culpa distinctio vel. Maxime aspernatur distinctio reiciendis tenetur quasi pariatur cumque', 'SONORIZACAO' );
INSERT INTO equipamento ( modelo, nome, quantidade, marca, descricao, tipo )
	VALUES ( 'Sit deleniti consequuntur velit sit. Corrupti p', 'Emanuel Gonçalves', 844662, 'Aliquam ipsum sint quas praese', 'Iusto consequatur aliquid quas occaecati laudantium. Distinctio provident dolores at optio quisquam rerum. Quod ad quibusdam incidunt illo', 'ESTRUTURACAO' );
INSERT INTO equipamento ( modelo, nome, quantidade, marca, descricao, tipo )
	VALUES ( 'Assumenda possimus cupiditate.Laudantium quas minima ea volupta', 'Sr. João Felipe Ribeiro', 431285, 'Doloribus illum ducimus f', 'Dolore dolor corporis. Ab aspernatur eligendi vitae ullam maiores aspernatur. Nihil similique nihil corrupti quo. Eligendi veritatis voluptatum impedit odio incidunt amet. Accusamus amet ratione eum', 'SONORIZACAO' );
INSERT INTO equipamento ( modelo, nome, quantidade, marca, descricao, tipo )
	VALUES ( 'Laborum sit eaque necessitatibus. Seq', 'Isaac Campos', 650209, 'Quas maiores molestia', 'Nisi in iste repudiandae nihil iure. Voluptates dolor vitae quisquam iure distinctio. Delectus earum provident consequuntur iure at repellendus. Possimus asperiores saepe', 'SONORIZACAO' );
INSERT INTO equipamento ( modelo, nome, quantidade, marca, descricao, tipo )
	VALUES ( 'Natus occaecati voluptatem iure. Sint consequuntur dolor', 'Sofia Gomes', 760684, 'Quo optio qui. Aut offic', 'Laboriosam earum voluptatum ipsam commodi quibusdam iure culpa. Reiciendis quo ipsam ab', 'ESTRUTURACAO' );
INSERT INTO equipamento ( modelo, nome, quantidade, marca, descricao, tipo )
	VALUES ( 'Quo occaecati non ex minima. Pariatur tenetur ab neque ', 'Catarina da Cunha', 145374, 'Expedita porro ten', 'Distinctio natus adipisci ex. Laboriosam itaque temporibus animi ratione qui', 'CAMERA' );
INSERT INTO equipamento ( modelo, nome, quantidade, marca, descricao, tipo )
	VALUES ( 'Neque delectus incidunt quas dolorem tempora.Eaque ', 'Marcelo Novaes', 630170, 'Ipsum quasi hic impedit op', 'Debitis architecto esse consectetur. Nemo id itaque voluptate. Placeat aut corporis reiciendis nulla perspiciatis. Fugiat repellat iure cupiditate. Voluptate unde possimus consequuntur ipsam', 'CAMERA' );
INSERT INTO equipamento ( modelo, nome, quantidade, marca, descricao, tipo )
	VALUES ( 'Sint suscipit nam provident exercitationem architecto. Dicta eu', 'Maria Julia Azevedo', 288174, 'Explicabo voluptates quam a', 'Labore rerum ipsam dicta veritatis nobis impedit. Facere cumque ratione in. Alias odio quia vero dicta quibusdam ex dolore. Nobis delectus praesentium illo dignissimos ea accusantium', 'SONORIZACAO' );

/* TABLE estruturacao */
INSERT INTO estruturacao ( id )
	VALUES ( 12 );
INSERT INTO estruturacao ( id )
	VALUES ( 7 );
INSERT INTO estruturacao ( id )
	VALUES ( 19 );
INSERT INTO estruturacao ( id )
	VALUES ( 8 );
INSERT INTO estruturacao ( id )
	VALUES ( 18 );
INSERT INTO estruturacao ( id )
	VALUES ( 6 );
INSERT INTO estruturacao ( id )
	VALUES ( 4 );
INSERT INTO estruturacao ( id )
	VALUES ( 16 );
INSERT INTO estruturacao ( id )
	VALUES ( 11 );
INSERT INTO estruturacao ( id )
	VALUES ( 14 );
INSERT INTO estruturacao ( id )
	VALUES ( 1 );
INSERT INTO estruturacao ( id )
	VALUES ( 10 );
INSERT INTO estruturacao ( id )
	VALUES ( 20 );
INSERT INTO estruturacao ( id )
	VALUES ( 17 );
INSERT INTO estruturacao ( id )
	VALUES ( 15 );
INSERT INTO estruturacao ( id )
	VALUES ( 9 );
INSERT INTO estruturacao ( id )
	VALUES ( 2 );
INSERT INTO estruturacao ( id )
	VALUES ( 5 );
INSERT INTO estruturacao ( id )
	VALUES ( 13 );
INSERT INTO estruturacao ( id )
	VALUES ( 3 );

/* TABLE drone */
INSERT INTO drone ( id, fonteAlimentacao, tempoMaxVoo, alcanceRemoto )
	VALUES ( 1, 'Laudantium voluptate deleniti voluptatibus dolor', 244908, 400940 );
INSERT INTO drone ( id, fonteAlimentacao, tempoMaxVoo, alcanceRemoto )
	VALUES ( 4, 'Voluptatibus architecto atque sunt cupidita', 344487, 612327 );
INSERT INTO drone ( id, fonteAlimentacao, tempoMaxVoo, alcanceRemoto )
	VALUES ( 6, 'Molestiae impedit fuga reiciendi', 107000, 132084 );
INSERT INTO drone ( id, fonteAlimentacao, tempoMaxVoo, alcanceRemoto )
	VALUES ( 13, 'Molestias asperiores aut ipsam. E', 517544, 418834 );
INSERT INTO drone ( id, fonteAlimentacao, tempoMaxVoo, alcanceRemoto )
	VALUES ( 18, 'Harum similique sequi numquam nam quidem quasi im', 497633, 484050 );
INSERT INTO drone ( id, fonteAlimentacao, tempoMaxVoo, alcanceRemoto )
	VALUES ( 2, 'Totam magnam illum. Saepe neque ', 260784, 601354 );
INSERT INTO drone ( id, fonteAlimentacao, tempoMaxVoo, alcanceRemoto )
	VALUES ( 10, 'Neque est beatae autem dignissimos dignissimos. Atque commodi se', 877527, 698384 );
INSERT INTO drone ( id, fonteAlimentacao, tempoMaxVoo, alcanceRemoto )
	VALUES ( 12, 'Tempore veritatis incidunt error facere. In quibusdam facilis ', 655043, 156719 );
INSERT INTO drone ( id, fonteAlimentacao, tempoMaxVoo, alcanceRemoto )
	VALUES ( 5, 'Sit modi ipsa molestiae eaque cumque. ', 877290, 515455 );
INSERT INTO drone ( id, fonteAlimentacao, tempoMaxVoo, alcanceRemoto )
	VALUES ( 15, 'Ipsum consequuntur consequatur quasi. Doloremque co', 545399, 651823 );
INSERT INTO drone ( id, fonteAlimentacao, tempoMaxVoo, alcanceRemoto )
	VALUES ( 3, 'Vero explicabo porro autem consequuntur reic', 826939, 156319 );
INSERT INTO drone ( id, fonteAlimentacao, tempoMaxVoo, alcanceRemoto )
	VALUES ( 8, 'Quibusdam ad laborum explicabo. Quasi ex om', 257187, 726878 );
INSERT INTO drone ( id, fonteAlimentacao, tempoMaxVoo, alcanceRemoto )
	VALUES ( 16, 'Consequuntur voluptatibus facilis rem exce', 438463, 364284 );
INSERT INTO drone ( id, fonteAlimentacao, tempoMaxVoo, alcanceRemoto )
	VALUES ( 9, 'Ut voluptatem id error facilis. Saep', 385663, 870684 );
INSERT INTO drone ( id, fonteAlimentacao, tempoMaxVoo, alcanceRemoto )
	VALUES ( 7, 'Ipsam hic iste dolore. Ipsam iure veritatis hic aliquam.Deserun', 843327, 669385 );
INSERT INTO drone ( id, fonteAlimentacao, tempoMaxVoo, alcanceRemoto )
	VALUES ( 14, 'Rem molestias dolorum illo itaque', 553496, 715639 );
INSERT INTO drone ( id, fonteAlimentacao, tempoMaxVoo, alcanceRemoto )
	VALUES ( 19, 'Ab nostrum ducimus saepe repellat aut ', 372778, 655484 );
INSERT INTO drone ( id, fonteAlimentacao, tempoMaxVoo, alcanceRemoto )
	VALUES ( 11, 'Excepturi eveniet maxime praesentium minima eaque. Nulla velit i', 462159, 657509 );
INSERT INTO drone ( id, fonteAlimentacao, tempoMaxVoo, alcanceRemoto )
	VALUES ( 20, 'Earum nulla non distinctio quisquam architecto adipisci. Numqua', 681792, 397318 );
INSERT INTO drone ( id, fonteAlimentacao, tempoMaxVoo, alcanceRemoto )
	VALUES ( 17, 'Tenetur mollitia hic sapiente perfere', 756427, 808757 );

/* TABLE sonorizacao */
INSERT INTO sonorizacao ( id, potencia, posseEise )
	VALUES ( 12, 355975, TRUE );
INSERT INTO sonorizacao ( id, potencia, posseEise )
	VALUES ( 1, 528512, FALSE );
INSERT INTO sonorizacao ( id, potencia, posseEise )
	VALUES ( 11, 677485, FALSE );
INSERT INTO sonorizacao ( id, potencia, posseEise )
	VALUES ( 5, 556816, TRUE );
INSERT INTO sonorizacao ( id, potencia, posseEise )
	VALUES ( 4, 442430, FALSE );
INSERT INTO sonorizacao ( id, potencia, posseEise )
	VALUES ( 14, 725131, TRUE );
INSERT INTO sonorizacao ( id, potencia, posseEise )
	VALUES ( 10, 422031, TRUE );
INSERT INTO sonorizacao ( id, potencia, posseEise )
	VALUES ( 2, 262322, FALSE );
INSERT INTO sonorizacao ( id, potencia, posseEise )
	VALUES ( 6, 468619, TRUE );
INSERT INTO sonorizacao ( id, potencia, posseEise )
	VALUES ( 19, 407080, FALSE );
INSERT INTO sonorizacao ( id, potencia, posseEise )
	VALUES ( 13, 277365, FALSE );
INSERT INTO sonorizacao ( id, potencia, posseEise )
	VALUES ( 17, 714701, FALSE );
INSERT INTO sonorizacao ( id, potencia, posseEise )
	VALUES ( 3, 353332, TRUE );
INSERT INTO sonorizacao ( id, potencia, posseEise )
	VALUES ( 20, 876147, FALSE );
INSERT INTO sonorizacao ( id, potencia, posseEise )
	VALUES ( 16, 752529, TRUE );
INSERT INTO sonorizacao ( id, potencia, posseEise )
	VALUES ( 7, 613799, TRUE );
INSERT INTO sonorizacao ( id, potencia, posseEise )
	VALUES ( 18, 758502, FALSE );
INSERT INTO sonorizacao ( id, potencia, posseEise )
	VALUES ( 8, 531323, FALSE );
INSERT INTO sonorizacao ( id, potencia, posseEise )
	VALUES ( 15, 537108, TRUE );
INSERT INTO sonorizacao ( id, potencia, posseEise )
	VALUES ( 9, 829446, TRUE );

/* TABLE camera */
INSERT INTO camera ( id, fonteAlimentacao, certificacaoIP, resistenteQueda, visaoNoturna, zoomLongoAlcance, estabilizadorImagem, conectividade )
	VALUES ( 20, 'Est facilis cum at non perspiciatis culpa. Magni dolo', 'IP25u', FALSE, FALSE, TRUE, FALSE, 'Numquam eum explicabo aliquid culpa liber' );
INSERT INTO camera ( id, fonteAlimentacao, certificacaoIP, resistenteQueda, visaoNoturna, zoomLongoAlcance, estabilizadorImagem, conectividade )
	VALUES ( 12, 'Animi fugit iure voluptatem non volupt', 'IP355', TRUE, TRUE, FALSE, TRUE, 'Incidunt voluptatem quia unde ipsum dol' );
INSERT INTO camera ( id, fonteAlimentacao, certificacaoIP, resistenteQueda, visaoNoturna, zoomLongoAlcance, estabilizadorImagem, conectividade )
	VALUES ( 11, 'Autem quasi qui voluptates. Dolo', 'IP158l', FALSE, FALSE, TRUE, TRUE, 'Aperiam saepe ullam voluptatum numquam sint nobis. N' );
INSERT INTO camera ( id, fonteAlimentacao, certificacaoIP, resistenteQueda, visaoNoturna, zoomLongoAlcance, estabilizadorImagem, conectividade )
	VALUES ( 7, 'Voluptatem debitis delectus esse ut. D', 'IP083o', TRUE, FALSE, TRUE, FALSE, 'Ducimus libero ipsam dignissimos soluta quos. Sapient' );
INSERT INTO camera ( id, fonteAlimentacao, certificacaoIP, resistenteQueda, visaoNoturna, zoomLongoAlcance, estabilizadorImagem, conectividade )
	VALUES ( 17, 'Fugiat in dignissimos vitae molestiae quidem', 'IP773W', FALSE, FALSE, FALSE, TRUE, 'Inventore similique aut alias explicabo. Officia atqu' );
INSERT INTO camera ( id, fonteAlimentacao, certificacaoIP, resistenteQueda, visaoNoturna, zoomLongoAlcance, estabilizadorImagem, conectividade )
	VALUES ( 16, 'Officiis ipsum suscipit. Neque ad laudan', 'IP70x', TRUE, FALSE, FALSE, FALSE, 'Porro reiciendis maiores soluta deleniti. ' );
INSERT INTO camera ( id, fonteAlimentacao, certificacaoIP, resistenteQueda, visaoNoturna, zoomLongoAlcance, estabilizadorImagem, conectividade )
	VALUES ( 1, 'Aut nulla repudiandae culpa optio omnis mollitia.', 'IP33', FALSE, TRUE, TRUE, FALSE, 'Reprehenderit doloremque hic nulla' );
INSERT INTO camera ( id, fonteAlimentacao, certificacaoIP, resistenteQueda, visaoNoturna, zoomLongoAlcance, estabilizadorImagem, conectividade )
	VALUES ( 9, 'Esse dignissimos eaque quos odit eos. At natus ipsum.', 'IP31', TRUE, TRUE, TRUE, FALSE, 'Exercitationem debitis pariatur id dolore eaque animi. Op' );
INSERT INTO camera ( id, fonteAlimentacao, certificacaoIP, resistenteQueda, visaoNoturna, zoomLongoAlcance, estabilizadorImagem, conectividade )
	VALUES ( 6, 'Odio modi nisi debitis incidunt s', 'IP364g', FALSE, FALSE, TRUE, TRUE, 'Occaecati nesciunt sunt minima. Nulla ' );
INSERT INTO camera ( id, fonteAlimentacao, certificacaoIP, resistenteQueda, visaoNoturna, zoomLongoAlcance, estabilizadorImagem, conectividade )
	VALUES ( 15, 'Harum eligendi rem omnis assumenda consequatur.Tempor', 'IP35I', FALSE, TRUE, TRUE, TRUE, 'Quibusdam ipsa dolorum aperiam id facere' );
INSERT INTO camera ( id, fonteAlimentacao, certificacaoIP, resistenteQueda, visaoNoturna, zoomLongoAlcance, estabilizadorImagem, conectividade )
	VALUES ( 10, 'Ad dolor asperiores excepturi laboriosam.Necessitat', 'IP916', TRUE, TRUE, FALSE, TRUE, 'Omnis explicabo quo iusto doloremqu' );
INSERT INTO camera ( id, fonteAlimentacao, certificacaoIP, resistenteQueda, visaoNoturna, zoomLongoAlcance, estabilizadorImagem, conectividade )
	VALUES ( 8, 'Assumenda adipisci nisi beatae ducimus. Aut cum autem ipsam ips', 'IP339', TRUE, FALSE, FALSE, TRUE, 'Debitis saepe laboriosam quasi rem non adipisci. Sint asper' );
INSERT INTO camera ( id, fonteAlimentacao, certificacaoIP, resistenteQueda, visaoNoturna, zoomLongoAlcance, estabilizadorImagem, conectividade )
	VALUES ( 13, 'Iusto nulla blanditiis corrupti nam accusantium voluptatum. Nam ', 'IP405', FALSE, TRUE, TRUE, FALSE, 'Laudantium quisquam possimus eius.Exercitationem ' );
INSERT INTO camera ( id, fonteAlimentacao, certificacaoIP, resistenteQueda, visaoNoturna, zoomLongoAlcance, estabilizadorImagem, conectividade )
	VALUES ( 18, 'Tempore commodi nobis voluptatem. S', 'IP65', FALSE, FALSE, FALSE, FALSE, 'Reprehenderit aut animi impedit vol' );
INSERT INTO camera ( id, fonteAlimentacao, certificacaoIP, resistenteQueda, visaoNoturna, zoomLongoAlcance, estabilizadorImagem, conectividade )
	VALUES ( 14, 'Exercitationem voluptates earum qui enim rep', 'IP839R', TRUE, FALSE, FALSE, TRUE, 'Repellendus fugit deleniti nemo. Tempora facer' );
INSERT INTO camera ( id, fonteAlimentacao, certificacaoIP, resistenteQueda, visaoNoturna, zoomLongoAlcance, estabilizadorImagem, conectividade )
	VALUES ( 4, 'Esse vero dicta veniam. Quas iusto unde veniam id distinctio om', 'IP253B', FALSE, TRUE, FALSE, FALSE, 'Soluta ea quis recusandae blanditiis. Quo ipsa ' );
INSERT INTO camera ( id, fonteAlimentacao, certificacaoIP, resistenteQueda, visaoNoturna, zoomLongoAlcance, estabilizadorImagem, conectividade )
	VALUES ( 19, 'Sed tempora ducimus illo. Enim rem ', 'IP857', TRUE, TRUE, FALSE, TRUE, 'Pariatur ducimus ad quo soluta maxime tempore. Hic' );
INSERT INTO camera ( id, fonteAlimentacao, certificacaoIP, resistenteQueda, visaoNoturna, zoomLongoAlcance, estabilizadorImagem, conectividade )
	VALUES ( 2, 'Praesentium animi sequi dignissimos vol', 'IP776', TRUE, TRUE, FALSE, TRUE, 'Voluptates fugit reprehenderit libero dolorem soluta.' );
INSERT INTO camera ( id, fonteAlimentacao, certificacaoIP, resistenteQueda, visaoNoturna, zoomLongoAlcance, estabilizadorImagem, conectividade )
	VALUES ( 5, 'Suscipit nobis ea voluptates odit. Aspernatur provident cumqu', 'IP84Q', FALSE, FALSE, TRUE, FALSE, 'Porro quibusdam architecto nesciunt error molest' );
INSERT INTO camera ( id, fonteAlimentacao, certificacaoIP, resistenteQueda, visaoNoturna, zoomLongoAlcance, estabilizadorImagem, conectividade )
	VALUES ( 3, 'Qui ab dolores.Quas quibusdam maiores rem itaque. Cor', 'IP75v', TRUE, TRUE, FALSE, TRUE, 'Repellendus nihil voluptatibus voluptate. Fugit provident numqua' );

/* TABLE registros */
INSERT INTO registros ( idDrone, registro )
	VALUES ( 7, 'Aut quide' );
INSERT INTO registros ( idDrone, registro )
	VALUES ( 3, 'Facere vi' );
INSERT INTO registros ( idDrone, registro )
	VALUES ( 17, 'Culpa ali' );
INSERT INTO registros ( idDrone, registro )
	VALUES ( 15, 'Quam quae' );
INSERT INTO registros ( idDrone, registro )
	VALUES ( 17, 'Esse illo' );
INSERT INTO registros ( idDrone, registro )
	VALUES ( 7, 'Nemo nobi' );
INSERT INTO registros ( idDrone, registro )
	VALUES ( 1, 'Numquam e' );
INSERT INTO registros ( idDrone, registro )
	VALUES ( 1, 'Iste offi' );
INSERT INTO registros ( idDrone, registro )
	VALUES ( 7, 'Quaerat q' );
INSERT INTO registros ( idDrone, registro )
	VALUES ( 2, 'Perspicia' );
INSERT INTO registros ( idDrone, registro )
	VALUES ( 11, 'Iure sequ' );
INSERT INTO registros ( idDrone, registro )
	VALUES ( 7, 'Ab laudan' );
INSERT INTO registros ( idDrone, registro )
	VALUES ( 13, 'Minima vo' );
INSERT INTO registros ( idDrone, registro )
	VALUES ( 9, 'Sit excep' );
INSERT INTO registros ( idDrone, registro )
	VALUES ( 11, 'Sunt ulla' );
INSERT INTO registros ( idDrone, registro )
	VALUES ( 18, 'Sequi dic' );
INSERT INTO registros ( idDrone, registro )
	VALUES ( 8, 'Quod nam ' );
INSERT INTO registros ( idDrone, registro )
	VALUES ( 15, 'Impedit i' );
INSERT INTO registros ( idDrone, registro )
	VALUES ( 14, 'Quo commo' );
INSERT INTO registros ( idDrone, registro )
	VALUES ( 12, 'Reiciendi' );

/* TABLE cameraAerea */
INSERT INTO cameraAerea ( camera, drone, data, quantidade )
	VALUES ( 5, 7, to_date ('2002-05-20', 'YYYY-MM-DD'), 445484 );
INSERT INTO cameraAerea ( camera, drone, data, quantidade )
	VALUES ( 13, 2, to_date ('2006-06-20', 'YYYY-MM-DD'), 308871 );
INSERT INTO cameraAerea ( camera, drone, data, quantidade )
	VALUES ( 9, 3, to_date ('2005-02-13', 'YYYY-MM-DD'), 551096 );
INSERT INTO cameraAerea ( camera, drone, data, quantidade )
	VALUES ( 11, 17, to_date ('2001-03-28', 'YYYY-MM-DD'), 816462 );
INSERT INTO cameraAerea ( camera, drone, data, quantidade )
	VALUES ( 4, 4, to_date ('2007-10-29', 'YYYY-MM-DD'), 470965 );
INSERT INTO cameraAerea ( camera, drone, data, quantidade )
	VALUES ( 4, 15, to_date ('2014-11-21', 'YYYY-MM-DD'), 785455 );
INSERT INTO cameraAerea ( camera, drone, data, quantidade )
	VALUES ( 14, 14, to_date ('2014-05-08', 'YYYY-MM-DD'), 137945 );
INSERT INTO cameraAerea ( camera, drone, data, quantidade )
	VALUES ( 20, 18, to_date ('2016-04-28', 'YYYY-MM-DD'), 681816 );
INSERT INTO cameraAerea ( camera, drone, data, quantidade )
	VALUES ( 13, 14, to_date ('2001-10-09', 'YYYY-MM-DD'), 105118 );
INSERT INTO cameraAerea ( camera, drone, data, quantidade )
	VALUES ( 6, 19, to_date ('2011-01-11', 'YYYY-MM-DD'), 250620 );
INSERT INTO cameraAerea ( camera, drone, data, quantidade )
	VALUES ( 2, 19, to_date ('2015-08-16', 'YYYY-MM-DD'), 125378 );
INSERT INTO cameraAerea ( camera, drone, data, quantidade )
	VALUES ( 18, 4, to_date ('2006-10-26', 'YYYY-MM-DD'), 882158 );
INSERT INTO cameraAerea ( camera, drone, data, quantidade )
	VALUES ( 8, 2, to_date ('2016-03-16', 'YYYY-MM-DD'), 896617 );
INSERT INTO cameraAerea ( camera, drone, data, quantidade )
	VALUES ( 7, 1, to_date ('2004-07-21', 'YYYY-MM-DD'), 154966 );
INSERT INTO cameraAerea ( camera, drone, data, quantidade )
	VALUES ( 8, 14, to_date ('2004-05-11', 'YYYY-MM-DD'), 136612 );
INSERT INTO cameraAerea ( camera, drone, data, quantidade )
	VALUES ( 10, 8, to_date ('2003-10-13', 'YYYY-MM-DD'), 611680 );
INSERT INTO cameraAerea ( camera, drone, data, quantidade )
	VALUES ( 13, 5, to_date ('2012-07-05', 'YYYY-MM-DD'), 388528 );
INSERT INTO cameraAerea ( camera, drone, data, quantidade )
	VALUES ( 10, 20, to_date ('2012-01-09', 'YYYY-MM-DD'), 282095 );
INSERT INTO cameraAerea ( camera, drone, data, quantidade )
	VALUES ( 11, 17, to_date ('2011-02-16', 'YYYY-MM-DD'), 719458 );
INSERT INTO cameraAerea ( camera, drone, data, quantidade )
	VALUES ( 19, 13, to_date ('2013-01-25', 'YYYY-MM-DD'), 538102 );

/* TABLE musico */
INSERT INTO musico ( cpf, nome )
	VALUES ( '765.212.884-85', 'Larissa Costa' );
INSERT INTO musico ( cpf, nome )
	VALUES ( '420.228.661-02', 'Luiz Otávio Barros' );
INSERT INTO musico ( cpf, nome )
	VALUES ( '035.225.521-15', 'Marcelo Freitas' );
INSERT INTO musico ( cpf, nome )
	VALUES ( '951.729.873-97', 'Luiza Lopes' );
INSERT INTO musico ( cpf, nome )
	VALUES ( '697.147.156-71', 'Maria Moura' );
INSERT INTO musico ( cpf, nome )
	VALUES ( '027.002.358-55', 'Lorena Rodrigues' );
INSERT INTO musico ( cpf, nome )
	VALUES ( '998.518.085-96', 'Thomas Ferreira' );
INSERT INTO musico ( cpf, nome )
	VALUES ( '728.950.977-42', 'Pietra Porto' );
INSERT INTO musico ( cpf, nome )
	VALUES ( '393.321.904-28', 'Pietra Lopes' );
INSERT INTO musico ( cpf, nome )
	VALUES ( '428.740.926-94', 'Sarah da Rocha' );
INSERT INTO musico ( cpf, nome )
	VALUES ( '759.400.063-09', 'Joana Silveira' );
INSERT INTO musico ( cpf, nome )
	VALUES ( '196.253.812-83', 'Dr. Erick da Paz' );
INSERT INTO musico ( cpf, nome )
	VALUES ( '322.314.233-61', 'Carolina Cardoso' );
INSERT INTO musico ( cpf, nome )
	VALUES ( '729.984.047-24', 'Lucas Gabriel da Mota' );
INSERT INTO musico ( cpf, nome )
	VALUES ( '941.908.048-87', 'Emanuella Cunha' );
INSERT INTO musico ( cpf, nome )
	VALUES ( '828.650.309-00', 'Lívia Silva' );
INSERT INTO musico ( cpf, nome )
	VALUES ( '311.641.002-82', 'Olivia Monteiro' );
INSERT INTO musico ( cpf, nome )
	VALUES ( '126.986.914-21', 'Samuel Rocha' );
INSERT INTO musico ( cpf, nome )
	VALUES ( '251.493.834-29', 'Natália Novaes' );
INSERT INTO musico ( cpf, nome )
	VALUES ( '160.266.760-65', 'Yago Carvalho' );

/* TABLE banda */
/* NULL INSERTION FOR ATTRIBUTEestiloMusicalAT TABLEbanda */
INSERT INTO banda ( nome, dataCriacao, estiloMusical, tipo )
	VALUES ( 'Danilo Costela', to_date ('2013-05-02', 'YYYY-MM-DD'), NULL, 'PARTICULAR' );
INSERT INTO banda ( nome, dataCriacao, estiloMusical, tipo )
	VALUES ( 'Dr. Guilherme Cardoso,', to_date ('2009-01-21', 'YYYY-MM-DD'), 'Assumenda facere iure beatae accusamus excepturi. Tenetur te', 'CONTRATADA' );
INSERT INTO banda ( nome, dataCriacao, estiloMusical, tipo )
	VALUES ( 'Enrico Cardoso,', to_date ('2016-12-28', 'YYYY-MM-DD'), 'Quod temporibus aperiam veritatis asperiores perspic', 'PARTICULAR' );
INSERT INTO banda ( nome, dataCriacao, estiloMusical, tipo )
	VALUES ( 'Lorena Vieira', to_date ('2003-10-28', 'YYYY-MM-DD'), 'Architecto odio corrupti unde. Sunt dolor atque a', 'PARTICULAR' );
INSERT INTO banda ( nome, dataCriacao, estiloMusical, tipo )
	VALUES ( 'Joaquim da Mata', to_date ('2005-03-12', 'YYYY-MM-DD'), 'Quam hic dolores nostrum nisi consequuntur. Ten', 'CONTRATADA' );
INSERT INTO banda ( nome, dataCriacao, estiloMusical, tipo )
	VALUES ( 'Clarice Araújo', to_date ('2000-05-04', 'YYYY-MM-DD'), 'Quod vitae incidunt. Molestias eum ', 'PARTICULAR' );
INSERT INTO banda ( nome, dataCriacao, estiloMusical, tipo )
	VALUES ( 'Sr. Vitor Cavalcanti', to_date ('2015-12-25', 'YYYY-MM-DD'), 'Reprehenderit voluptates minima exercitationem. Officia saepe ', 'PARTICULAR' );
INSERT INTO banda ( nome, dataCriacao, estiloMusical, tipo )
	VALUES ( 'Esther Martins', to_date ('2011-05-05', 'YYYY-MM-DD'), 'Blanditiis tenetur sint cumque m', 'CONTRATADA' );
INSERT INTO banda ( nome, dataCriacao, estiloMusical, tipo )
	VALUES ( 'Dr. Enzo Gabriel Silva', to_date ('2016-10-17', 'YYYY-MM-DD'), 'Dolor expedita amet.Eligendi dignissimos consequuntur sed temp', 'PARTICULAR' );
INSERT INTO banda ( nome, dataCriacao, estiloMusical, tipo )
	VALUES ( 'Dr. Pedro Barbosa', to_date ('2011-12-19', 'YYYY-MM-DD'), 'Amet fugit fuga sit maxime asperiores. Dolorem numquam ', 'PARTICULAR' );
INSERT INTO banda ( nome, dataCriacao, estiloMusical, tipo )
	VALUES ( 'Dra. Lavínia Lopes', to_date ('2015-09-03', 'YYYY-MM-DD'), 'Iste quaerat similique officiis autem expedi', 'PARTICULAR' );
INSERT INTO banda ( nome, dataCriacao, estiloMusical, tipo )
	VALUES ( 'Ana Luiza Jesus', to_date ('2006-11-13', 'YYYY-MM-DD'), 'Vitae minus tempore reprehenderit consequuntur iste impedit ni', 'CONTRATADA' );
INSERT INTO banda ( nome, dataCriacao, estiloMusical, tipo )
	VALUES ( 'Erick Teixeira', to_date ('2012-03-27', 'YYYY-MM-DD'), 'Dicta laboriosam sequi nostrum veniam. Porro repel', 'PARTICULAR' );
INSERT INTO banda ( nome, dataCriacao, estiloMusical, tipo )
	VALUES ( 'João Lucas Duarte', to_date ('2005-01-15', 'YYYY-MM-DD'), 'Dolorem harum rerum quas optio. ', 'CONTRATADA' );
INSERT INTO banda ( nome, dataCriacao, estiloMusical, tipo )
	VALUES ( 'Antônio da Cruz', to_date ('2006-09-09', 'YYYY-MM-DD'), 'Sit iure aspernatur illum sunt ad. Fugit ma', 'CONTRATADA' );
INSERT INTO banda ( nome, dataCriacao, estiloMusical, tipo )
	VALUES ( 'Bianca Silveira', to_date ('2008-08-14', 'YYYY-MM-DD'), 'Voluptatibus quidem consectetur ', 'CONTRATADA' );
INSERT INTO banda ( nome, dataCriacao, estiloMusical, tipo )
	VALUES ( 'Rafaela da Cunha', to_date ('2001-01-11', 'YYYY-MM-DD'), 'Hic ratione vero voluptatibus nesciunt alia', 'PARTICULAR' );
INSERT INTO banda ( nome, dataCriacao, estiloMusical, tipo )
	VALUES ( 'Maria Eduarda Silveira', to_date ('2011-11-23', 'YYYY-MM-DD'), 'Omnis doloribus nam voluptatum aut. Quibus', 'PARTICULAR' );
INSERT INTO banda ( nome, dataCriacao, estiloMusical, tipo )
	VALUES ( 'Clara Freitas', to_date ('2010-09-12', 'YYYY-MM-DD'), 'Suscipit ducimus enim voluptate ratione', 'PARTICULAR' );
INSERT INTO banda ( nome, dataCriacao, estiloMusical, tipo )
	VALUES ( 'Marina Carvalho', to_date ('2001-02-18', 'YYYY-MM-DD'), 'Dolor odio laboriosam doloribus reiciendis quasi delectus no', 'CONTRATADA' );
INSERT INTO banda ( nome, dataCriacao, estiloMusical, tipo )
	VALUES ( 'Heitor Costela', to_date ('2009-09-14', 'YYYY-MM-DD'), 'Necessitatibus cumque alias animi', 'CONTRATADA' );

/* TABLE compoe */
INSERT INTO compoe ( cpfMusico, nomeBanda, dataCriacaoBanda )
	VALUES ( '729.984.047-24', 'Dr. Guilherme Cardoso,', to_date ('2009-01-21', 'YYYY-MM-DD') );
INSERT INTO compoe ( cpfMusico, nomeBanda, dataCriacaoBanda )
	VALUES ( '126.986.914-21', 'Erick Teixeira', to_date ('2012-03-27', 'YYYY-MM-DD') );
INSERT INTO compoe ( cpfMusico, nomeBanda, dataCriacaoBanda )
	VALUES ( '728.950.977-42', 'Sr. Vitor Cavalcanti', to_date ('2015-12-25', 'YYYY-MM-DD') );
INSERT INTO compoe ( cpfMusico, nomeBanda, dataCriacaoBanda )
	VALUES ( '311.641.002-82', 'Joaquim da Mata', to_date ('2005-03-12', 'YYYY-MM-DD') );
INSERT INTO compoe ( cpfMusico, nomeBanda, dataCriacaoBanda )
	VALUES ( '160.266.760-65', 'Rafaela da Cunha', to_date ('2001-01-11', 'YYYY-MM-DD') );
INSERT INTO compoe ( cpfMusico, nomeBanda, dataCriacaoBanda )
	VALUES ( '941.908.048-87', 'João Lucas Duarte', to_date ('2005-01-15', 'YYYY-MM-DD') );
INSERT INTO compoe ( cpfMusico, nomeBanda, dataCriacaoBanda )
	VALUES ( '428.740.926-94', 'Heitor Costela', to_date ('2009-09-14', 'YYYY-MM-DD') );
INSERT INTO compoe ( cpfMusico, nomeBanda, dataCriacaoBanda )
	VALUES ( '393.321.904-28', 'João Lucas Duarte', to_date ('2005-01-15', 'YYYY-MM-DD') );
INSERT INTO compoe ( cpfMusico, nomeBanda, dataCriacaoBanda )
	VALUES ( '828.650.309-00', 'Joaquim da Mata', to_date ('2005-03-12', 'YYYY-MM-DD') );
INSERT INTO compoe ( cpfMusico, nomeBanda, dataCriacaoBanda )
	VALUES ( '126.986.914-21', 'Clarice Araújo', to_date ('2000-05-04', 'YYYY-MM-DD') );
INSERT INTO compoe ( cpfMusico, nomeBanda, dataCriacaoBanda )
	VALUES ( '729.984.047-24', 'Marina Carvalho', to_date ('2001-02-18', 'YYYY-MM-DD') );
INSERT INTO compoe ( cpfMusico, nomeBanda, dataCriacaoBanda )
	VALUES ( '998.518.085-96', 'Erick Teixeira', to_date ('2012-03-27', 'YYYY-MM-DD') );
INSERT INTO compoe ( cpfMusico, nomeBanda, dataCriacaoBanda )
	VALUES ( '729.984.047-24', 'Dr. Pedro Barbosa', to_date ('2011-12-19', 'YYYY-MM-DD') );
INSERT INTO compoe ( cpfMusico, nomeBanda, dataCriacaoBanda )
	VALUES ( '251.493.834-29', 'Rafaela da Cunha', to_date ('2001-01-11', 'YYYY-MM-DD') );
INSERT INTO compoe ( cpfMusico, nomeBanda, dataCriacaoBanda )
	VALUES ( '428.740.926-94', 'Bianca Silveira', to_date ('2008-08-14', 'YYYY-MM-DD') );
INSERT INTO compoe ( cpfMusico, nomeBanda, dataCriacaoBanda )
	VALUES ( '393.321.904-28', 'Maria Eduarda Silveira', to_date ('2011-11-23', 'YYYY-MM-DD') );
INSERT INTO compoe ( cpfMusico, nomeBanda, dataCriacaoBanda )
	VALUES ( '251.493.834-29', 'Esther Martins', to_date ('2011-05-05', 'YYYY-MM-DD') );
INSERT INTO compoe ( cpfMusico, nomeBanda, dataCriacaoBanda )
	VALUES ( '765.212.884-85', 'Erick Teixeira', to_date ('2012-03-27', 'YYYY-MM-DD') );
INSERT INTO compoe ( cpfMusico, nomeBanda, dataCriacaoBanda )
	VALUES ( '393.321.904-28', 'Clara Freitas', to_date ('2010-09-12', 'YYYY-MM-DD') );
INSERT INTO compoe ( cpfMusico, nomeBanda, dataCriacaoBanda )
	VALUES ( '420.228.661-02', 'Dra. Lavínia Lopes', to_date ('2015-09-03', 'YYYY-MM-DD') );

/* TABLE festaNoCruzeiro */
/* NULL INSERTION FOR ATTRIBUTEnumeroConvidadosAT TABLEfestaNoCruzeiro */
INSERT INTO festaNoCruzeiro ( IMO, dataInicio, dataFim, numeroConvidados, nome )
	VALUES ( 301240, to_date ('2007-06-19', 'YYYY-MM-DD'), to_date ('2004-11-02', 'YYYY-MM-DD'), NULL, 'Ana Clara Lima' );
INSERT INTO festaNoCruzeiro ( IMO, dataInicio, dataFim, numeroConvidados, nome )
	VALUES ( 834515, to_date ('2010-10-30', 'YYYY-MM-DD'), to_date ('2014-11-06', 'YYYY-MM-DD'), 553179, 'Cauê FariasFernandes' );
INSERT INTO festaNoCruzeiro ( IMO, dataInicio, dataFim, numeroConvidados, nome )
	VALUES ( 273028, to_date ('2009-03-07', 'YYYY-MM-DD'), to_date ('2006-09-07', 'YYYY-MM-DD'), 658702, 'Gabrielly Carvalho' );
INSERT INTO festaNoCruzeiro ( IMO, dataInicio, dataFim, numeroConvidados, nome )
	VALUES ( 482129, to_date ('2002-06-14', 'YYYY-MM-DD'), to_date ('2018-02-14', 'YYYY-MM-DD'), 551049, 'Pedro Henrique da Luz' );
INSERT INTO festaNoCruzeiro ( IMO, dataInicio, dataFim, numeroConvidados, nome )
	VALUES ( 849532, to_date ('2010-02-05', 'YYYY-MM-DD'), to_date ('2003-11-01', 'YYYY-MM-DD'), 243288, 'Camila FariasFernandes' );
INSERT INTO festaNoCruzeiro ( IMO, dataInicio, dataFim, numeroConvidados, nome )
	VALUES ( 887279, to_date ('2011-01-17', 'YYYY-MM-DD'), to_date ('2014-05-06', 'YYYY-MM-DD'), 780812, 'Isadora Dias' );
INSERT INTO festaNoCruzeiro ( IMO, dataInicio, dataFim, numeroConvidados, nome )
	VALUES ( 119408, to_date ('2002-01-09', 'YYYY-MM-DD'), to_date ('2009-02-23', 'YYYY-MM-DD'), 658815, 'Maria Julia Peixoto' );
INSERT INTO festaNoCruzeiro ( IMO, dataInicio, dataFim, numeroConvidados, nome )
	VALUES ( 461870, to_date ('2008-03-21', 'YYYY-MM-DD'), to_date ('2018-08-11', 'YYYY-MM-DD'), 414015, 'Manuela Novaes' );
INSERT INTO festaNoCruzeiro ( IMO, dataInicio, dataFim, numeroConvidados, nome )
	VALUES ( 114105, to_date ('2007-06-08', 'YYYY-MM-DD'), to_date ('2000-07-20', 'YYYY-MM-DD'), 329101, 'Felipe Viana' );
INSERT INTO festaNoCruzeiro ( IMO, dataInicio, dataFim, numeroConvidados, nome )
	VALUES ( 429552, to_date ('2016-05-05', 'YYYY-MM-DD'), to_date ('2005-02-13', 'YYYY-MM-DD'), 895524, 'Rebeca Ferreira' );
INSERT INTO festaNoCruzeiro ( IMO, dataInicio, dataFim, numeroConvidados, nome )
	VALUES ( 586721, to_date ('2009-11-23', 'YYYY-MM-DD'), to_date ('2006-03-09', 'YYYY-MM-DD'), 877779, 'Sofia Cardoso' );
INSERT INTO festaNoCruzeiro ( IMO, dataInicio, dataFim, numeroConvidados, nome )
	VALUES ( 299505, to_date ('2008-01-19', 'YYYY-MM-DD'), to_date ('2014-10-23', 'YYYY-MM-DD'), 548158, 'Enzo Moreira' );
INSERT INTO festaNoCruzeiro ( IMO, dataInicio, dataFim, numeroConvidados, nome )
	VALUES ( 690434, to_date ('2005-05-14', 'YYYY-MM-DD'), to_date ('2004-09-02', 'YYYY-MM-DD'), 507193, 'Maria Fernanda Dias' );
INSERT INTO festaNoCruzeiro ( IMO, dataInicio, dataFim, numeroConvidados, nome )
	VALUES ( 249205, to_date ('2000-06-16', 'YYYY-MM-DD'), to_date ('2010-10-04', 'YYYY-MM-DD'), 753053, 'Dra. Brenda da Mata' );
INSERT INTO festaNoCruzeiro ( IMO, dataInicio, dataFim, numeroConvidados, nome )
	VALUES ( 219484, to_date ('2016-10-07', 'YYYY-MM-DD'), to_date ('2008-03-06', 'YYYY-MM-DD'), 526857, 'Maria Clara Castro' );
INSERT INTO festaNoCruzeiro ( IMO, dataInicio, dataFim, numeroConvidados, nome )
	VALUES ( 647055, to_date ('2005-04-25', 'YYYY-MM-DD'), to_date ('2014-09-08', 'YYYY-MM-DD'), 750296, 'Luiz Fernando Freitas' );
INSERT INTO festaNoCruzeiro ( IMO, dataInicio, dataFim, numeroConvidados, nome )
	VALUES ( 114861, to_date ('2008-04-19', 'YYYY-MM-DD'), to_date ('2011-06-23', 'YYYY-MM-DD'), 633217, 'Sabrina Dias' );
INSERT INTO festaNoCruzeiro ( IMO, dataInicio, dataFim, numeroConvidados, nome )
	VALUES ( 544029, to_date ('2016-04-12', 'YYYY-MM-DD'), to_date ('2005-09-12', 'YYYY-MM-DD'), 160785, 'Eduarda Mendes' );
INSERT INTO festaNoCruzeiro ( IMO, dataInicio, dataFim, numeroConvidados, nome )
	VALUES ( 751882, to_date ('2016-11-19', 'YYYY-MM-DD'), to_date ('2000-04-25', 'YYYY-MM-DD'), 684500, 'Paulo Ramos' );
INSERT INTO festaNoCruzeiro ( IMO, dataInicio, dataFim, numeroConvidados, nome )
	VALUES ( 287285, to_date ('2008-12-05', 'YYYY-MM-DD'), to_date ('2008-11-09', 'YYYY-MM-DD'), 825662, 'Bárbara Peixoto' );
INSERT INTO festaNoCruzeiro ( IMO, dataInicio, dataFim, numeroConvidados, nome )
	VALUES ( 208089, to_date ('2013-01-14', 'YYYY-MM-DD'), to_date ('2004-04-18', 'YYYY-MM-DD'), 803660, 'Ana Carolina da Mata' );

/* TABLE locaisCruzeiro */
INSERT INTO locaisCruzeiro ( IMO, dataFesta, local )
	VALUES ( 429552, to_date ('2016-05-05', 'YYYY-MM-DD'), 'Sapiente quis atque sit.Delectus officiis vel. Necessitatibus aliquam quis enim nemo. Ipsa officia qui harum ducimus.' );
INSERT INTO locaisCruzeiro ( IMO, dataFesta, local )
	VALUES ( 249205, to_date ('2000-06-16', 'YYYY-MM-DD'), 'Voluptatem unde vel. Est tenetur ipsa quaerat officia consectetur d' );
INSERT INTO locaisCruzeiro ( IMO, dataFesta, local )
	VALUES ( 273028, to_date ('2009-03-07', 'YYYY-MM-DD'), 'Fuga illum hic possimus vitae eveniet aliquid. Suscipit quia error repellendus.' );
INSERT INTO locaisCruzeiro ( IMO, dataFesta, local )
	VALUES ( 690434, to_date ('2005-05-14', 'YYYY-MM-DD'), 'Cum expedita deleniti laboriosam enim. Repellendus dicta id. Recusandae harum dolorum beatae earum vero.' );
INSERT INTO locaisCruzeiro ( IMO, dataFesta, local )
	VALUES ( 114105, to_date ('2007-06-08', 'YYYY-MM-DD'), 'Fugit exercitationem quae. Non voluptatibus esse dolorum tenetur perferendis.' );
INSERT INTO locaisCruzeiro ( IMO, dataFesta, local )
	VALUES ( 461870, to_date ('2008-03-21', 'YYYY-MM-DD'), 'Suscipit at assumenda laboriosam occaecati. Harum totam totam maiores sunt. Modi reici' );
INSERT INTO locaisCruzeiro ( IMO, dataFesta, local )
	VALUES ( 887279, to_date ('2011-01-17', 'YYYY-MM-DD'), 'Harum doloremque voluptatibus vitae itaque. Magnam doloribus praesentium sed nisi est n' );
INSERT INTO locaisCruzeiro ( IMO, dataFesta, local )
	VALUES ( 287285, to_date ('2008-12-05', 'YYYY-MM-DD'), 'Ratione fugit maiores quis. Unde at natus corporis quibusdam expedita dolore' );
INSERT INTO locaisCruzeiro ( IMO, dataFesta, local )
	VALUES ( 544029, to_date ('2016-04-12', 'YYYY-MM-DD'), 'Debitis aut possimus. Eius quae illum ex alias magni amet. Magni dol' );
INSERT INTO locaisCruzeiro ( IMO, dataFesta, local )
	VALUES ( 834515, to_date ('2010-10-30', 'YYYY-MM-DD'), 'Nemo voluptates dignissimos corporis. Maxime iusto repudiandae volup' );
INSERT INTO locaisCruzeiro ( IMO, dataFesta, local )
	VALUES ( 299505, to_date ('2008-01-19', 'YYYY-MM-DD'), 'Ipsum quod odit aliquid cupiditate nisi. Quod veniam doloribus cum. Aliquid odio dolorum alias exer' );
INSERT INTO locaisCruzeiro ( IMO, dataFesta, local )
	VALUES ( 219484, to_date ('2016-10-07', 'YYYY-MM-DD'), 'Neque voluptatem molestias ab.Atque laudantium ipsum ipsam. Illum aliquam quas quod veniam expedita sequi ' );
INSERT INTO locaisCruzeiro ( IMO, dataFesta, local )
	VALUES ( 849532, to_date ('2010-02-05', 'YYYY-MM-DD'), 'Aspernatur repellat nobis ea possimus ratione aliquid aut. Omnis quam nam max' );
INSERT INTO locaisCruzeiro ( IMO, dataFesta, local )
	VALUES ( 482129, to_date ('2002-06-14', 'YYYY-MM-DD'), 'Impedit id fuga dolorum quibusdam facilis sit. Voluptas omnis nost' );
INSERT INTO locaisCruzeiro ( IMO, dataFesta, local )
	VALUES ( 647055, to_date ('2005-04-25', 'YYYY-MM-DD'), 'Id saepe beatae quas distinctio laborum.Consectetur vero neque nisi quis minima. Facere asperiores fuga. Assumenda dolorum q' );
INSERT INTO locaisCruzeiro ( IMO, dataFesta, local )
	VALUES ( 114861, to_date ('2008-04-19', 'YYYY-MM-DD'), 'Sint laborum et laboriosam consequuntur. Tenetur atque recusandae impedit. Dicta voluptate commodi odio ' );
INSERT INTO locaisCruzeiro ( IMO, dataFesta, local )
	VALUES ( 208089, to_date ('2013-01-14', 'YYYY-MM-DD'), 'Nobis omnis in reiciendis veniam consequuntur. Quia quisquam delectus sapiente odio fugit occaecati labore.' );
INSERT INTO locaisCruzeiro ( IMO, dataFesta, local )
	VALUES ( 751882, to_date ('2016-11-19', 'YYYY-MM-DD'), 'Modi nesciunt dolores quis quidem sed architecto. Harum deserunt est corporis.Architecto culpa eaque vero. Placeat veritat' );
INSERT INTO locaisCruzeiro ( IMO, dataFesta, local )
	VALUES ( 586721, to_date ('2009-11-23', 'YYYY-MM-DD'), 'Eligendi quos quos in eligendi saepe molestiae. Vel tenetur fuga possimus provident. Aut alias' );
INSERT INTO locaisCruzeiro ( IMO, dataFesta, local )
	VALUES ( 119408, to_date ('2002-01-09', 'YYYY-MM-DD'), 'Inventore accusantium veniam. Esse modi temporibus sequi quod beatae minus ' );

/* TABLE show */
/* NULL INSERTION FOR ATTRIBUTEcontratoAT TABLEshow */
INSERT INTO show ( IMO, dataFesta, nomeBanda, dataCriacaoBanda, data, horaInicio, terminoPrevisto, contrato )
	VALUES ( 461870, to_date ('2008-03-21', 'YYYY-MM-DD'), 'Rafaela da Cunha', to_date ('2001-01-11', 'YYYY-MM-DD'), to_date ('2002-02-16', 'YYYY-MM-DD'), '15:04:41', to_timestamp ('2008-08-20 03:43:21', 'YYYY-MM-DD HH24:MI:SS'), NULL );
/* NULL INSERTION FOR ATTRIBUTEterminoPrevistoAT TABLEshow */
INSERT INTO show ( IMO, dataFesta, nomeBanda, dataCriacaoBanda, data, horaInicio, terminoPrevisto, contrato )
	VALUES ( 482129, to_date ('2002-06-14', 'YYYY-MM-DD'), 'Sr. Vitor Cavalcanti', to_date ('2015-12-25', 'YYYY-MM-DD'), to_date ('2007-07-27', 'YYYY-MM-DD'), '19:58:54', NULL, 'Ipsum vero delectus. Ratione eos lab' );
INSERT INTO show ( IMO, dataFesta, nomeBanda, dataCriacaoBanda, data, horaInicio, terminoPrevisto, contrato )
	VALUES ( 647055, to_date ('2005-04-25', 'YYYY-MM-DD'), 'Clara Freitas', to_date ('2010-09-12', 'YYYY-MM-DD'), to_date ('2007-10-07', 'YYYY-MM-DD'), '12:18:30', to_timestamp ('2004-09-03 04:25:41', 'YYYY-MM-DD HH24:MI:SS'), 'Excepturi vitae doloremque aut exercitationem blanditiis. ' );
INSERT INTO show ( IMO, dataFesta, nomeBanda, dataCriacaoBanda, data, horaInicio, terminoPrevisto, contrato )
	VALUES ( 429552, to_date ('2016-05-05', 'YYYY-MM-DD'), 'Ana Luiza Jesus', to_date ('2006-11-13', 'YYYY-MM-DD'), to_date ('2002-06-28', 'YYYY-MM-DD'), '11:31:43', to_timestamp ('2015-08-24 07:50:23', 'YYYY-MM-DD HH24:MI:SS'), 'Temporibus dolorem ipsam repudiandae occaec' );
INSERT INTO show ( IMO, dataFesta, nomeBanda, dataCriacaoBanda, data, horaInicio, terminoPrevisto, contrato )
	VALUES ( 586721, to_date ('2009-11-23', 'YYYY-MM-DD'), 'Dra. Lavínia Lopes', to_date ('2015-09-03', 'YYYY-MM-DD'), to_date ('2005-06-20', 'YYYY-MM-DD'), '11:58:17', to_timestamp ('2013-05-22 05:47:11', 'YYYY-MM-DD HH24:MI:SS'), 'Magnam magni odit nulla. Maxime ipsum pariatur exercitationem q' );
INSERT INTO show ( IMO, dataFesta, nomeBanda, dataCriacaoBanda, data, horaInicio, terminoPrevisto, contrato )
	VALUES ( 544029, to_date ('2016-04-12', 'YYYY-MM-DD'), 'Ana Luiza Jesus', to_date ('2006-11-13', 'YYYY-MM-DD'), to_date ('2007-12-25', 'YYYY-MM-DD'), '04:20:55', to_timestamp ('2017-02-18 16:52:45', 'YYYY-MM-DD HH24:MI:SS'), 'Magni voluptates odit ab neque dol' );
INSERT INTO show ( IMO, dataFesta, nomeBanda, dataCriacaoBanda, data, horaInicio, terminoPrevisto, contrato )
	VALUES ( 482129, to_date ('2002-06-14', 'YYYY-MM-DD'), 'Erick Teixeira', to_date ('2012-03-27', 'YYYY-MM-DD'), to_date ('2017-02-10', 'YYYY-MM-DD'), '10:21:19', to_timestamp ('2003-04-23 07:37:07', 'YYYY-MM-DD HH24:MI:SS'), 'Tempore illum dolor illo quam sed modi. ' );
INSERT INTO show ( IMO, dataFesta, nomeBanda, dataCriacaoBanda, data, horaInicio, terminoPrevisto, contrato )
	VALUES ( 114861, to_date ('2008-04-19', 'YYYY-MM-DD'), 'Heitor Costela', to_date ('2009-09-14', 'YYYY-MM-DD'), to_date ('2002-12-22', 'YYYY-MM-DD'), '17:35:40', to_timestamp ('2016-10-11 13:35:15', 'YYYY-MM-DD HH24:MI:SS'), 'Quis expedita dolore deleniti. Iure ' );
INSERT INTO show ( IMO, dataFesta, nomeBanda, dataCriacaoBanda, data, horaInicio, terminoPrevisto, contrato )
	VALUES ( 751882, to_date ('2016-11-19', 'YYYY-MM-DD'), 'Lorena Vieira', to_date ('2003-10-28', 'YYYY-MM-DD'), to_date ('2013-09-25', 'YYYY-MM-DD'), '06:19:17', to_timestamp ('2015-05-11 18:41:25', 'YYYY-MM-DD HH24:MI:SS'), 'Soluta optio quas velit consequuntur tem' );
INSERT INTO show ( IMO, dataFesta, nomeBanda, dataCriacaoBanda, data, horaInicio, terminoPrevisto, contrato )
	VALUES ( 887279, to_date ('2011-01-17', 'YYYY-MM-DD'), 'Enrico Cardoso,', to_date ('2016-12-28', 'YYYY-MM-DD'), to_date ('2016-05-02', 'YYYY-MM-DD'), '02:59:08', to_timestamp ('2001-01-19 06:28:47', 'YYYY-MM-DD HH24:MI:SS'), 'Enim eaque mollitia quo dolorem. Ad cumque sapien' );
INSERT INTO show ( IMO, dataFesta, nomeBanda, dataCriacaoBanda, data, horaInicio, terminoPrevisto, contrato )
	VALUES ( 114105, to_date ('2007-06-08', 'YYYY-MM-DD'), 'Ana Luiza Jesus', to_date ('2006-11-13', 'YYYY-MM-DD'), to_date ('2006-11-23', 'YYYY-MM-DD'), '11:05:31', to_timestamp ('2005-03-21 01:10:08', 'YYYY-MM-DD HH24:MI:SS'), 'At inventore voluptate eos.Animi v' );
INSERT INTO show ( IMO, dataFesta, nomeBanda, dataCriacaoBanda, data, horaInicio, terminoPrevisto, contrato )
	VALUES ( 299505, to_date ('2008-01-19', 'YYYY-MM-DD'), 'Dra. Lavínia Lopes', to_date ('2015-09-03', 'YYYY-MM-DD'), to_date ('2011-12-05', 'YYYY-MM-DD'), '18:25:15', to_timestamp ('2014-02-07 23:37:03', 'YYYY-MM-DD HH24:MI:SS'), 'Necessitatibus tempore aliquid nam. Ipsam impedit pariatur volu' );
INSERT INTO show ( IMO, dataFesta, nomeBanda, dataCriacaoBanda, data, horaInicio, terminoPrevisto, contrato )
	VALUES ( 482129, to_date ('2002-06-14', 'YYYY-MM-DD'), 'Marina Carvalho', to_date ('2001-02-18', 'YYYY-MM-DD'), to_date ('2007-08-30', 'YYYY-MM-DD'), '21:26:42', to_timestamp ('2001-05-18 00:33:04', 'YYYY-MM-DD HH24:MI:SS'), 'Consequuntur ab repellat nihil blanditiis u' );
INSERT INTO show ( IMO, dataFesta, nomeBanda, dataCriacaoBanda, data, horaInicio, terminoPrevisto, contrato )
	VALUES ( 690434, to_date ('2005-05-14', 'YYYY-MM-DD'), 'João Lucas Duarte', to_date ('2005-01-15', 'YYYY-MM-DD'), to_date ('2004-03-08', 'YYYY-MM-DD'), '18:33:28', to_timestamp ('2012-08-04 11:18:48', 'YYYY-MM-DD HH24:MI:SS'), 'Sunt quaerat est eius delectus harum incidunt. Quas dolori' );
INSERT INTO show ( IMO, dataFesta, nomeBanda, dataCriacaoBanda, data, horaInicio, terminoPrevisto, contrato )
	VALUES ( 849532, to_date ('2010-02-05', 'YYYY-MM-DD'), 'Marina Carvalho', to_date ('2001-02-18', 'YYYY-MM-DD'), to_date ('2013-04-18', 'YYYY-MM-DD'), '13:20:11', to_timestamp ('2008-10-15 19:11:40', 'YYYY-MM-DD HH24:MI:SS'), 'Alias repellat expedita ab quasi repellendus' );
INSERT INTO show ( IMO, dataFesta, nomeBanda, dataCriacaoBanda, data, horaInicio, terminoPrevisto, contrato )
	VALUES ( 461870, to_date ('2008-03-21', 'YYYY-MM-DD'), 'Esther Martins', to_date ('2011-05-05', 'YYYY-MM-DD'), to_date ('2000-11-04', 'YYYY-MM-DD'), '18:46:44', to_timestamp ('2007-11-21 06:16:54', 'YYYY-MM-DD HH24:MI:SS'), 'Veritatis alias soluta quia. Qui fuga sint perspiciat' );
INSERT INTO show ( IMO, dataFesta, nomeBanda, dataCriacaoBanda, data, horaInicio, terminoPrevisto, contrato )
	VALUES ( 208089, to_date ('2013-01-14', 'YYYY-MM-DD'), 'Dr. Enzo Gabriel Silva', to_date ('2016-10-17', 'YYYY-MM-DD'), to_date ('2007-10-27', 'YYYY-MM-DD'), '20:21:14', to_timestamp ('2015-08-27 03:33:38', 'YYYY-MM-DD HH24:MI:SS'), 'Numquam in optio ex. Commodi expedita v' );
INSERT INTO show ( IMO, dataFesta, nomeBanda, dataCriacaoBanda, data, horaInicio, terminoPrevisto, contrato )
	VALUES ( 249205, to_date ('2000-06-16', 'YYYY-MM-DD'), 'Dr. Guilherme Cardoso,', to_date ('2009-01-21', 'YYYY-MM-DD'), to_date ('2014-08-14', 'YYYY-MM-DD'), '00:43:24', to_timestamp ('2013-02-21 22:31:04', 'YYYY-MM-DD HH24:MI:SS'), 'Ipsam eveniet perspiciatis quide' );
INSERT INTO show ( IMO, dataFesta, nomeBanda, dataCriacaoBanda, data, horaInicio, terminoPrevisto, contrato )
	VALUES ( 751882, to_date ('2016-11-19', 'YYYY-MM-DD'), 'Joaquim da Mata', to_date ('2005-03-12', 'YYYY-MM-DD'), to_date ('2012-08-02', 'YYYY-MM-DD'), '03:58:41', to_timestamp ('2006-04-18 01:16:15', 'YYYY-MM-DD HH24:MI:SS'), 'Tempora quos mollitia quidem laboriosam cum autem. Eum' );
INSERT INTO show ( IMO, dataFesta, nomeBanda, dataCriacaoBanda, data, horaInicio, terminoPrevisto, contrato )
	VALUES ( 834515, to_date ('2010-10-30', 'YYYY-MM-DD'), 'Joaquim da Mata', to_date ('2005-03-12', 'YYYY-MM-DD'), to_date ('2015-12-27', 'YYYY-MM-DD'), '15:40:55', to_timestamp ('2004-05-22 16:27:41', 'YYYY-MM-DD HH24:MI:SS'), 'Natus unde pariatur adipisci inventore moles' );
INSERT INTO show ( IMO, dataFesta, nomeBanda, dataCriacaoBanda, data, horaInicio, terminoPrevisto, contrato )
	VALUES ( 849532, to_date ('2010-02-05', 'YYYY-MM-DD'), 'Antônio da Cruz', to_date ('2006-09-09', 'YYYY-MM-DD'), to_date ('2006-10-29', 'YYYY-MM-DD'), '04:05:01', to_timestamp ('2009-05-13 02:51:55', 'YYYY-MM-DD HH24:MI:SS'), 'Perspiciatis sapiente quia repellat dignissimos. Quisq' );
INSERT INTO show ( IMO, dataFesta, nomeBanda, dataCriacaoBanda, data, horaInicio, terminoPrevisto, contrato )
	VALUES ( 208089, to_date ('2013-01-14', 'YYYY-MM-DD'), 'Bianca Silveira', to_date ('2008-08-14', 'YYYY-MM-DD'), to_date ('2011-06-24', 'YYYY-MM-DD'), '23:22:46', to_timestamp ('2014-11-11 09:35:02', 'YYYY-MM-DD HH24:MI:SS'), 'Numquam soluta numquam quia suscipit aspernatur. Consectetur te' );

/* TABLE showSonorizacao */
INSERT INTO showSonorizacao ( showId, sonorizacaoId )
	VALUES ( 9, 13 );
INSERT INTO showSonorizacao ( showId, sonorizacaoId )
	VALUES ( 15, 12 );
INSERT INTO showSonorizacao ( showId, sonorizacaoId )
	VALUES ( 11, 20 );
INSERT INTO showSonorizacao ( showId, sonorizacaoId )
	VALUES ( 5, 20 );
INSERT INTO showSonorizacao ( showId, sonorizacaoId )
	VALUES ( 19, 18 );
INSERT INTO showSonorizacao ( showId, sonorizacaoId )
	VALUES ( 9, 6 );
INSERT INTO showSonorizacao ( showId, sonorizacaoId )
	VALUES ( 15, 9 );
INSERT INTO showSonorizacao ( showId, sonorizacaoId )
	VALUES ( 14, 12 );
INSERT INTO showSonorizacao ( showId, sonorizacaoId )
	VALUES ( 12, 16 );
INSERT INTO showSonorizacao ( showId, sonorizacaoId )
	VALUES ( 20, 12 );
INSERT INTO showSonorizacao ( showId, sonorizacaoId )
	VALUES ( 11, 11 );
INSERT INTO showSonorizacao ( showId, sonorizacaoId )
	VALUES ( 18, 8 );
INSERT INTO showSonorizacao ( showId, sonorizacaoId )
	VALUES ( 20, 4 );
INSERT INTO showSonorizacao ( showId, sonorizacaoId )
	VALUES ( 3, 8 );
INSERT INTO showSonorizacao ( showId, sonorizacaoId )
	VALUES ( 12, 2 );
INSERT INTO showSonorizacao ( showId, sonorizacaoId )
	VALUES ( 4, 5 );
INSERT INTO showSonorizacao ( showId, sonorizacaoId )
	VALUES ( 2, 10 );
INSERT INTO showSonorizacao ( showId, sonorizacaoId )
	VALUES ( 13, 17 );
INSERT INTO showSonorizacao ( showId, sonorizacaoId )
	VALUES ( 1, 11 );
INSERT INTO showSonorizacao ( showId, sonorizacaoId )
	VALUES ( 8, 7 );

/* TABLE album */
INSERT INTO album ( IMOFesta, dataFesta )
	VALUES ( 586721, to_date ('2009-11-23', 'YYYY-MM-DD') );
INSERT INTO album ( IMOFesta, dataFesta )
	VALUES ( 273028, to_date ('2009-03-07', 'YYYY-MM-DD') );
INSERT INTO album ( IMOFesta, dataFesta )
	VALUES ( 482129, to_date ('2002-06-14', 'YYYY-MM-DD') );
INSERT INTO album ( IMOFesta, dataFesta )
	VALUES ( 208089, to_date ('2013-01-14', 'YYYY-MM-DD') );
INSERT INTO album ( IMOFesta, dataFesta )
	VALUES ( 544029, to_date ('2016-04-12', 'YYYY-MM-DD') );
INSERT INTO album ( IMOFesta, dataFesta )
	VALUES ( 834515, to_date ('2010-10-30', 'YYYY-MM-DD') );
INSERT INTO album ( IMOFesta, dataFesta )
	VALUES ( 429552, to_date ('2016-05-05', 'YYYY-MM-DD') );
INSERT INTO album ( IMOFesta, dataFesta )
	VALUES ( 849532, to_date ('2010-02-05', 'YYYY-MM-DD') );
INSERT INTO album ( IMOFesta, dataFesta )
	VALUES ( 887279, to_date ('2011-01-17', 'YYYY-MM-DD') );
INSERT INTO album ( IMOFesta, dataFesta )
	VALUES ( 219484, to_date ('2016-10-07', 'YYYY-MM-DD') );
INSERT INTO album ( IMOFesta, dataFesta )
	VALUES ( 461870, to_date ('2008-03-21', 'YYYY-MM-DD') );
INSERT INTO album ( IMOFesta, dataFesta )
	VALUES ( 647055, to_date ('2005-04-25', 'YYYY-MM-DD') );
INSERT INTO album ( IMOFesta, dataFesta )
	VALUES ( 287285, to_date ('2008-12-05', 'YYYY-MM-DD') );
INSERT INTO album ( IMOFesta, dataFesta )
	VALUES ( 119408, to_date ('2002-01-09', 'YYYY-MM-DD') );
INSERT INTO album ( IMOFesta, dataFesta )
	VALUES ( 299505, to_date ('2008-01-19', 'YYYY-MM-DD') );
INSERT INTO album ( IMOFesta, dataFesta )
	VALUES ( 114861, to_date ('2008-04-19', 'YYYY-MM-DD') );
INSERT INTO album ( IMOFesta, dataFesta )
	VALUES ( 114105, to_date ('2007-06-08', 'YYYY-MM-DD') );
INSERT INTO album ( IMOFesta, dataFesta )
	VALUES ( 249205, to_date ('2000-06-16', 'YYYY-MM-DD') );
INSERT INTO album ( IMOFesta, dataFesta )
	VALUES ( 751882, to_date ('2016-11-19', 'YYYY-MM-DD') );
INSERT INTO album ( IMOFesta, dataFesta )
	VALUES ( 690434, to_date ('2005-05-14', 'YYYY-MM-DD') );

/* TABLE makingof */
INSERT INTO makingof ( IMOFesta, dataFesta )
	VALUES ( 429552, to_date ('2016-05-05', 'YYYY-MM-DD') );
INSERT INTO makingof ( IMOFesta, dataFesta )
	VALUES ( 287285, to_date ('2008-12-05', 'YYYY-MM-DD') );
INSERT INTO makingof ( IMOFesta, dataFesta )
	VALUES ( 461870, to_date ('2008-03-21', 'YYYY-MM-DD') );
INSERT INTO makingof ( IMOFesta, dataFesta )
	VALUES ( 114105, to_date ('2007-06-08', 'YYYY-MM-DD') );
INSERT INTO makingof ( IMOFesta, dataFesta )
	VALUES ( 482129, to_date ('2002-06-14', 'YYYY-MM-DD') );
INSERT INTO makingof ( IMOFesta, dataFesta )
	VALUES ( 690434, to_date ('2005-05-14', 'YYYY-MM-DD') );
INSERT INTO makingof ( IMOFesta, dataFesta )
	VALUES ( 299505, to_date ('2008-01-19', 'YYYY-MM-DD') );
INSERT INTO makingof ( IMOFesta, dataFesta )
	VALUES ( 647055, to_date ('2005-04-25', 'YYYY-MM-DD') );
INSERT INTO makingof ( IMOFesta, dataFesta )
	VALUES ( 249205, to_date ('2000-06-16', 'YYYY-MM-DD') );
INSERT INTO makingof ( IMOFesta, dataFesta )
	VALUES ( 834515, to_date ('2010-10-30', 'YYYY-MM-DD') );
INSERT INTO makingof ( IMOFesta, dataFesta )
	VALUES ( 114861, to_date ('2008-04-19', 'YYYY-MM-DD') );
INSERT INTO makingof ( IMOFesta, dataFesta )
	VALUES ( 219484, to_date ('2016-10-07', 'YYYY-MM-DD') );
INSERT INTO makingof ( IMOFesta, dataFesta )
	VALUES ( 887279, to_date ('2011-01-17', 'YYYY-MM-DD') );
INSERT INTO makingof ( IMOFesta, dataFesta )
	VALUES ( 544029, to_date ('2016-04-12', 'YYYY-MM-DD') );
INSERT INTO makingof ( IMOFesta, dataFesta )
	VALUES ( 119408, to_date ('2002-01-09', 'YYYY-MM-DD') );
INSERT INTO makingof ( IMOFesta, dataFesta )
	VALUES ( 586721, to_date ('2009-11-23', 'YYYY-MM-DD') );
INSERT INTO makingof ( IMOFesta, dataFesta )
	VALUES ( 849532, to_date ('2010-02-05', 'YYYY-MM-DD') );
INSERT INTO makingof ( IMOFesta, dataFesta )
	VALUES ( 273028, to_date ('2009-03-07', 'YYYY-MM-DD') );
INSERT INTO makingof ( IMOFesta, dataFesta )
	VALUES ( 208089, to_date ('2013-01-14', 'YYYY-MM-DD') );
INSERT INTO makingof ( IMOFesta, dataFesta )
	VALUES ( 751882, to_date ('2016-11-19', 'YYYY-MM-DD') );

/* TABLE opComCamera */
INSERT INTO opComCamera ( cpfOpCamera, data, camera, tipo )
	VALUES ( '523.255.716-37', to_date ('2001-11-10', 'YYYY-MM-DD'), 10727649, 'CINEGRAFISTA' );
INSERT INTO opComCamera ( cpfOpCamera, data, camera, tipo )
	VALUES ( '490.990.422-75', to_date ('2015-12-06', 'YYYY-MM-DD'), 11308931, 'PARQUE' );
INSERT INTO opComCamera ( cpfOpCamera, data, camera, tipo )
	VALUES ( '583.792.569-11', to_date ('2008-06-19', 'YYYY-MM-DD'), 13114930, 'CINEGRAFISTA' );
INSERT INTO opComCamera ( cpfOpCamera, data, camera, tipo )
	VALUES ( '121.199.607-14', to_date ('2009-08-26', 'YYYY-MM-DD'), 49209844, 'PARQUE' );
INSERT INTO opComCamera ( cpfOpCamera, data, camera, tipo )
	VALUES ( '121.199.607-14', to_date ('2016-01-20', 'YYYY-MM-DD'), 67338518, 'CINEGRAFISTA' );
INSERT INTO opComCamera ( cpfOpCamera, data, camera, tipo )
	VALUES ( '851.398.230-44', to_date ('2018-12-10', 'YYYY-MM-DD'), 83150887, 'CINEGRAFISTA' );
INSERT INTO opComCamera ( cpfOpCamera, data, camera, tipo )
	VALUES ( '478.696.780-28', to_date ('2014-05-15', 'YYYY-MM-DD'), 31231013, 'PARQUE' );
INSERT INTO opComCamera ( cpfOpCamera, data, camera, tipo )
	VALUES ( '924.966.747-52', to_date ('2007-11-21', 'YYYY-MM-DD'), 80342643, 'PARQUE' );
INSERT INTO opComCamera ( cpfOpCamera, data, camera, tipo )
	VALUES ( '833.488.525-02', to_date ('2013-09-14', 'YYYY-MM-DD'), 49558495, 'FOTOGRAFO' );
INSERT INTO opComCamera ( cpfOpCamera, data, camera, tipo )
	VALUES ( '679.002.127-48', to_date ('2016-05-08', 'YYYY-MM-DD'), 73220749, 'FOTOGRAFO' );
INSERT INTO opComCamera ( cpfOpCamera, data, camera, tipo )
	VALUES ( '523.255.716-37', to_date ('2015-02-23', 'YYYY-MM-DD'), 89100398, 'CINEGRAFISTA' );
INSERT INTO opComCamera ( cpfOpCamera, data, camera, tipo )
	VALUES ( '946.521.617-86', to_date ('2015-03-11', 'YYYY-MM-DD'), 42761525, 'FOTOGRAFO' );
INSERT INTO opComCamera ( cpfOpCamera, data, camera, tipo )
	VALUES ( '632.034.959-23', to_date ('2011-06-07', 'YYYY-MM-DD'), 63019302, 'PARQUE' );
INSERT INTO opComCamera ( cpfOpCamera, data, camera, tipo )
	VALUES ( '523.255.716-37', to_date ('2004-05-06', 'YYYY-MM-DD'), 63417233, 'CINEGRAFISTA' );
INSERT INTO opComCamera ( cpfOpCamera, data, camera, tipo )
	VALUES ( '851.398.230-44', to_date ('2014-11-06', 'YYYY-MM-DD'), 61924808, 'FOTOGRAFO' );
INSERT INTO opComCamera ( cpfOpCamera, data, camera, tipo )
	VALUES ( '478.696.780-28', to_date ('2006-06-09', 'YYYY-MM-DD'), 88492141, 'PARQUE' );
INSERT INTO opComCamera ( cpfOpCamera, data, camera, tipo )
	VALUES ( '516.335.573-78', to_date ('2010-11-09', 'YYYY-MM-DD'), 11828863, 'CINEGRAFISTA' );
INSERT INTO opComCamera ( cpfOpCamera, data, camera, tipo )
	VALUES ( '478.696.780-28', to_date ('2016-08-28', 'YYYY-MM-DD'), 79878442, 'CINEGRAFISTA' );
INSERT INTO opComCamera ( cpfOpCamera, data, camera, tipo )
	VALUES ( '197.520.896-76', to_date ('2009-12-14', 'YYYY-MM-DD'), 10096588, 'CINEGRAFISTA' );
INSERT INTO opComCamera ( cpfOpCamera, data, camera, tipo )
	VALUES ( '523.255.716-37', to_date ('2006-07-14', 'YYYY-MM-DD'), 60331090, 'FOTOGRAFO' );

/* TABLE fotografoCruzeiro */
INSERT INTO fotografoCruzeiro ( cpfOpCamera, data, categoria, idAlbum )
	VALUES ( '679.002.127-48', to_date ('2016-05-08', 'YYYY-MM-DD'), 'TECNICO', 19 );
INSERT INTO fotografoCruzeiro ( cpfOpCamera, data, categoria, idAlbum )
	VALUES ( '833.488.525-02', to_date ('2013-09-14', 'YYYY-MM-DD'), 'ESPECIALISTA', 6 );
INSERT INTO fotografoCruzeiro ( cpfOpCamera, data, categoria, idAlbum )
	VALUES ( '478.696.780-28', to_date ('2006-06-09', 'YYYY-MM-DD'), 'ESPECIALISTA', 9 );
INSERT INTO fotografoCruzeiro ( cpfOpCamera, data, categoria, idAlbum )
	VALUES ( '583.792.569-11', to_date ('2008-06-19', 'YYYY-MM-DD'), 'ESPECIALISTA', 4 );
INSERT INTO fotografoCruzeiro ( cpfOpCamera, data, categoria, idAlbum )
	VALUES ( '523.255.716-37', to_date ('2015-02-23', 'YYYY-MM-DD'), 'ESPECIALISTA', 14 );
INSERT INTO fotografoCruzeiro ( cpfOpCamera, data, categoria, idAlbum )
	VALUES ( '121.199.607-14', to_date ('2009-08-26', 'YYYY-MM-DD'), 'ESPECIALISTA', 9 );
INSERT INTO fotografoCruzeiro ( cpfOpCamera, data, categoria, idAlbum )
	VALUES ( '478.696.780-28', to_date ('2016-08-28', 'YYYY-MM-DD'), 'TECNICO', 8 );
INSERT INTO fotografoCruzeiro ( cpfOpCamera, data, categoria, idAlbum )
	VALUES ( '490.990.422-75', to_date ('2015-12-06', 'YYYY-MM-DD'), 'ESPECIALISTA', 6 );
INSERT INTO fotografoCruzeiro ( cpfOpCamera, data, categoria, idAlbum )
	VALUES ( '851.398.230-44', to_date ('2014-11-06', 'YYYY-MM-DD'), 'ESPECIALISTA', 6 );
INSERT INTO fotografoCruzeiro ( cpfOpCamera, data, categoria, idAlbum )
	VALUES ( '478.696.780-28', to_date ('2014-05-15', 'YYYY-MM-DD'), 'TECNICO', 9 );
INSERT INTO fotografoCruzeiro ( cpfOpCamera, data, categoria, idAlbum )
	VALUES ( '523.255.716-37', to_date ('2006-07-14', 'YYYY-MM-DD'), 'TECNICO', 8 );
INSERT INTO fotografoCruzeiro ( cpfOpCamera, data, categoria, idAlbum )
	VALUES ( '121.199.607-14', to_date ('2016-01-20', 'YYYY-MM-DD'), 'TECNICO', 16 );
INSERT INTO fotografoCruzeiro ( cpfOpCamera, data, categoria, idAlbum )
	VALUES ( '851.398.230-44', to_date ('2018-12-10', 'YYYY-MM-DD'), 'TECNICO', 8 );
INSERT INTO fotografoCruzeiro ( cpfOpCamera, data, categoria, idAlbum )
	VALUES ( '523.255.716-37', to_date ('2001-11-10', 'YYYY-MM-DD'), 'JUNIOR', 7 );
INSERT INTO fotografoCruzeiro ( cpfOpCamera, data, categoria, idAlbum )
	VALUES ( '516.335.573-78', to_date ('2010-11-09', 'YYYY-MM-DD'), 'TECNICO', 3 );
INSERT INTO fotografoCruzeiro ( cpfOpCamera, data, categoria, idAlbum )
	VALUES ( '523.255.716-37', to_date ('2004-05-06', 'YYYY-MM-DD'), 'TECNICO', 7 );
INSERT INTO fotografoCruzeiro ( cpfOpCamera, data, categoria, idAlbum )
	VALUES ( '924.966.747-52', to_date ('2007-11-21', 'YYYY-MM-DD'), 'JUNIOR', 20 );
INSERT INTO fotografoCruzeiro ( cpfOpCamera, data, categoria, idAlbum )
	VALUES ( '946.521.617-86', to_date ('2015-03-11', 'YYYY-MM-DD'), 'ESPECIALISTA', 19 );
INSERT INTO fotografoCruzeiro ( cpfOpCamera, data, categoria, idAlbum )
	VALUES ( '632.034.959-23', to_date ('2011-06-07', 'YYYY-MM-DD'), 'TECNICO', 12 );
INSERT INTO fotografoCruzeiro ( cpfOpCamera, data, categoria, idAlbum )
	VALUES ( '197.520.896-76', to_date ('2009-12-14', 'YYYY-MM-DD'), 'ESPECIALISTA', 3 );

/* TABLE cinegrafistaCruzeiro */
INSERT INTO cinegrafistaCruzeiro ( cpfOpCamera, data, idMakingof )
	VALUES ( '197.520.896-76', to_date ('2009-12-14', 'YYYY-MM-DD'), 18 );
INSERT INTO cinegrafistaCruzeiro ( cpfOpCamera, data, idMakingof )
	VALUES ( '516.335.573-78', to_date ('2010-11-09', 'YYYY-MM-DD'), 6 );
INSERT INTO cinegrafistaCruzeiro ( cpfOpCamera, data, idMakingof )
	VALUES ( '679.002.127-48', to_date ('2016-05-08', 'YYYY-MM-DD'), 8 );
INSERT INTO cinegrafistaCruzeiro ( cpfOpCamera, data, idMakingof )
	VALUES ( '121.199.607-14', to_date ('2009-08-26', 'YYYY-MM-DD'), 7 );
INSERT INTO cinegrafistaCruzeiro ( cpfOpCamera, data, idMakingof )
	VALUES ( '632.034.959-23', to_date ('2011-06-07', 'YYYY-MM-DD'), 14 );
INSERT INTO cinegrafistaCruzeiro ( cpfOpCamera, data, idMakingof )
	VALUES ( '490.990.422-75', to_date ('2015-12-06', 'YYYY-MM-DD'), 6 );
INSERT INTO cinegrafistaCruzeiro ( cpfOpCamera, data, idMakingof )
	VALUES ( '121.199.607-14', to_date ('2016-01-20', 'YYYY-MM-DD'), 12 );
INSERT INTO cinegrafistaCruzeiro ( cpfOpCamera, data, idMakingof )
	VALUES ( '946.521.617-86', to_date ('2015-03-11', 'YYYY-MM-DD'), 9 );
INSERT INTO cinegrafistaCruzeiro ( cpfOpCamera, data, idMakingof )
	VALUES ( '851.398.230-44', to_date ('2018-12-10', 'YYYY-MM-DD'), 16 );
INSERT INTO cinegrafistaCruzeiro ( cpfOpCamera, data, idMakingof )
	VALUES ( '523.255.716-37', to_date ('2015-02-23', 'YYYY-MM-DD'), 5 );
INSERT INTO cinegrafistaCruzeiro ( cpfOpCamera, data, idMakingof )
	VALUES ( '833.488.525-02', to_date ('2013-09-14', 'YYYY-MM-DD'), 11 );
INSERT INTO cinegrafistaCruzeiro ( cpfOpCamera, data, idMakingof )
	VALUES ( '478.696.780-28', to_date ('2014-05-15', 'YYYY-MM-DD'), 7 );
INSERT INTO cinegrafistaCruzeiro ( cpfOpCamera, data, idMakingof )
	VALUES ( '523.255.716-37', to_date ('2004-05-06', 'YYYY-MM-DD'), 1 );
INSERT INTO cinegrafistaCruzeiro ( cpfOpCamera, data, idMakingof )
	VALUES ( '478.696.780-28', to_date ('2006-06-09', 'YYYY-MM-DD'), 19 );
INSERT INTO cinegrafistaCruzeiro ( cpfOpCamera, data, idMakingof )
	VALUES ( '523.255.716-37', to_date ('2001-11-10', 'YYYY-MM-DD'), 12 );
INSERT INTO cinegrafistaCruzeiro ( cpfOpCamera, data, idMakingof )
	VALUES ( '583.792.569-11', to_date ('2008-06-19', 'YYYY-MM-DD'), 7 );
INSERT INTO cinegrafistaCruzeiro ( cpfOpCamera, data, idMakingof )
	VALUES ( '523.255.716-37', to_date ('2006-07-14', 'YYYY-MM-DD'), 6 );
INSERT INTO cinegrafistaCruzeiro ( cpfOpCamera, data, idMakingof )
	VALUES ( '924.966.747-52', to_date ('2007-11-21', 'YYYY-MM-DD'), 1 );
INSERT INTO cinegrafistaCruzeiro ( cpfOpCamera, data, idMakingof )
	VALUES ( '851.398.230-44', to_date ('2014-11-06', 'YYYY-MM-DD'), 17 );
INSERT INTO cinegrafistaCruzeiro ( cpfOpCamera, data, idMakingof )
	VALUES ( '478.696.780-28', to_date ('2016-08-28', 'YYYY-MM-DD'), 16 );

/* TABLE parque */
INSERT INTO parque ( cnpj, nome, mapaFilePath, endereco )
	VALUES ( '31.400.972/2310-96', 'Dr. Thiago da Luz', 'Quo fugit labore facere nostrum.Veniam vitae velit culpa maxime. A', 'Residencial de Moreira, 28 Paulo Vi 50421-508 Gomes / BA' );
INSERT INTO parque ( cnpj, nome, mapaFilePath, endereco )
	VALUES ( '64.566.386/0658-81', 'Sra. Camila da Cruz', 'Corporis quas enim consectetur in eum. Quidem non beatae praesentium. Consequatur officia itaque voluptatibus minima.', 'Trecho Renan Pinto, 77 Mineirão 81871-657 Azevedo / RO' );
INSERT INTO parque ( cnpj, nome, mapaFilePath, endereco )
	VALUES ( '94.219.626/4342-76', 'Luiza da Rosa', 'Natus quos corrupti molestias autem. Repellendus nostrum nisi sequi tempore nemo dolor. Fuga soluta ve', 'Setor Yasmin Lima, 5 São Jorge 2ª Seção 58767-596 Moura do Norte / SE' );
INSERT INTO parque ( cnpj, nome, mapaFilePath, endereco )
	VALUES ( '56.282.116/5942-29', 'Pedro Miguel Freitas', 'Consectetur ex aut nobis eveniet ipsum. Maiores animi quisquam quo at qu', 'Esplanada Castro, 87 Ernesto Nascimento 94680-299 Lopes / SC' );
INSERT INTO parque ( cnpj, nome, mapaFilePath, endereco )
	VALUES ( '19.015.770/8218-48', 'Caroline Aragão', 'Accusantium eaque excepturi ab voluptatem totam placeat sit. Molestias perspiciatis rem dolorum iure v', 'Recanto Davi Luiz da Mota, 75 Vila Jardim Alvorada 63104-386 Caldeira de Fogaça / DF' );
INSERT INTO parque ( cnpj, nome, mapaFilePath, endereco )
	VALUES ( '09.538.863/6691-89', 'Fernando Pires', 'Sint aut ipsam veniam dolores consequuntur. Quod aut fugit officiis.Similique quidem eveniet iusto. Aperiam delen', 'Setor Leonardo Cavalcanti, 58 Vila São Paulo 84353-158 Monteiro / PI' );
INSERT INTO parque ( cnpj, nome, mapaFilePath, endereco )
	VALUES ( '94.231.713/9965-80', 'Elisa Ferreira', 'Alias doloribus quam vel voluptatem deserunt aut. Adipisci itaque ', 'Favela Santos, 942 Boa União 1ª Seção 08277-545 Fogaça da Prata / AL' );
INSERT INTO parque ( cnpj, nome, mapaFilePath, endereco )
	VALUES ( '24.472.862/6691-06', 'Calebe Costa', 'Perspiciatis officiis error totam aut sit magnam. Occaecati laborum cum minus q', 'Quadra Lopes, 27 São Francisco Das Chagas 95361070 Costela / SC' );
INSERT INTO parque ( cnpj, nome, mapaFilePath, endereco )
	VALUES ( '30.485.345/5697-01', 'Davi Lucca Moraes', 'Nam rerum veritatis veritatis.Error eius quidem delectus aperiam aut tenetur. Pariatur molestiae ut natus accusantium ulla', 'Rodovia Maitê Cardoso,, 54 Vila Maloca 13622-129 Costa / RO' );
INSERT INTO parque ( cnpj, nome, mapaFilePath, endereco )
	VALUES ( '32.919.066/7531-72', 'Davi Lucas Lima', 'Incidunt laborum omnis ut necessitatibus. Temporibus iusto et beatae accusamus p', 'Favela Benjamin Melo Morro Dos Macacos 14419-548 Almeida / GO' );
INSERT INTO parque ( cnpj, nome, mapaFilePath, endereco )
	VALUES ( '71.685.729/4726-89', 'Luiz Henrique da Mata', 'Qui deserunt deleniti. Hic blanditiis quaerat quisquam laboriosam.', 'Lagoa Joana Cunha, 52 Vila Dos Anjos 56210-717 Caldeira da Praia / GO' );
INSERT INTO parque ( cnpj, nome, mapaFilePath, endereco )
	VALUES ( '89.545.773/6492-77', 'Isis da Rosa', 'Facilis ducimus accusamus voluptas doloremque. Saepe vero itaque porro ullam ', 'Pátio Nogueira, 36 Novo Das Industrias 90057300 Moraes Paulista / AC' );
INSERT INTO parque ( cnpj, nome, mapaFilePath, endereco )
	VALUES ( '26.643.718/3469-52', 'Alexia da Paz', 'Fugiat rem delectus voluptas eos iste recusandae. Rem cumque rem.In inventore aliquid dicta. Corrupti si', 'Condomínio Sales, 50 Gutierrez 88114841 Nascimento / AM' );
INSERT INTO parque ( cnpj, nome, mapaFilePath, endereco )
	VALUES ( '91.191.254/4458-17', 'Caroline Sales', 'Omnis totam maxime placeat id tenetur sapiente. Commodi impedit cum nostrum perspiciatis. Explic', 'Feira Theo Barros, 56 Tupi B 19096046 da Mota do Campo / MG' );
INSERT INTO parque ( cnpj, nome, mapaFilePath, endereco )
	VALUES ( '42.282.106/3773-15', 'Pietra Gonçalves', 'Quaerat numquam asperiores consectetur minus. Architecto totam at illo ', 'Núcleo Oliveira, 715 Cenaculo 89475252 Fogaça Paulista / RS' );
INSERT INTO parque ( cnpj, nome, mapaFilePath, endereco )
	VALUES ( '54.132.251/1018-82', 'João Gabriel Almeida', 'Itaque perferendis sunt suscipit illo debitis harum ratione. Ex tempora impedit.Recusa', 'Vila Ribeiro, 11 Piratininga 93063-291 Pires / MA' );
INSERT INTO parque ( cnpj, nome, mapaFilePath, endereco )
	VALUES ( '61.306.096/7744-10', 'Arthur Silveira', 'Repellendus libero distinctio aut consequatur. Voluptates maxime qu', 'Estrada Rocha, 356 Madre Gertrudes 57576-445 da Rocha / RJ' );
INSERT INTO parque ( cnpj, nome, mapaFilePath, endereco )
	VALUES ( '40.506.235/0656-92', 'Letícia Pereira', 'Ullam distinctio exercitationem iure eveniet accusamus. Vitae similique consectetur fugit. Quis ', 'Estação Santos Alta Tensão 1ª Seção 22481371 Carvalho da Prata / SE' );
INSERT INTO parque ( cnpj, nome, mapaFilePath, endereco )
	VALUES ( '26.874.389/1723-02', 'Ana Carolina Martins', 'A fugiat autem fugit quo culpa. Modi tempora fugiat nostrum dolore est.', 'Condomínio Moreira, 19 Castanheira 63879144 Jesus / PB' );
INSERT INTO parque ( cnpj, nome, mapaFilePath, endereco )
	VALUES ( '34.999.680/4170-36', 'Isaac Cunha', 'Voluptate eos nam natus saepe aperiam. Nobis nam impedit nemo consequuntur.', 'Trecho de Sales, 6 Jaqueline 27264-646 Martins das Flores / MA' );

/* TABLE festaNoParque */
INSERT INTO festaNoParque ( cnpjParque, dataInicio, dataFim, numeroConvidados, nome )
	VALUES ( '56.282.116/5942-29', to_date ('2013-09-25', 'YYYY-MM-DD'), to_date ('2016-11-07', 'YYYY-MM-DD'), 469805, 'Guilherme Caldeira' );
INSERT INTO festaNoParque ( cnpjParque, dataInicio, dataFim, numeroConvidados, nome )
	VALUES ( '26.643.718/3469-52', to_date ('2003-06-21', 'YYYY-MM-DD'), to_date ('2011-02-10', 'YYYY-MM-DD'), 596135, 'Noah Teixeira' );
INSERT INTO festaNoParque ( cnpjParque, dataInicio, dataFim, numeroConvidados, nome )
	VALUES ( '64.566.386/0658-81', to_date ('2009-01-25', 'YYYY-MM-DD'), to_date ('2016-02-25', 'YYYY-MM-DD'), 396868, 'Cecília Azevedo' );
INSERT INTO festaNoParque ( cnpjParque, dataInicio, dataFim, numeroConvidados, nome )
	VALUES ( '40.506.235/0656-92', to_date ('2002-01-06', 'YYYY-MM-DD'), to_date ('2018-04-17', 'YYYY-MM-DD'), 673852, 'Eduardo Barros' );
INSERT INTO festaNoParque ( cnpjParque, dataInicio, dataFim, numeroConvidados, nome )
	VALUES ( '40.506.235/0656-92', to_date ('2003-01-23', 'YYYY-MM-DD'), to_date ('2007-02-13', 'YYYY-MM-DD'), 444598, 'Ana Clara Pires' );
INSERT INTO festaNoParque ( cnpjParque, dataInicio, dataFim, numeroConvidados, nome )
	VALUES ( '40.506.235/0656-92', to_date ('2017-10-11', 'YYYY-MM-DD'), to_date ('2001-01-09', 'YYYY-MM-DD'), 683848, 'Renan Castro' );
INSERT INTO festaNoParque ( cnpjParque, dataInicio, dataFim, numeroConvidados, nome )
	VALUES ( '26.874.389/1723-02', to_date ('2000-01-18', 'YYYY-MM-DD'), to_date ('2005-08-23', 'YYYY-MM-DD'), 425339, 'Isaac Monteiro' );
INSERT INTO festaNoParque ( cnpjParque, dataInicio, dataFim, numeroConvidados, nome )
	VALUES ( '31.400.972/2310-96', to_date ('2004-03-29', 'YYYY-MM-DD'), to_date ('2001-04-29', 'YYYY-MM-DD'), 640812, 'Dra. Ana Julia Pereira' );
INSERT INTO festaNoParque ( cnpjParque, dataInicio, dataFim, numeroConvidados, nome )
	VALUES ( '30.485.345/5697-01', to_date ('2000-07-05', 'YYYY-MM-DD'), to_date ('2018-12-07', 'YYYY-MM-DD'), 841363, 'Maria Vitória Martins' );
INSERT INTO festaNoParque ( cnpjParque, dataInicio, dataFim, numeroConvidados, nome )
	VALUES ( '40.506.235/0656-92', to_date ('2011-07-04', 'YYYY-MM-DD'), to_date ('2013-05-02', 'YYYY-MM-DD'), 336340, 'Enzo da Conceição' );
INSERT INTO festaNoParque ( cnpjParque, dataInicio, dataFim, numeroConvidados, nome )
	VALUES ( '71.685.729/4726-89', to_date ('2012-01-18', 'YYYY-MM-DD'), to_date ('2003-08-30', 'YYYY-MM-DD'), 536889, 'Maria Luiza Carvalho' );
INSERT INTO festaNoParque ( cnpjParque, dataInicio, dataFim, numeroConvidados, nome )
	VALUES ( '24.472.862/6691-06', to_date ('2000-10-24', 'YYYY-MM-DD'), to_date ('2001-08-01', 'YYYY-MM-DD'), 362457, 'Maitê Araújo' );
INSERT INTO festaNoParque ( cnpjParque, dataInicio, dataFim, numeroConvidados, nome )
	VALUES ( '26.874.389/1723-02', to_date ('2005-07-09', 'YYYY-MM-DD'), to_date ('2000-03-05', 'YYYY-MM-DD'), 579406, 'Marcela Castro' );
INSERT INTO festaNoParque ( cnpjParque, dataInicio, dataFim, numeroConvidados, nome )
	VALUES ( '34.999.680/4170-36', to_date ('2005-06-15', 'YYYY-MM-DD'), to_date ('2006-07-10', 'YYYY-MM-DD'), 232886, 'Matheus Correia' );
INSERT INTO festaNoParque ( cnpjParque, dataInicio, dataFim, numeroConvidados, nome )
	VALUES ( '94.231.713/9965-80', to_date ('2014-10-27', 'YYYY-MM-DD'), to_date ('2003-08-20', 'YYYY-MM-DD'), 885271, 'Fernando da Luz' );
INSERT INTO festaNoParque ( cnpjParque, dataInicio, dataFim, numeroConvidados, nome )
	VALUES ( '89.545.773/6492-77', to_date ('2008-12-26', 'YYYY-MM-DD'), to_date ('2010-11-24', 'YYYY-MM-DD'), 871301, 'Natália Monteiro' );
INSERT INTO festaNoParque ( cnpjParque, dataInicio, dataFim, numeroConvidados, nome )
	VALUES ( '94.231.713/9965-80', to_date ('2010-06-04', 'YYYY-MM-DD'), to_date ('2010-11-15', 'YYYY-MM-DD'), 646359, 'Isabelly Moraes' );
INSERT INTO festaNoParque ( cnpjParque, dataInicio, dataFim, numeroConvidados, nome )
	VALUES ( '64.566.386/0658-81', to_date ('2000-12-16', 'YYYY-MM-DD'), to_date ('2004-01-10', 'YYYY-MM-DD'), 870776, 'Dr. Luiz Otávio Pires' );
INSERT INTO festaNoParque ( cnpjParque, dataInicio, dataFim, numeroConvidados, nome )
	VALUES ( '94.231.713/9965-80', to_date ('2001-04-24', 'YYYY-MM-DD'), to_date ('2010-08-28', 'YYYY-MM-DD'), 667250, 'Maitê Lima' );
INSERT INTO festaNoParque ( cnpjParque, dataInicio, dataFim, numeroConvidados, nome )
	VALUES ( '34.999.680/4170-36', to_date ('2004-08-15', 'YYYY-MM-DD'), to_date ('2003-07-13', 'YYYY-MM-DD'), 296839, 'Dr. Carlos Eduardo Mendes' );

/* TABLE atracao */
INSERT INTO atracao ( cnpjParque, dataFesta, numero, nome, poligono )
	VALUES ( '34.999.680/4170-36', to_date ('2005-06-15', 'YYYY-MM-DD'), 161032, 'Lorenzo Martins', '{{447878, 118776, 692083}, {541757, 720650, 413309}, {413531, 511953, 576388}, {379145, 548356, 137968}, {373405, 510953, 476957}, {152235, 267893, 855511}, {521328, 434382, 650702}, {496089, 437486, 256087}, {833045, 392449, 543446}, {795199, 143360, 430825}}' );
INSERT INTO atracao ( cnpjParque, dataFesta, numero, nome, poligono )
	VALUES ( '56.282.116/5942-29', to_date ('2013-09-25', 'YYYY-MM-DD'), 207311, 'Luiz Henrique Pires', '{{889183, 697634, 454296}, {359670, 421029, 566756}, {683668, 547151, 750152}, {244762, 647155, 833176}, {830779, 264490, 547598}, {438994, 701521, 698049}, {382808, 652353, 193722}, {758424, 317832, 842561}, {473111, 251052, 809911}, {874518, 259066, 884200}}' );
INSERT INTO atracao ( cnpjParque, dataFesta, numero, nome, poligono )
	VALUES ( '26.643.718/3469-52', to_date ('2003-06-21', 'YYYY-MM-DD'), 770266, 'Helena Melo', '{{779985, 820928, 888351}, {207544, 873231, 636807}, {832214, 527268, 273785}, {616378, 505404, 144444}, {137424, 464312, 270979}, {352068, 624734, 772317}, {329767, 777543, 290867}, {793178, 680896, 227699}, {782553, 588654, 823396}, {792704, 468906, 677971}}' );
INSERT INTO atracao ( cnpjParque, dataFesta, numero, nome, poligono )
	VALUES ( '71.685.729/4726-89', to_date ('2012-01-18', 'YYYY-MM-DD'), 717390, 'Otávio da Mota', '{{798948, 108310, 688072}, {811468, 493132, 535307}, {436894, 658036, 851894}, {336145, 676413, 233028}, {313054, 854982, 763355}, {677449, 695981, 832550}, {164313, 447073, 392087}, {408933, 574574, 456241}, {316160, 240744, 131462}, {672926, 113917, 663382}}' );
INSERT INTO atracao ( cnpjParque, dataFesta, numero, nome, poligono )
	VALUES ( '26.874.389/1723-02', to_date ('2000-01-18', 'YYYY-MM-DD'), 469066, 'Dr. Bernardo Mendes', '{{264092, 175945, 326174}, {567182, 329660, 741092}, {621470, 290889, 499522}, {102786, 726881, 708296}, {129616, 422622, 466048}, {787544, 281941, 851515}, {481933, 568500, 799180}, {444206, 663200, 748511}, {247383, 712175, 726180}, {424713, 794128, 559443}}' );
INSERT INTO atracao ( cnpjParque, dataFesta, numero, nome, poligono )
	VALUES ( '56.282.116/5942-29', to_date ('2013-09-25', 'YYYY-MM-DD'), 187461, 'Clara da Conceição', '{{516368, 446775, 786563}, {502334, 890278, 128182}, {896373, 397701, 391844}, {732348, 428717, 760875}, {361238, 130986, 355537}, {580739, 214700, 343215}, {717279, 415800, 660858}, {328381, 181527, 376734}, {840875, 627677, 490707}, {598061, 792616, 514998}}' );
INSERT INTO atracao ( cnpjParque, dataFesta, numero, nome, poligono )
	VALUES ( '71.685.729/4726-89', to_date ('2012-01-18', 'YYYY-MM-DD'), 632034, 'Isabel Souza', '{{565517, 135372, 714412}, {767634, 187726, 491838}, {660885, 718230, 264459}, {682289, 724446, 440764}, {848894, 171195, 661990}, {222275, 813510, 574399}, {342840, 571559, 244126}, {413397, 533620, 742744}, {134332, 602248, 280598}, {464102, 172469, 776281}}' );
INSERT INTO atracao ( cnpjParque, dataFesta, numero, nome, poligono )
	VALUES ( '26.874.389/1723-02', to_date ('2000-01-18', 'YYYY-MM-DD'), 446633, 'Alexia Nunes', '{{395464, 586224, 859837}, {473593, 473930, 255977}, {552398, 774075, 345722}, {550532, 258181, 663434}, {525219, 268445, 158416}, {247761, 743623, 822094}, {838238, 173737, 135889}, {236498, 241579, 290910}, {585179, 235407, 525819}, {892442, 642026, 256510}}' );
INSERT INTO atracao ( cnpjParque, dataFesta, numero, nome, poligono )
	VALUES ( '26.874.389/1723-02', to_date ('2000-01-18', 'YYYY-MM-DD'), 561557, 'João Viana', '{{631328, 864783, 612075}, {416133, 579404, 152161}, {895118, 832874, 172786}, {198156, 713607, 409450}, {352387, 115354, 297478}, {688860, 205497, 476059}, {744016, 264220, 670705}, {226342, 558216, 661677}, {173618, 133865, 667263}, {770016, 720608, 154442}}' );
INSERT INTO atracao ( cnpjParque, dataFesta, numero, nome, poligono )
	VALUES ( '40.506.235/0656-92', to_date ('2003-01-23', 'YYYY-MM-DD'), 472303, 'Sabrina da Costa', '{{892223, 571993, 324872}, {820850, 214024, 217549}, {496127, 606120, 387203}, {151180, 280028, 620132}, {103588, 451111, 659701}, {777848, 353821, 405552}, {483654, 153842, 140957}, {180531, 401951, 322098}, {106009, 465603, 644114}, {332152, 586796, 764826}}' );
INSERT INTO atracao ( cnpjParque, dataFesta, numero, nome, poligono )
	VALUES ( '31.400.972/2310-96', to_date ('2004-03-29', 'YYYY-MM-DD'), 734371, 'Sr. João Pedro Sales', '{{464696, 108891, 888143}, {132039, 647609, 202922}, {206798, 177878, 680301}, {772033, 567073, 178566}, {336968, 287431, 133023}, {772561, 864338, 672989}, {337947, 662758, 839450}, {190357, 178385, 697173}, {634803, 562393, 674601}, {532383, 620653, 550887}}' );
INSERT INTO atracao ( cnpjParque, dataFesta, numero, nome, poligono )
	VALUES ( '30.485.345/5697-01', to_date ('2000-07-05', 'YYYY-MM-DD'), 389491, 'Sra. Gabriela Mendes', '{{586617, 363459, 422834}, {356940, 513888, 441012}, {249059, 800597, 859578}, {129719, 279954, 694672}, {297463, 668118, 349222}, {812679, 386383, 309730}, {818100, 573340, 595101}, {395153, 667635, 687423}, {387717, 746662, 393645}, {127043, 580285, 792540}}' );
INSERT INTO atracao ( cnpjParque, dataFesta, numero, nome, poligono )
	VALUES ( '34.999.680/4170-36', to_date ('2005-06-15', 'YYYY-MM-DD'), 587728, 'Leonardo Pinto', '{{624708, 490306, 415157}, {230762, 787269, 166488}, {799321, 225479, 148620}, {753597, 195755, 756404}, {658494, 227315, 181805}, {141278, 494228, 460852}, {761134, 584637, 266279}, {788020, 303528, 414810}, {611281, 801742, 824128}, {549182, 883369, 575787}}' );
INSERT INTO atracao ( cnpjParque, dataFesta, numero, nome, poligono )
	VALUES ( '94.231.713/9965-80', to_date ('2010-06-04', 'YYYY-MM-DD'), 136962, 'Ana Luiza Teixeira', '{{703424, 403671, 712935}, {511719, 806273, 358984}, {644675, 553359, 656348}, {754609, 457157, 820983}, {800775, 524106, 690756}, {144903, 508588, 612521}, {344521, 741961, 312793}, {281352, 837861, 196061}, {410517, 611801, 241539}, {464132, 613332, 153202}}' );
INSERT INTO atracao ( cnpjParque, dataFesta, numero, nome, poligono )
	VALUES ( '40.506.235/0656-92', to_date ('2011-07-04', 'YYYY-MM-DD'), 572266, 'Eduardo Cardoso', '{{237650, 822694, 511315}, {694120, 778971, 392587}, {850943, 277074, 774742}, {448031, 582875, 839120}, {569435, 569618, 525203}, {115754, 185133, 830174}, {749581, 773815, 853457}, {267977, 413385, 869768}, {533802, 271470, 214271}, {508368, 568800, 533433}}' );
INSERT INTO atracao ( cnpjParque, dataFesta, numero, nome, poligono )
	VALUES ( '71.685.729/4726-89', to_date ('2012-01-18', 'YYYY-MM-DD'), 811927, 'Laís Dias', '{{722156, 842207, 786653}, {794328, 844362, 645460}, {458360, 484441, 429736}, {843730, 473325, 324053}, {753940, 219145, 145325}, {763888, 773224, 833768}, {157314, 882160, 799276}, {392367, 789575, 315822}, {878813, 461524, 835877}, {203687, 449571, 108699}}' );
INSERT INTO atracao ( cnpjParque, dataFesta, numero, nome, poligono )
	VALUES ( '40.506.235/0656-92', to_date ('2011-07-04', 'YYYY-MM-DD'), 620851, 'Emanuel Almeida', '{{302127, 606818, 372643}, {899184, 781870, 547732}, {367796, 344494, 396131}, {669846, 498211, 342745}, {133236, 535607, 437548}, {251391, 500670, 402090}, {737835, 118058, 826646}, {250807, 682013, 617523}, {453414, 137170, 423834}, {102875, 474825, 302228}}' );
INSERT INTO atracao ( cnpjParque, dataFesta, numero, nome, poligono )
	VALUES ( '40.506.235/0656-92', to_date ('2003-01-23', 'YYYY-MM-DD'), 594449, 'Juliana Rodrigues', '{{214207, 441231, 627038}, {379614, 511508, 379593}, {212499, 871615, 403069}, {714653, 363219, 171264}, {811880, 799744, 882934}, {432649, 462386, 146917}, {626224, 376902, 503491}, {553305, 352888, 485583}, {677614, 575456, 776903}, {653838, 750679, 576859}}' );
INSERT INTO atracao ( cnpjParque, dataFesta, numero, nome, poligono )
	VALUES ( '40.506.235/0656-92', to_date ('2011-07-04', 'YYYY-MM-DD'), 742792, 'Calebe Gomes', '{{331169, 351034, 789507}, {531039, 861566, 381824}, {843032, 544771, 327411}, {802778, 496231, 207526}, {434546, 840726, 256960}, {496090, 545962, 858101}, {572689, 764246, 345923}, {540007, 793233, 485614}, {668866, 560759, 796367}, {608536, 699231, 127110}}' );
INSERT INTO atracao ( cnpjParque, dataFesta, numero, nome, poligono )
	VALUES ( '71.685.729/4726-89', to_date ('2012-01-18', 'YYYY-MM-DD'), 464559, 'Lavínia Castro', '{{604873, 657091, 613527}, {154652, 130695, 669541}, {441823, 341554, 785531}, {435278, 892509, 170516}, {855428, 165295, 773693}, {899352, 671436, 503041}, {759133, 454474, 220278}, {500113, 119868, 763140}, {463320, 105343, 401052}, {857936, 255998, 719151}}' );

/* TABLE opParque */
INSERT INTO opParque ( cpfOpCamera, data, idCameraSecundaria, cnpjParque, dataInicioParque, cpfAssistente )
	VALUES ( '679.002.127-48', to_date ('2016-05-08', 'YYYY-MM-DD'), 15, '56.282.116/5942-29', to_date ('2013-09-25', 'YYYY-MM-DD'), '478.696.780-28' );
INSERT INTO opParque ( cpfOpCamera, data, idCameraSecundaria, cnpjParque, dataInicioParque, cpfAssistente )
	VALUES ( '924.966.747-52', to_date ('2007-11-21', 'YYYY-MM-DD'), 20, '94.231.713/9965-80', to_date ('2014-10-27', 'YYYY-MM-DD'), '679.002.127-48' );
INSERT INTO opParque ( cpfOpCamera, data, idCameraSecundaria, cnpjParque, dataInicioParque, cpfAssistente )
	VALUES ( '679.002.127-48', to_date ('2016-05-08', 'YYYY-MM-DD'), 5, '89.545.773/6492-77', to_date ('2008-12-26', 'YYYY-MM-DD'), '478.696.780-28' );
INSERT INTO opParque ( cpfOpCamera, data, idCameraSecundaria, cnpjParque, dataInicioParque, cpfAssistente )
	VALUES ( '851.398.230-44', to_date ('2014-11-06', 'YYYY-MM-DD'), 7, '34.999.680/4170-36', to_date ('2004-08-15', 'YYYY-MM-DD'), '616.020.558-98' );
INSERT INTO opParque ( cpfOpCamera, data, idCameraSecundaria, cnpjParque, dataInicioParque, cpfAssistente )
	VALUES ( '679.002.127-48', to_date ('2016-05-08', 'YYYY-MM-DD'), 19, '34.999.680/4170-36', to_date ('2005-06-15', 'YYYY-MM-DD'), '516.335.573-78' );
INSERT INTO opParque ( cpfOpCamera, data, idCameraSecundaria, cnpjParque, dataInicioParque, cpfAssistente )
	VALUES ( '679.002.127-48', to_date ('2016-05-08', 'YYYY-MM-DD'), 13, '94.231.713/9965-80', to_date ('2001-04-24', 'YYYY-MM-DD'), '121.199.607-14' );
INSERT INTO opParque ( cpfOpCamera, data, idCameraSecundaria, cnpjParque, dataInicioParque, cpfAssistente )
	VALUES ( '478.696.780-28', to_date ('2006-06-09', 'YYYY-MM-DD'), 16, '26.643.718/3469-52', to_date ('2003-06-21', 'YYYY-MM-DD'), '432.789.595-66' );
INSERT INTO opParque ( cpfOpCamera, data, idCameraSecundaria, cnpjParque, dataInicioParque, cpfAssistente )
	VALUES ( '121.199.607-14', to_date ('2009-08-26', 'YYYY-MM-DD'), 8, '31.400.972/2310-96', to_date ('2004-03-29', 'YYYY-MM-DD'), '679.002.127-48' );
INSERT INTO opParque ( cpfOpCamera, data, idCameraSecundaria, cnpjParque, dataInicioParque, cpfAssistente )
	VALUES ( '478.696.780-28', to_date ('2006-06-09', 'YYYY-MM-DD'), 17, '26.643.718/3469-52', to_date ('2003-06-21', 'YYYY-MM-DD'), '946.521.617-86' );
INSERT INTO opParque ( cpfOpCamera, data, idCameraSecundaria, cnpjParque, dataInicioParque, cpfAssistente )
	VALUES ( '121.199.607-14', to_date ('2009-08-26', 'YYYY-MM-DD'), 1, '64.566.386/0658-81', to_date ('2009-01-25', 'YYYY-MM-DD'), '616.020.558-98' );
INSERT INTO opParque ( cpfOpCamera, data, idCameraSecundaria, cnpjParque, dataInicioParque, cpfAssistente )
	VALUES ( '478.696.780-28', to_date ('2014-05-15', 'YYYY-MM-DD'), 12, '64.566.386/0658-81', to_date ('2009-01-25', 'YYYY-MM-DD'), '583.792.569-11' );
INSERT INTO opParque ( cpfOpCamera, data, idCameraSecundaria, cnpjParque, dataInicioParque, cpfAssistente )
	VALUES ( '490.990.422-75', to_date ('2015-12-06', 'YYYY-MM-DD'), 2, '94.231.713/9965-80', to_date ('2010-06-04', 'YYYY-MM-DD'), '192.393.547-19' );
INSERT INTO opParque ( cpfOpCamera, data, idCameraSecundaria, cnpjParque, dataInicioParque, cpfAssistente )
	VALUES ( '523.255.716-37', to_date ('2006-07-14', 'YYYY-MM-DD'), 1, '26.874.389/1723-02', to_date ('2000-01-18', 'YYYY-MM-DD'), '624.975.827-59' );
INSERT INTO opParque ( cpfOpCamera, data, idCameraSecundaria, cnpjParque, dataInicioParque, cpfAssistente )
	VALUES ( '851.398.230-44', to_date ('2014-11-06', 'YYYY-MM-DD'), 4, '56.282.116/5942-29', to_date ('2013-09-25', 'YYYY-MM-DD'), '851.398.230-44' );
INSERT INTO opParque ( cpfOpCamera, data, idCameraSecundaria, cnpjParque, dataInicioParque, cpfAssistente )
	VALUES ( '851.398.230-44', to_date ('2018-12-10', 'YYYY-MM-DD'), 1, '89.545.773/6492-77', to_date ('2008-12-26', 'YYYY-MM-DD'), '523.255.716-37' );
INSERT INTO opParque ( cpfOpCamera, data, idCameraSecundaria, cnpjParque, dataInicioParque, cpfAssistente )
	VALUES ( '478.696.780-28', to_date ('2016-08-28', 'YYYY-MM-DD'), 3, '56.282.116/5942-29', to_date ('2013-09-25', 'YYYY-MM-DD'), '490.990.422-75' );
INSERT INTO opParque ( cpfOpCamera, data, idCameraSecundaria, cnpjParque, dataInicioParque, cpfAssistente )
	VALUES ( '197.520.896-76', to_date ('2009-12-14', 'YYYY-MM-DD'), 1, '71.685.729/4726-89', to_date ('2012-01-18', 'YYYY-MM-DD'), '736.917.544-50' );
INSERT INTO opParque ( cpfOpCamera, data, idCameraSecundaria, cnpjParque, dataInicioParque, cpfAssistente )
	VALUES ( '833.488.525-02', to_date ('2013-09-14', 'YYYY-MM-DD'), 4, '40.506.235/0656-92', to_date ('2002-01-06', 'YYYY-MM-DD'), '516.335.573-78' );
INSERT INTO opParque ( cpfOpCamera, data, idCameraSecundaria, cnpjParque, dataInicioParque, cpfAssistente )
	VALUES ( '523.255.716-37', to_date ('2001-11-10', 'YYYY-MM-DD'), 3, '30.485.345/5697-01', to_date ('2000-07-05', 'YYYY-MM-DD'), '624.975.827-59' );
INSERT INTO opParque ( cpfOpCamera, data, idCameraSecundaria, cnpjParque, dataInicioParque, cpfAssistente )
	VALUES ( '632.034.959-23', to_date ('2011-06-07', 'YYYY-MM-DD'), 14, '40.506.235/0656-92', to_date ('2017-10-11', 'YYYY-MM-DD'), '523.255.716-37' );

/* TABLE pontoInstalacao */
/* NULL INSERTION FOR ATTRIBUTEfonteAlimentacaoAT TABLEpontoInstalacao */
INSERT INTO pontoInstalacao ( cnpjParque, coordenadas, descricao, conectividade, iluminacao, contatoAgua, fonteAlimentacao )
	VALUES ( '32.919.066/7531-72', '{438269, 877432, 478517}', 'Similique laborum consectetur necessitatibus. Doloremque quos culpa repellat. Repellat incidunt nulla sequi amet debitis.', 'Nostrum saepe quaerat eius a', 'BAIXA', FALSE, NULL );
/* NULL INSERTION FOR ATTRIBUTEcontatoAguaAT TABLEpontoInstalacao */
INSERT INTO pontoInstalacao ( cnpjParque, coordenadas, descricao, conectividade, iluminacao, contatoAgua, fonteAlimentacao )
	VALUES ( '30.485.345/5697-01', '{525987, 330400, 592903}', 'Voluptates tenetur perspiciatis asperiores. Delectus tenetur ad dolores atque perspiciatis dicta. Sit ducimus incidunt unde.', 'Voluptate voluptatibus fuga', 'MEDIA', NULL, 'Expedita ipsam numquam' );
/* NULL INSERTION FOR ATTRIBUTEiluminacaoAT TABLEpontoInstalacao */
INSERT INTO pontoInstalacao ( cnpjParque, coordenadas, descricao, conectividade, iluminacao, contatoAgua, fonteAlimentacao )
	VALUES ( '19.015.770/8218-48', '{883907, 378634, 150490}', 'Quidem id quam aliquam hic repellendus. Qui deserunt eaque distinctio earum. Quae explicabo eligendi.', 'Sed ipsa saepe at deleniti ', NULL, TRUE, 'Dicta sunt assum' );
/* NULL INSERTION FOR ATTRIBUTEconectividadeAT TABLEpontoInstalacao */
INSERT INTO pontoInstalacao ( cnpjParque, coordenadas, descricao, conectividade, iluminacao, contatoAgua, fonteAlimentacao )
	VALUES ( '40.506.235/0656-92', '{443129, 309317, 118767}', 'Eligendi doloremque quisquam aliquid maiores. Laboriosam nihil quidem quisquam iure. Ullam sequi labore voluptatem vitae officii', NULL, 'ALTA', TRUE, 'Incidunt tempore volup' );
/* NULL INSERTION FOR ATTRIBUTEdescricaoAT TABLEpontoInstalacao */
INSERT INTO pontoInstalacao ( cnpjParque, coordenadas, descricao, conectividade, iluminacao, contatoAgua, fonteAlimentacao )
	VALUES ( '32.919.066/7531-72', '{787615, 682896, 366321}', NULL, 'Eveniet dignissimo', 'ALTA', TRUE, 'Sunt eaque voluptatem do' );
INSERT INTO pontoInstalacao ( cnpjParque, coordenadas, descricao, conectividade, iluminacao, contatoAgua, fonteAlimentacao )
	VALUES ( '34.999.680/4170-36', '{824255, 304605, 728459}', 'Ipsam eaque officia blanditiis eligendi ut voluptate. Voluptates exercitationem illum nostrum omnis repellat aperiam. Officia co', 'Dolorum labore tempore', 'BAIXA', TRUE, 'Vero delectus consectetur quod' );
INSERT INTO pontoInstalacao ( cnpjParque, coordenadas, descricao, conectividade, iluminacao, contatoAgua, fonteAlimentacao )
	VALUES ( '64.566.386/0658-81', '{314566, 464694, 780316}', 'Unde quod sunt tempora eligendi quos quasi cumque. Alias itaque unde quasi tempore reprehenderit.', 'Voluptates beatae eius. Mole', 'BAIXA', FALSE, 'Voluptas quidem re' );
INSERT INTO pontoInstalacao ( cnpjParque, coordenadas, descricao, conectividade, iluminacao, contatoAgua, fonteAlimentacao )
	VALUES ( '09.538.863/6691-89', '{809911, 567110, 816699}', 'Voluptas nam nam asperiores ipsam deleniti. Dolores quam quia ab dolore optio. Odit dolorem ipsum.', 'Possimus esse ut', 'ALTA', FALSE, 'A minus voluptates ' );
INSERT INTO pontoInstalacao ( cnpjParque, coordenadas, descricao, conectividade, iluminacao, contatoAgua, fonteAlimentacao )
	VALUES ( '61.306.096/7744-10', '{189431, 752474, 860644}', 'Qui quibusdam nostrum dolores labore. Vel aspernatur dolorem esse pariatur. Quam culpa libero corporis.', 'Magni quos perferendis ', 'MEDIA', FALSE, 'A cumque in repellat illo quam' );
INSERT INTO pontoInstalacao ( cnpjParque, coordenadas, descricao, conectividade, iluminacao, contatoAgua, fonteAlimentacao )
	VALUES ( '54.132.251/1018-82', '{882695, 159403, 135406}', 'Accusantium alias ipsam suscipit sed. Magni sapiente eaque natus. Repellendus repellat nostrum minima rem suscipit deserunt. Eaq', 'Quae ullam qui natus neque amet ', 'ALTA', FALSE, 'Beatae debitis odio min' );
INSERT INTO pontoInstalacao ( cnpjParque, coordenadas, descricao, conectividade, iluminacao, contatoAgua, fonteAlimentacao )
	VALUES ( '40.506.235/0656-92', '{888269, 401345, 473265}', 'Excepturi unde porro occaecati aliquam. Impedit impedit nihil blanditiis architecto. In distinctio repudiandae occaecati.', 'Corrupti ratione quos earu', 'ALTA', FALSE, 'Porro voluptatem q' );
INSERT INTO pontoInstalacao ( cnpjParque, coordenadas, descricao, conectividade, iluminacao, contatoAgua, fonteAlimentacao )
	VALUES ( '31.400.972/2310-96', '{166953, 427857, 329613}', 'Quam suscipit fuga. Eaque debitis quisquam officiis. Veniam expedita esse sunt nihil amet. Cupiditate vel repellat. Necessitatib', 'Accusamus earum nem', 'ALTA', TRUE, 'Cum cum non earu' );
INSERT INTO pontoInstalacao ( cnpjParque, coordenadas, descricao, conectividade, iluminacao, contatoAgua, fonteAlimentacao )
	VALUES ( '24.472.862/6691-06', '{276916, 286647, 274273}', 'In officiis mollitia pariatur aspernatur dolor. Nemo aliquid cumque rerum numquam qui sit porro. Libero illum voluptatum possimu', 'Deserunt corrupti ut natus', 'BAIXA', TRUE, 'Unde sint corporis. N' );
INSERT INTO pontoInstalacao ( cnpjParque, coordenadas, descricao, conectividade, iluminacao, contatoAgua, fonteAlimentacao )
	VALUES ( '26.874.389/1723-02', '{636086, 415185, 326250}', 'Unde totam incidunt vitae minus porro. Rem esse doloribus ullam. Repudiandae dolore animi exercitationem non error. Non necessit', 'Praesentium in velit. A', 'BAIXA', FALSE, 'Harum id voluptatum e' );
INSERT INTO pontoInstalacao ( cnpjParque, coordenadas, descricao, conectividade, iluminacao, contatoAgua, fonteAlimentacao )
	VALUES ( '89.545.773/6492-77', '{204789, 345458, 229680}', 'Asperiores autem ea deserunt provident necessitatibus repellat. Enim architecto molestias distinctio libero qui provident.', 'Nobis officia disti', 'BAIXA', TRUE, 'Corporis nihil animi volup' );
INSERT INTO pontoInstalacao ( cnpjParque, coordenadas, descricao, conectividade, iluminacao, contatoAgua, fonteAlimentacao )
	VALUES ( '42.282.106/3773-15', '{648462, 363863, 431912}', 'Cum corrupti cumque aperiam eius odit saepe. Minus amet unde reiciendis harum repellendus ratione aliquam. Provident excepturi n', 'Debitis explicabo digni', 'ALTA', FALSE, 'Aut earum architecto aliquid m' );
INSERT INTO pontoInstalacao ( cnpjParque, coordenadas, descricao, conectividade, iluminacao, contatoAgua, fonteAlimentacao )
	VALUES ( '24.472.862/6691-06', '{459075, 249156, 656925}', 'Nobis possimus asperiores optio impedit quis. Explicabo molestiae assumenda similique similique molestiae non quod. Architecto n', 'Dolor sapiente fugiat offic', 'ALTA', FALSE, 'Illo iure reiciendis simili' );
INSERT INTO pontoInstalacao ( cnpjParque, coordenadas, descricao, conectividade, iluminacao, contatoAgua, fonteAlimentacao )
	VALUES ( '26.874.389/1723-02', '{619643, 723813, 455696}', 'Quia maxime temporibus at id alias. Ipsa maxime repellat a incidunt dignissimos ea.', 'Enim similique fugiat molestiae', 'ALTA', FALSE, 'Quam nulla dolorem. Qu' );
INSERT INTO pontoInstalacao ( cnpjParque, coordenadas, descricao, conectividade, iluminacao, contatoAgua, fonteAlimentacao )
	VALUES ( '71.685.729/4726-89', '{152652, 378641, 153784}', 'Ipsum est minus maxime maxime. Quaerat quas perferendis. Ipsam iure ipsa perspiciatis. Quos adipisci eveniet illo quod dolore ma', 'Nihil eos aliqua', 'MEDIA', TRUE, 'Ipsum recusandae laborum exerci' );
INSERT INTO pontoInstalacao ( cnpjParque, coordenadas, descricao, conectividade, iluminacao, contatoAgua, fonteAlimentacao )
	VALUES ( '54.132.251/1018-82', '{743836, 276798, 492453}', 'Corporis maiores blanditiis. Blanditiis ratione voluptates velit aliquam libero suscipit quas.', 'Numquam reiciendis q', 'BAIXA', TRUE, 'Laborum nemo ad cumque moles' );
INSERT INTO pontoInstalacao ( cnpjParque, coordenadas, descricao, conectividade, iluminacao, contatoAgua, fonteAlimentacao )
	VALUES ( '56.282.116/5942-29', '{737772, 434936, 247984}', 'Error nobis tempore nesciunt totam numquam. Eaque dolorum in enim.', 'Tempore inventore fuga quod temp', 'ALTA', TRUE, 'Sequi provident ' );
INSERT INTO pontoInstalacao ( cnpjParque, coordenadas, descricao, conectividade, iluminacao, contatoAgua, fonteAlimentacao )
	VALUES ( '34.999.680/4170-36', '{169203, 888875, 564591}', 'Soluta pariatur harum sunt. Qui expedita error eos quasi consectetur.', 'Facere sapiente unde ', 'MEDIA', TRUE, 'Perspiciatis modi enim perfere' );
INSERT INTO pontoInstalacao ( cnpjParque, coordenadas, descricao, conectividade, iluminacao, contatoAgua, fonteAlimentacao )
	VALUES ( '40.506.235/0656-92', '{637679, 696265, 561598}', 'Voluptatem reprehenderit et vero esse dignissimos vitae. Asperiores neque molestiae ad eum nesciunt.', 'Excepturi nesciunt par', 'ALTA', TRUE, 'Harum quam esse ' );
INSERT INTO pontoInstalacao ( cnpjParque, coordenadas, descricao, conectividade, iluminacao, contatoAgua, fonteAlimentacao )
	VALUES ( '71.685.729/4726-89', '{323544, 845740, 556028}', 'Veniam expedita nesciunt deleniti. Id quos est vero impedit vitae. Cupiditate sit nobis nisi. Ad architecto eum inventore.', 'Dolorum iste consequatur exped', 'MEDIA', TRUE, 'Optio nostrum aut' );
INSERT INTO pontoInstalacao ( cnpjParque, coordenadas, descricao, conectividade, iluminacao, contatoAgua, fonteAlimentacao )
	VALUES ( '19.015.770/8218-48', '{140430, 334593, 703034}', 'Omnis molestiae corporis est nesciunt nam mollitia. Magni nihil commodi sit voluptas aut. Animi cupiditate inventore.', 'Beatae nulla labore impedit ita', 'ALTA', TRUE, 'Libero quas reiciendis odi' );

/* TABLE pontoCamera */
INSERT INTO pontoCamera ( idCamera, cnpjParque, coordenadas, data, quantidade )
	VALUES ( 12, '71.685.729/4726-89', '{323544, 845740, 556028}', to_date ('2012-11-09', 'YYYY-MM-DD'), 209849 );
INSERT INTO pontoCamera ( idCamera, cnpjParque, coordenadas, data, quantidade )
	VALUES ( 6, '56.282.116/5942-29', '{737772, 434936, 247984}', to_date ('2011-04-06', 'YYYY-MM-DD'), 779606 );
INSERT INTO pontoCamera ( idCamera, cnpjParque, coordenadas, data, quantidade )
	VALUES ( 1, '31.400.972/2310-96', '{166953, 427857, 329613}', to_date ('2002-01-23', 'YYYY-MM-DD'), 351544 );
INSERT INTO pontoCamera ( idCamera, cnpjParque, coordenadas, data, quantidade )
	VALUES ( 19, '09.538.863/6691-89', '{809911, 567110, 816699}', to_date ('2000-11-25', 'YYYY-MM-DD'), 668423 );
INSERT INTO pontoCamera ( idCamera, cnpjParque, coordenadas, data, quantidade )
	VALUES ( 15, '09.538.863/6691-89', '{809911, 567110, 816699}', to_date ('2000-07-14', 'YYYY-MM-DD'), 767445 );
INSERT INTO pontoCamera ( idCamera, cnpjParque, coordenadas, data, quantidade )
	VALUES ( 1, '71.685.729/4726-89', '{152652, 378641, 153784}', to_date ('2002-04-03', 'YYYY-MM-DD'), 766014 );
INSERT INTO pontoCamera ( idCamera, cnpjParque, coordenadas, data, quantidade )
	VALUES ( 1, '89.545.773/6492-77', '{204789, 345458, 229680}', to_date ('2004-01-24', 'YYYY-MM-DD'), 112317 );
INSERT INTO pontoCamera ( idCamera, cnpjParque, coordenadas, data, quantidade )
	VALUES ( 8, '54.132.251/1018-82', '{882695, 159403, 135406}', to_date ('2009-04-10', 'YYYY-MM-DD'), 811659 );
INSERT INTO pontoCamera ( idCamera, cnpjParque, coordenadas, data, quantidade )
	VALUES ( 16, '34.999.680/4170-36', '{169203, 888875, 564591}', to_date ('2011-04-01', 'YYYY-MM-DD'), 860349 );
INSERT INTO pontoCamera ( idCamera, cnpjParque, coordenadas, data, quantidade )
	VALUES ( 6, '40.506.235/0656-92', '{888269, 401345, 473265}', to_date ('2000-10-25', 'YYYY-MM-DD'), 292134 );
INSERT INTO pontoCamera ( idCamera, cnpjParque, coordenadas, data, quantidade )
	VALUES ( 11, '71.685.729/4726-89', '{323544, 845740, 556028}', to_date ('2000-10-26', 'YYYY-MM-DD'), 361793 );
INSERT INTO pontoCamera ( idCamera, cnpjParque, coordenadas, data, quantidade )
	VALUES ( 10, '31.400.972/2310-96', '{166953, 427857, 329613}', to_date ('2003-03-13', 'YYYY-MM-DD'), 248667 );
INSERT INTO pontoCamera ( idCamera, cnpjParque, coordenadas, data, quantidade )
	VALUES ( 11, '19.015.770/8218-48', '{140430, 334593, 703034}', to_date ('2003-04-30', 'YYYY-MM-DD'), 201418 );
INSERT INTO pontoCamera ( idCamera, cnpjParque, coordenadas, data, quantidade )
	VALUES ( 11, '54.132.251/1018-82', '{743836, 276798, 492453}', to_date ('2017-02-18', 'YYYY-MM-DD'), 842384 );
INSERT INTO pontoCamera ( idCamera, cnpjParque, coordenadas, data, quantidade )
	VALUES ( 1, '54.132.251/1018-82', '{882695, 159403, 135406}', to_date ('2010-12-25', 'YYYY-MM-DD'), 792949 );
INSERT INTO pontoCamera ( idCamera, cnpjParque, coordenadas, data, quantidade )
	VALUES ( 7, '34.999.680/4170-36', '{824255, 304605, 728459}', to_date ('2012-07-01', 'YYYY-MM-DD'), 866839 );
INSERT INTO pontoCamera ( idCamera, cnpjParque, coordenadas, data, quantidade )
	VALUES ( 7, '71.685.729/4726-89', '{323544, 845740, 556028}', to_date ('2008-02-14', 'YYYY-MM-DD'), 872565 );
INSERT INTO pontoCamera ( idCamera, cnpjParque, coordenadas, data, quantidade )
	VALUES ( 9, '34.999.680/4170-36', '{169203, 888875, 564591}', to_date ('2009-04-16', 'YYYY-MM-DD'), 773285 );
INSERT INTO pontoCamera ( idCamera, cnpjParque, coordenadas, data, quantidade )
	VALUES ( 20, '89.545.773/6492-77', '{204789, 345458, 229680}', to_date ('2008-06-06', 'YYYY-MM-DD'), 144325 );
INSERT INTO pontoCamera ( idCamera, cnpjParque, coordenadas, data, quantidade )
	VALUES ( 6, '26.874.389/1723-02', '{636086, 415185, 326250}', to_date ('2000-12-27', 'YYYY-MM-DD'), 522741 );

/* TABLE pontoEstrutura */
INSERT INTO pontoEstrutura ( idEstruturacao, cnpjParque, coordenadas, data, quantidade )
	VALUES ( 19, '24.472.862/6691-06', '{459075, 249156, 656925}', to_date ('2009-09-25', 'YYYY-MM-DD'), 384803 );
INSERT INTO pontoEstrutura ( idEstruturacao, cnpjParque, coordenadas, data, quantidade )
	VALUES ( 16, '24.472.862/6691-06', '{276916, 286647, 274273}', to_date ('2014-07-12', 'YYYY-MM-DD'), 638224 );
INSERT INTO pontoEstrutura ( idEstruturacao, cnpjParque, coordenadas, data, quantidade )
	VALUES ( 16, '34.999.680/4170-36', '{824255, 304605, 728459}', to_date ('2004-05-22', 'YYYY-MM-DD'), 119493 );
INSERT INTO pontoEstrutura ( idEstruturacao, cnpjParque, coordenadas, data, quantidade )
	VALUES ( 4, '61.306.096/7744-10', '{189431, 752474, 860644}', to_date ('2011-01-29', 'YYYY-MM-DD'), 438058 );
INSERT INTO pontoEstrutura ( idEstruturacao, cnpjParque, coordenadas, data, quantidade )
	VALUES ( 7, '71.685.729/4726-89', '{152652, 378641, 153784}', to_date ('2000-04-10', 'YYYY-MM-DD'), 425040 );
INSERT INTO pontoEstrutura ( idEstruturacao, cnpjParque, coordenadas, data, quantidade )
	VALUES ( 17, '26.874.389/1723-02', '{619643, 723813, 455696}', to_date ('2000-07-29', 'YYYY-MM-DD'), 832846 );
INSERT INTO pontoEstrutura ( idEstruturacao, cnpjParque, coordenadas, data, quantidade )
	VALUES ( 4, '31.400.972/2310-96', '{166953, 427857, 329613}', to_date ('2006-12-06', 'YYYY-MM-DD'), 537255 );
INSERT INTO pontoEstrutura ( idEstruturacao, cnpjParque, coordenadas, data, quantidade )
	VALUES ( 15, '09.538.863/6691-89', '{809911, 567110, 816699}', to_date ('2004-11-15', 'YYYY-MM-DD'), 789315 );
INSERT INTO pontoEstrutura ( idEstruturacao, cnpjParque, coordenadas, data, quantidade )
	VALUES ( 19, '61.306.096/7744-10', '{189431, 752474, 860644}', to_date ('2014-08-29', 'YYYY-MM-DD'), 803843 );
INSERT INTO pontoEstrutura ( idEstruturacao, cnpjParque, coordenadas, data, quantidade )
	VALUES ( 14, '89.545.773/6492-77', '{204789, 345458, 229680}', to_date ('2018-09-01', 'YYYY-MM-DD'), 766613 );
INSERT INTO pontoEstrutura ( idEstruturacao, cnpjParque, coordenadas, data, quantidade )
	VALUES ( 14, '09.538.863/6691-89', '{809911, 567110, 816699}', to_date ('2010-03-03', 'YYYY-MM-DD'), 804741 );
INSERT INTO pontoEstrutura ( idEstruturacao, cnpjParque, coordenadas, data, quantidade )
	VALUES ( 16, '26.874.389/1723-02', '{619643, 723813, 455696}', to_date ('2017-02-19', 'YYYY-MM-DD'), 617390 );
INSERT INTO pontoEstrutura ( idEstruturacao, cnpjParque, coordenadas, data, quantidade )
	VALUES ( 18, '24.472.862/6691-06', '{276916, 286647, 274273}', to_date ('2008-10-28', 'YYYY-MM-DD'), 857292 );
INSERT INTO pontoEstrutura ( idEstruturacao, cnpjParque, coordenadas, data, quantidade )
	VALUES ( 14, '09.538.863/6691-89', '{809911, 567110, 816699}', to_date ('2005-09-03', 'YYYY-MM-DD'), 477975 );
INSERT INTO pontoEstrutura ( idEstruturacao, cnpjParque, coordenadas, data, quantidade )
	VALUES ( 12, '71.685.729/4726-89', '{323544, 845740, 556028}', to_date ('2008-08-11', 'YYYY-MM-DD'), 696792 );
INSERT INTO pontoEstrutura ( idEstruturacao, cnpjParque, coordenadas, data, quantidade )
	VALUES ( 13, '54.132.251/1018-82', '{743836, 276798, 492453}', to_date ('2012-06-20', 'YYYY-MM-DD'), 880094 );
INSERT INTO pontoEstrutura ( idEstruturacao, cnpjParque, coordenadas, data, quantidade )
	VALUES ( 18, '71.685.729/4726-89', '{152652, 378641, 153784}', to_date ('2014-08-27', 'YYYY-MM-DD'), 654411 );
INSERT INTO pontoEstrutura ( idEstruturacao, cnpjParque, coordenadas, data, quantidade )
	VALUES ( 9, '31.400.972/2310-96', '{166953, 427857, 329613}', to_date ('2014-09-23', 'YYYY-MM-DD'), 261388 );
INSERT INTO pontoEstrutura ( idEstruturacao, cnpjParque, coordenadas, data, quantidade )
	VALUES ( 12, '54.132.251/1018-82', '{882695, 159403, 135406}', to_date ('2005-05-03', 'YYYY-MM-DD'), 427485 );
INSERT INTO pontoEstrutura ( idEstruturacao, cnpjParque, coordenadas, data, quantidade )
	VALUES ( 1, '71.685.729/4726-89', '{323544, 845740, 556028}', to_date ('2011-07-05', 'YYYY-MM-DD'), 730716 );

/* TABLE pontoSom */
/* NULL INSERTION FOR ATTRIBUTEnumeroGrafoAT TABLEpontoSom */
INSERT INTO pontoSom ( idSonorizacao, cnpjParque, coordenadas, data, quantidade, numeroGrafo )
	VALUES ( 3, '40.506.235/0656-92', '{637679, 696265, 561598}', to_date ('2017-05-17', 'YYYY-MM-DD'), 429289, NULL );
/* NULL INSERTION FOR ATTRIBUTEdataAT TABLEpontoSom */
INSERT INTO pontoSom ( idSonorizacao, cnpjParque, coordenadas, data, quantidade, numeroGrafo )
	VALUES ( 4, '19.015.770/8218-48', '{140430, 334593, 703034}', NULL, 552843, 585238 );
INSERT INTO pontoSom ( idSonorizacao, cnpjParque, coordenadas, data, quantidade, numeroGrafo )
	VALUES ( 7, '54.132.251/1018-82', '{882695, 159403, 135406}', to_date ('2002-05-17', 'YYYY-MM-DD'), 128927, 348855 );
INSERT INTO pontoSom ( idSonorizacao, cnpjParque, coordenadas, data, quantidade, numeroGrafo )
	VALUES ( 1, '71.685.729/4726-89', '{323544, 845740, 556028}', to_date ('2002-01-15', 'YYYY-MM-DD'), 626767, 356659 );
INSERT INTO pontoSom ( idSonorizacao, cnpjParque, coordenadas, data, quantidade, numeroGrafo )
	VALUES ( 19, '19.015.770/8218-48', '{140430, 334593, 703034}', to_date ('2006-07-18', 'YYYY-MM-DD'), 875289, 877904 );
INSERT INTO pontoSom ( idSonorizacao, cnpjParque, coordenadas, data, quantidade, numeroGrafo )
	VALUES ( 17, '24.472.862/6691-06', '{276916, 286647, 274273}', to_date ('2004-05-21', 'YYYY-MM-DD'), 582705, 545113 );
INSERT INTO pontoSom ( idSonorizacao, cnpjParque, coordenadas, data, quantidade, numeroGrafo )
	VALUES ( 16, '71.685.729/4726-89', '{323544, 845740, 556028}', to_date ('2017-09-10', 'YYYY-MM-DD'), 138928, 130276 );
INSERT INTO pontoSom ( idSonorizacao, cnpjParque, coordenadas, data, quantidade, numeroGrafo )
	VALUES ( 7, '64.566.386/0658-81', '{314566, 464694, 780316}', to_date ('2018-03-13', 'YYYY-MM-DD'), 284116, 687648 );
INSERT INTO pontoSom ( idSonorizacao, cnpjParque, coordenadas, data, quantidade, numeroGrafo )
	VALUES ( 14, '19.015.770/8218-48', '{140430, 334593, 703034}', to_date ('2015-08-16', 'YYYY-MM-DD'), 240491, 853649 );
INSERT INTO pontoSom ( idSonorizacao, cnpjParque, coordenadas, data, quantidade, numeroGrafo )
	VALUES ( 9, '71.685.729/4726-89', '{323544, 845740, 556028}', to_date ('2010-06-29', 'YYYY-MM-DD'), 460912, 368537 );
INSERT INTO pontoSom ( idSonorizacao, cnpjParque, coordenadas, data, quantidade, numeroGrafo )
	VALUES ( 12, '40.506.235/0656-92', '{888269, 401345, 473265}', to_date ('2004-03-07', 'YYYY-MM-DD'), 322154, 710630 );
INSERT INTO pontoSom ( idSonorizacao, cnpjParque, coordenadas, data, quantidade, numeroGrafo )
	VALUES ( 13, '26.874.389/1723-02', '{619643, 723813, 455696}', to_date ('2009-08-16', 'YYYY-MM-DD'), 787690, 744101 );
INSERT INTO pontoSom ( idSonorizacao, cnpjParque, coordenadas, data, quantidade, numeroGrafo )
	VALUES ( 9, '71.685.729/4726-89', '{152652, 378641, 153784}', to_date ('2015-05-02', 'YYYY-MM-DD'), 351581, 104980 );
INSERT INTO pontoSom ( idSonorizacao, cnpjParque, coordenadas, data, quantidade, numeroGrafo )
	VALUES ( 12, '71.685.729/4726-89', '{323544, 845740, 556028}', to_date ('2017-04-21', 'YYYY-MM-DD'), 169507, 152407 );
INSERT INTO pontoSom ( idSonorizacao, cnpjParque, coordenadas, data, quantidade, numeroGrafo )
	VALUES ( 10, '61.306.096/7744-10', '{189431, 752474, 860644}', to_date ('2013-01-23', 'YYYY-MM-DD'), 290835, 441700 );
INSERT INTO pontoSom ( idSonorizacao, cnpjParque, coordenadas, data, quantidade, numeroGrafo )
	VALUES ( 17, '71.685.729/4726-89', '{323544, 845740, 556028}', to_date ('2016-01-10', 'YYYY-MM-DD'), 853499, 773336 );
INSERT INTO pontoSom ( idSonorizacao, cnpjParque, coordenadas, data, quantidade, numeroGrafo )
	VALUES ( 20, '56.282.116/5942-29', '{737772, 434936, 247984}', to_date ('2004-02-19', 'YYYY-MM-DD'), 371674, 321355 );
INSERT INTO pontoSom ( idSonorizacao, cnpjParque, coordenadas, data, quantidade, numeroGrafo )
	VALUES ( 4, '34.999.680/4170-36', '{169203, 888875, 564591}', to_date ('2011-02-00', 'YYYY-MM-DD'), 715921, 381130 );
INSERT INTO pontoSom ( idSonorizacao, cnpjParque, coordenadas, data, quantidade, numeroGrafo )
	VALUES ( 15, '54.132.251/1018-82', '{882695, 159403, 135406}', to_date ('2012-07-22', 'YYYY-MM-DD'), 388771, 357225 );
INSERT INTO pontoSom ( idSonorizacao, cnpjParque, coordenadas, data, quantidade, numeroGrafo )
	VALUES ( 5, '71.685.729/4726-89', '{323544, 845740, 556028}', to_date ('2015-03-23', 'YYYY-MM-DD'), 286320, 612486 );
INSERT INTO pontoSom ( idSonorizacao, cnpjParque, coordenadas, data, quantidade, numeroGrafo )
	VALUES ( 20, '71.685.729/4726-89', '{152652, 378641, 153784}', to_date ('2017-05-24', 'YYYY-MM-DD'), 649129, 441688 );
INSERT INTO pontoSom ( idSonorizacao, cnpjParque, coordenadas, data, quantidade, numeroGrafo )
	VALUES ( 2, '54.132.251/1018-82', '{882695, 159403, 135406}', to_date ('2001-11-18', 'YYYY-MM-DD'), 584973, 522747 );

/* TABLE opera */
INSERT INTO opera ( cnpjParque, dataFesta, cpfPiloto, idDrone )
	VALUES ( '94.231.713/9965-80', to_date ('2001-04-24', 'YYYY-MM-DD'), '616.020.558-98', 32029869 );
INSERT INTO opera ( cnpjParque, dataFesta, cpfPiloto, idDrone )
	VALUES ( '71.685.729/4726-89', to_date ('2012-01-18', 'YYYY-MM-DD'), '133.722.910-23', 36585503 );
INSERT INTO opera ( cnpjParque, dataFesta, cpfPiloto, idDrone )
	VALUES ( '64.566.386/0658-81', to_date ('2009-01-25', 'YYYY-MM-DD'), '432.789.595-66', 40993146 );
INSERT INTO opera ( cnpjParque, dataFesta, cpfPiloto, idDrone )
	VALUES ( '64.566.386/0658-81', to_date ('2009-01-25', 'YYYY-MM-DD'), '782.988.670-79', 12294668 );
INSERT INTO opera ( cnpjParque, dataFesta, cpfPiloto, idDrone )
	VALUES ( '40.506.235/0656-92', to_date ('2003-01-23', 'YYYY-MM-DD'), '432.789.595-66', 37191822 );
INSERT INTO opera ( cnpjParque, dataFesta, cpfPiloto, idDrone )
	VALUES ( '34.999.680/4170-36', to_date ('2004-08-15', 'YYYY-MM-DD'), '197.520.896-76', 86351412 );
INSERT INTO opera ( cnpjParque, dataFesta, cpfPiloto, idDrone )
	VALUES ( '31.400.972/2310-96', to_date ('2004-03-29', 'YYYY-MM-DD'), '624.975.827-59', 44799615 );
INSERT INTO opera ( cnpjParque, dataFesta, cpfPiloto, idDrone )
	VALUES ( '34.999.680/4170-36', to_date ('2004-08-15', 'YYYY-MM-DD'), '946.521.617-86', 19987904 );
INSERT INTO opera ( cnpjParque, dataFesta, cpfPiloto, idDrone )
	VALUES ( '64.566.386/0658-81', to_date ('2009-01-25', 'YYYY-MM-DD'), '924.966.747-52', 31520487 );
INSERT INTO opera ( cnpjParque, dataFesta, cpfPiloto, idDrone )
	VALUES ( '40.506.235/0656-92', to_date ('2017-10-11', 'YYYY-MM-DD'), '516.335.573-78', 41210535 );
INSERT INTO opera ( cnpjParque, dataFesta, cpfPiloto, idDrone )
	VALUES ( '94.231.713/9965-80', to_date ('2010-06-04', 'YYYY-MM-DD'), '121.199.607-14', 37703339 );
INSERT INTO opera ( cnpjParque, dataFesta, cpfPiloto, idDrone )
	VALUES ( '40.506.235/0656-92', to_date ('2002-01-06', 'YYYY-MM-DD'), '924.966.747-52', 72234071 );
INSERT INTO opera ( cnpjParque, dataFesta, cpfPiloto, idDrone )
	VALUES ( '30.485.345/5697-01', to_date ('2000-07-05', 'YYYY-MM-DD'), '632.034.959-23', 46880453 );
INSERT INTO opera ( cnpjParque, dataFesta, cpfPiloto, idDrone )
	VALUES ( '64.566.386/0658-81', to_date ('2009-01-25', 'YYYY-MM-DD'), '583.792.569-11', 17374070 );
INSERT INTO opera ( cnpjParque, dataFesta, cpfPiloto, idDrone )
	VALUES ( '64.566.386/0658-81', to_date ('2000-12-16', 'YYYY-MM-DD'), '833.488.525-02', 89181399 );
INSERT INTO opera ( cnpjParque, dataFesta, cpfPiloto, idDrone )
	VALUES ( '24.472.862/6691-06', to_date ('2000-10-24', 'YYYY-MM-DD'), '432.789.595-66', 22101249 );
INSERT INTO opera ( cnpjParque, dataFesta, cpfPiloto, idDrone )
	VALUES ( '26.874.389/1723-02', to_date ('2005-07-09', 'YYYY-MM-DD'), '133.722.910-23', 77678822 );
INSERT INTO opera ( cnpjParque, dataFesta, cpfPiloto, idDrone )
	VALUES ( '56.282.116/5942-29', to_date ('2013-09-25', 'YYYY-MM-DD'), '632.034.959-23', 66508439 );
INSERT INTO opera ( cnpjParque, dataFesta, cpfPiloto, idDrone )
	VALUES ( '40.506.235/0656-92', to_date ('2011-07-04', 'YYYY-MM-DD'), '924.966.747-52', 68621695 );
INSERT INTO opera ( cnpjParque, dataFesta, cpfPiloto, idDrone )
	VALUES ( '94.231.713/9965-80', to_date ('2010-06-04', 'YYYY-MM-DD'), '523.255.716-37', 13509502 );

/* TABLE auxilia */
INSERT INTO auxilia ( cnpjParque, dataFesta, cpfPiloto, cpfCopiloto )
	VALUES ( '40.506.235/0656-92', to_date ('2002-01-06', 'YYYY-MM-DD'), '478.696.780-28', '121.199.607-14' );
INSERT INTO auxilia ( cnpjParque, dataFesta, cpfPiloto, cpfCopiloto )
	VALUES ( '34.999.680/4170-36', to_date ('2005-06-15', 'YYYY-MM-DD'), '679.002.127-48', '490.990.422-75' );
INSERT INTO auxilia ( cnpjParque, dataFesta, cpfPiloto, cpfCopiloto )
	VALUES ( '56.282.116/5942-29', to_date ('2013-09-25', 'YYYY-MM-DD'), '736.917.544-50', '679.002.127-48' );
INSERT INTO auxilia ( cnpjParque, dataFesta, cpfPiloto, cpfCopiloto )
	VALUES ( '34.999.680/4170-36', to_date ('2005-06-15', 'YYYY-MM-DD'), '782.988.670-79', '197.520.896-76' );
INSERT INTO auxilia ( cnpjParque, dataFesta, cpfPiloto, cpfCopiloto )
	VALUES ( '26.874.389/1723-02', to_date ('2000-01-18', 'YYYY-MM-DD'), '624.975.827-59', '833.488.525-02' );
INSERT INTO auxilia ( cnpjParque, dataFesta, cpfPiloto, cpfCopiloto )
	VALUES ( '71.685.729/4726-89', to_date ('2012-01-18', 'YYYY-MM-DD'), '624.975.827-59', '736.917.544-50' );
INSERT INTO auxilia ( cnpjParque, dataFesta, cpfPiloto, cpfCopiloto )
	VALUES ( '89.545.773/6492-77', to_date ('2008-12-26', 'YYYY-MM-DD'), '736.917.544-50', '632.034.959-23' );
INSERT INTO auxilia ( cnpjParque, dataFesta, cpfPiloto, cpfCopiloto )
	VALUES ( '30.485.345/5697-01', to_date ('2000-07-05', 'YYYY-MM-DD'), '523.255.716-37', '133.722.910-23' );
INSERT INTO auxilia ( cnpjParque, dataFesta, cpfPiloto, cpfCopiloto )
	VALUES ( '94.231.713/9965-80', to_date ('2014-10-27', 'YYYY-MM-DD'), '851.398.230-44', '583.792.569-11' );
INSERT INTO auxilia ( cnpjParque, dataFesta, cpfPiloto, cpfCopiloto )
	VALUES ( '26.874.389/1723-02', to_date ('2000-01-18', 'YYYY-MM-DD'), '121.199.607-14', '782.988.670-79' );
INSERT INTO auxilia ( cnpjParque, dataFesta, cpfPiloto, cpfCopiloto )
	VALUES ( '34.999.680/4170-36', to_date ('2004-08-15', 'YYYY-MM-DD'), '679.002.127-48', '192.393.547-19' );
INSERT INTO auxilia ( cnpjParque, dataFesta, cpfPiloto, cpfCopiloto )
	VALUES ( '94.231.713/9965-80', to_date ('2010-06-04', 'YYYY-MM-DD'), '851.398.230-44', '516.335.573-78' );
INSERT INTO auxilia ( cnpjParque, dataFesta, cpfPiloto, cpfCopiloto )
	VALUES ( '71.685.729/4726-89', to_date ('2012-01-18', 'YYYY-MM-DD'), '192.393.547-19', '432.789.595-66' );
INSERT INTO auxilia ( cnpjParque, dataFesta, cpfPiloto, cpfCopiloto )
	VALUES ( '26.874.389/1723-02', to_date ('2005-07-09', 'YYYY-MM-DD'), '782.988.670-79', '478.696.780-28' );
INSERT INTO auxilia ( cnpjParque, dataFesta, cpfPiloto, cpfCopiloto )
	VALUES ( '94.231.713/9965-80', to_date ('2010-06-04', 'YYYY-MM-DD'), '432.789.595-66', '616.020.558-98' );
INSERT INTO auxilia ( cnpjParque, dataFesta, cpfPiloto, cpfCopiloto )
	VALUES ( '26.643.718/3469-52', to_date ('2003-06-21', 'YYYY-MM-DD'), '523.255.716-37', '624.975.827-59' );
INSERT INTO auxilia ( cnpjParque, dataFesta, cpfPiloto, cpfCopiloto )
	VALUES ( '64.566.386/0658-81', to_date ('2000-12-16', 'YYYY-MM-DD'), '133.722.910-23', '851.398.230-44' );
INSERT INTO auxilia ( cnpjParque, dataFesta, cpfPiloto, cpfCopiloto )
	VALUES ( '94.231.713/9965-80', to_date ('2001-04-24', 'YYYY-MM-DD'), '478.696.780-28', '523.255.716-37' );
INSERT INTO auxilia ( cnpjParque, dataFesta, cpfPiloto, cpfCopiloto )
	VALUES ( '40.506.235/0656-92', to_date ('2017-10-11', 'YYYY-MM-DD'), '946.521.617-86', '946.521.617-86' );
INSERT INTO auxilia ( cnpjParque, dataFesta, cpfPiloto, cpfCopiloto )
	VALUES ( '89.545.773/6492-77', to_date ('2008-12-26', 'YYYY-MM-DD'), '583.792.569-11', '924.966.747-52' );

/* TABLE manutencao */
INSERT INTO manutencao ( cpfTecnico, idEquipamento, data )
	VALUES ( '924.966.747-52', 17, to_date ('2004-06-27', 'YYYY-MM-DD') );
INSERT INTO manutencao ( cpfTecnico, idEquipamento, data )
	VALUES ( '192.393.547-19', 1, to_date ('2008-02-10', 'YYYY-MM-DD') );
INSERT INTO manutencao ( cpfTecnico, idEquipamento, data )
	VALUES ( '478.696.780-28', 13, to_date ('2016-09-12', 'YYYY-MM-DD') );
INSERT INTO manutencao ( cpfTecnico, idEquipamento, data )
	VALUES ( '197.520.896-76', 20, to_date ('2010-03-04', 'YYYY-MM-DD') );
INSERT INTO manutencao ( cpfTecnico, idEquipamento, data )
	VALUES ( '616.020.558-98', 5, to_date ('2006-06-01', 'YYYY-MM-DD') );
INSERT INTO manutencao ( cpfTecnico, idEquipamento, data )
	VALUES ( '490.990.422-75', 19, to_date ('2002-10-10', 'YYYY-MM-DD') );
INSERT INTO manutencao ( cpfTecnico, idEquipamento, data )
	VALUES ( '624.975.827-59', 16, to_date ('2011-09-01', 'YYYY-MM-DD') );
INSERT INTO manutencao ( cpfTecnico, idEquipamento, data )
	VALUES ( '851.398.230-44', 11, to_date ('2000-03-16', 'YYYY-MM-DD') );
INSERT INTO manutencao ( cpfTecnico, idEquipamento, data )
	VALUES ( '192.393.547-19', 11, to_date ('2014-02-25', 'YYYY-MM-DD') );
INSERT INTO manutencao ( cpfTecnico, idEquipamento, data )
	VALUES ( '523.255.716-37', 10, to_date ('2016-05-19', 'YYYY-MM-DD') );
INSERT INTO manutencao ( cpfTecnico, idEquipamento, data )
	VALUES ( '624.975.827-59', 8, to_date ('2005-10-30', 'YYYY-MM-DD') );
INSERT INTO manutencao ( cpfTecnico, idEquipamento, data )
	VALUES ( '851.398.230-44', 8, to_date ('2009-04-16', 'YYYY-MM-DD') );
INSERT INTO manutencao ( cpfTecnico, idEquipamento, data )
	VALUES ( '679.002.127-48', 7, to_date ('2018-11-16', 'YYYY-MM-DD') );
INSERT INTO manutencao ( cpfTecnico, idEquipamento, data )
	VALUES ( '736.917.544-50', 4, to_date ('2011-03-29', 'YYYY-MM-DD') );
INSERT INTO manutencao ( cpfTecnico, idEquipamento, data )
	VALUES ( '478.696.780-28', 11, to_date ('2011-06-21', 'YYYY-MM-DD') );
INSERT INTO manutencao ( cpfTecnico, idEquipamento, data )
	VALUES ( '924.966.747-52', 11, to_date ('2018-08-25', 'YYYY-MM-DD') );
INSERT INTO manutencao ( cpfTecnico, idEquipamento, data )
	VALUES ( '121.199.607-14', 8, to_date ('2015-08-03', 'YYYY-MM-DD') );
INSERT INTO manutencao ( cpfTecnico, idEquipamento, data )
	VALUES ( '833.488.525-02', 8, to_date ('2008-06-17', 'YYYY-MM-DD') );
INSERT INTO manutencao ( cpfTecnico, idEquipamento, data )
	VALUES ( '197.520.896-76', 13, to_date ('2005-03-05', 'YYYY-MM-DD') );
INSERT INTO manutencao ( cpfTecnico, idEquipamento, data )
	VALUES ( '478.696.780-28', 3, to_date ('2003-06-20', 'YYYY-MM-DD') );

/* TABLE NUMBER TOTAL: 36 */
END TRANSACTION;
