/* TOTAL OF 0 ERRORS WHILE BUILDING METADATA STRUCTURE. */
BEGIN TRANSACTION;
/* TABLE funcionario */
/* NULL INSERTION FOR ATTRIBUTEequipeAT TABLEfuncionario */
INSERT INTO funcionario ( cpf, nome, RG, endereco, cargo, equipe, telefoneCsv )
	VALUES ( '802.587.293-30', 'Isabella Cavalcanti', '94127560894', 'Pátio de Duarte, 555 Castelo 07463-656 Cunha / ES', 'TECNICO', NULL, '(061) 0633 1643' );
INSERT INTO funcionario ( cpf, nome, RG, endereco, cargo, equipe, telefoneCsv )
	VALUES ( '845.832.187-67', 'Enzo Gabriel Pinto', '07958124341', 'Rua Olivia Pinto, 36 Nova Suíça 43172384 Alves / PI', 'ASSISTENTE', NULL, '41 4609 8999' );
INSERT INTO funcionario ( cpf, nome, RG, endereco, cargo, equipe, telefoneCsv )
	VALUES ( '969.304.789-35', 'Ana Laura da Cruz', '62948570311', 'Aeroporto Barros, 38 Novo São Lucas 29069-408 Costela / PI', 'ASSISTENTE', NULL, '(081) 6877-3018' );
INSERT INTO funcionario ( cpf, nome, RG, endereco, cargo, equipe, telefoneCsv )
	VALUES ( '531.462.487-11', 'Sra. Lara Costa', '68745210985', 'Parque Paulo Cavalcanti, 1 Pindorama 81892782 Lima do Norte / PI', 'ASSISTENTE', NULL, '+55 71 0559-4253' );
INSERT INTO funcionario ( cpf, nome, RG, endereco, cargo, equipe, telefoneCsv )
	VALUES ( '607.443.809-78', 'Lívia Moraes', '47165809211', 'Distrito de Novaes, 43 Conjunto Serra Verde 94277373 Barbosa / ES', 'ASSISTENTE', NULL, '+55 (071) 0153-1896' );
INSERT INTO funcionario ( cpf, nome, RG, endereco, cargo, equipe, telefoneCsv )
	VALUES ( '996.257.521-19', 'Dr. Breno Carvalho', '30924857188', 'Estrada Luiz Miguel Cardoso, 40 Serra Verde 43981137 Nogueira / SC', 'TECNICO', NULL, '9161-5338' );
INSERT INTO funcionario ( cpf, nome, RG, endereco, cargo, equipe, telefoneCsv )
	VALUES ( '424.447.919-31', 'Marcela Fogaça', '38705621453', 'Distrito Costa, 25 Minas Caixa 08773-477 da Mota / ES', 'TECNICO', NULL, '(081) 9302 0009' );
INSERT INTO funcionario ( cpf, nome, RG, endereco, cargo, equipe, telefoneCsv )
	VALUES ( '575.250.850-93', 'Melissa da Costa', '41962807576', 'Praça de da Rosa, 59 Cabana Do Pai Tomás 13139303 Castro / RJ', 'ASSISTENTE', NULL, '4058 6023' );
INSERT INTO funcionario ( cpf, nome, RG, endereco, cargo, equipe, telefoneCsv )
	VALUES ( '602.809.454-84', 'Mariane da Luz', '65239470171', 'Distrito Correia, 329 Vera Cruz 28935-732 Cardoso / SC', 'ASSISTENTE', NULL, '(011) 4777-5626' );
INSERT INTO funcionario ( cpf, nome, RG, endereco, cargo, equipe, telefoneCsv )
	VALUES ( '396.343.547-09', 'Larissa Ramos', '46980235729', 'Viela de Sales, 38 Pindura Saia 72430615 Gomes do Oeste / RS', 'OPCAMERA', NULL, '+55 (081) 9609 7334' );
INSERT INTO funcionario ( cpf, nome, RG, endereco, cargo, equipe, telefoneCsv )
	VALUES ( '459.131.430-66', 'Isaac Silveira', '53920167414', 'Condomínio Ribeiro, 7 Taquaril 59017-719 da Rocha / PI', 'COPILOTO', NULL, '+55 (031) 5761-0054' );
INSERT INTO funcionario ( cpf, nome, RG, endereco, cargo, equipe, telefoneCsv )
	VALUES ( '529.827.160-27', 'Luiza Ribeiro', '27193486519', 'Vereda Aragão Vila Santo Antônio Barroquinha 14634-098 Freitas / CE', 'ASSISTENTE', NULL, '+55 (041) 6759-8950' );
INSERT INTO funcionario ( cpf, nome, RG, endereco, cargo, equipe, telefoneCsv )
	VALUES ( '258.729.033-89', 'Francisco Lopes', '13780426544', 'Condomínio de Caldeira, 5 Floresta 06472813 Porto / SE', 'COPILOTO', NULL, '31 6868 7466' );
INSERT INTO funcionario ( cpf, nome, RG, endereco, cargo, equipe, telefoneCsv )
	VALUES ( '238.700.997-66', 'Kamilly Mendes', '35426019851', 'Ladeira Beatriz Fogaça, 5 Vila Copacabana 74804-699 Almeida de Fogaça / DF', 'COPILOTO', NULL, '+55 81 2911 4026' );
INSERT INTO funcionario ( cpf, nome, RG, endereco, cargo, equipe, telefoneCsv )
	VALUES ( '030.610.128-33', 'Marcela Ferreira', '07853246919', 'Trevo Marina Dias, 35 Oeste 17005072 Melo dos Dourados / PI', 'ASSISTENTE', NULL, '+55 (011) 2666 0957' );
INSERT INTO funcionario ( cpf, nome, RG, endereco, cargo, equipe, telefoneCsv )
	VALUES ( '998.627.534-11', 'Sarah Rocha', '39124687022', 'Lago de FariasFernandes, 62 Santa Cruz 10328352 Teixeira de Minas / MT', 'COPILOTO', NULL, '(071) 9999 8917' );
INSERT INTO funcionario ( cpf, nome, RG, endereco, cargo, equipe, telefoneCsv )
	VALUES ( '918.931.785-13', 'Nina Santos', '73926415819', 'Rua de Pires, 976 Carlos Prates 41744650 da Cruz da Mata / MS', 'COPILOTO', NULL, '+55 31 0450 3303' );
INSERT INTO funcionario ( cpf, nome, RG, endereco, cargo, equipe, telefoneCsv )
	VALUES ( '621.135.750-86', 'Rafael da Mata', '13604597821', 'Largo Anthony Aragão, 638 Boa Esperança 67251-622 Ferreira / AL', 'PILOTO', NULL, '+55 (041) 6660-0049' );
INSERT INTO funcionario ( cpf, nome, RG, endereco, cargo, equipe, telefoneCsv )
	VALUES ( '522.502.996-95', 'Heloísa Cardoso,', '32017895423', 'Fazenda da Costa, 1 Vila Primeiro De Maio 91636724 Aragão de Mendes / RJ', 'PILOTO', NULL, '61 0630-1550' );
INSERT INTO funcionario ( cpf, nome, RG, endereco, cargo, equipe, telefoneCsv )
	VALUES ( '583.596.699-39', 'Gustavo Barros', '87542190351', 'Vereda de Moura, 41 Vila Madre Gertrudes 3ª Seção 24217-979 Silveira / TO', 'TECNICO', NULL, '11 1732-8577' );
INSERT INTO funcionario ( cpf, nome, RG, endereco, cargo, equipe, telefoneCsv )
	VALUES ( '299.967.704-87', 'Gustavo Henrique Gomes', '06937541252', 'Trecho de da Rocha, 6 Palmeiras 77714401 da Rocha / PI', 'OPCAMERA', NULL, '31 3553-7711' );

/* TABLE tecnico */
INSERT INTO tecnico ( cpf, especialidade )
	VALUES ( '238.700.997-66', 'Quibusdam nobis ullam commodi omnis excepturi ipsam. Aspernatur quasi maxime conseq' );
INSERT INTO tecnico ( cpf, especialidade )
	VALUES ( '531.462.487-11', 'Impedit aspernatur aliquam necessitatibus suscipit nemo. Ea sed quibusdam odit mo' );
INSERT INTO tecnico ( cpf, especialidade )
	VALUES ( '996.257.521-19', 'Voluptates accusamus ex consequatur nulla. Fugit ullam iusto ducimus.Quisquam debitis dolor. Esse omnis cum earum porro cumqu' );
INSERT INTO tecnico ( cpf, especialidade )
	VALUES ( '299.967.704-87', 'Qui cum facilis asperiores reprehenderit consectetur consectetur. Ullam e' );
INSERT INTO tecnico ( cpf, especialidade )
	VALUES ( '583.596.699-39', 'Tempora deserunt ducimus unde. Ipsam laudantium aut praesentium reprehenderit consecte' );
INSERT INTO tecnico ( cpf, especialidade )
	VALUES ( '522.502.996-95', 'Sed numquam voluptates asperiores maiores repellat. Atque ipsa omnis suscipit aspernatur. Harum atque a' );
INSERT INTO tecnico ( cpf, especialidade )
	VALUES ( '918.931.785-13', 'Hic laudantium fugit rem excepturi quia quasi. Natus nisi sit.Amet est repellat voluptatibus. Neque accusamus unde tempo' );
INSERT INTO tecnico ( cpf, especialidade )
	VALUES ( '969.304.789-35', 'Doloremque possimus perspiciatis iusto omnis. Officiis occaecati quis.T' );
INSERT INTO tecnico ( cpf, especialidade )
	VALUES ( '529.827.160-27', 'Molestiae molestias sit assumenda eum. Qui eligendi magnam omnis numquam recusandae.Ratione nisi qui tenetur ut.' );
INSERT INTO tecnico ( cpf, especialidade )
	VALUES ( '607.443.809-78', 'Itaque odit dolor reprehenderit quia natus. Veritatis illo minima dolorum' );
INSERT INTO tecnico ( cpf, especialidade )
	VALUES ( '621.135.750-86', 'Veritatis sapiente non et id dicta. Esse quasi excepturi distinctio' );
INSERT INTO tecnico ( cpf, especialidade )
	VALUES ( '030.610.128-33', 'Amet porro quibusdam quibusdam quos aspernatur voluptate.Aliquid recusandae quo sequi quis. Optio cupiditate error dolores c' );
INSERT INTO tecnico ( cpf, especialidade )
	VALUES ( '998.627.534-11', 'Excepturi quas aspernatur porro consectetur. Vero nisi laudantium. Aut corrupti ' );
INSERT INTO tecnico ( cpf, especialidade )
	VALUES ( '396.343.547-09', 'Nam quod ullam reiciendis corrupti similique eum. Quo molestias sed debitis reprehenderit. Officia voluptate omnis ' );
INSERT INTO tecnico ( cpf, especialidade )
	VALUES ( '258.729.033-89', 'Nihil quas voluptate occaecati. Deserunt ipsum occaecati beatae provi' );
INSERT INTO tecnico ( cpf, especialidade )
	VALUES ( '602.809.454-84', 'Eligendi soluta neque velit magni sed pariatur tempora. Perferendis vero at cum hic odit nos' );
INSERT INTO tecnico ( cpf, especialidade )
	VALUES ( '459.131.430-66', 'Impedit tempora nobis perferendis cum illo neque ducimus.' );
INSERT INTO tecnico ( cpf, especialidade )
	VALUES ( '845.832.187-67', 'Nam saepe laudantium quidem dolores aperiam aliquid. Molestiae deserunt dolorem molestias. Est nobis repudiandae.' );
INSERT INTO tecnico ( cpf, especialidade )
	VALUES ( '424.447.919-31', 'Id culpa soluta. Magni iste porro repellat sed perferendis. Odit illo saepe architecto doloribus repudian' );
INSERT INTO tecnico ( cpf, especialidade )
	VALUES ( '575.250.850-93', 'Omnis non totam recusandae illo pariatur reprehenderit inventore. Odio suscipit facilis' );

/* TABLE copiloto */
INSERT INTO copiloto ( cpf, habilitacao )
	VALUES ( '602.809.454-84', 'Aliquam volu' );
INSERT INTO copiloto ( cpf, habilitacao )
	VALUES ( '845.832.187-67', 'Quod exceptu' );
INSERT INTO copiloto ( cpf, habilitacao )
	VALUES ( '529.827.160-27', 'At eum deser' );
INSERT INTO copiloto ( cpf, habilitacao )
	VALUES ( '607.443.809-78', 'Temporibus n' );
INSERT INTO copiloto ( cpf, habilitacao )
	VALUES ( '459.131.430-66', 'Unde maiores' );
INSERT INTO copiloto ( cpf, habilitacao )
	VALUES ( '299.967.704-87', 'Earum atque ' );
INSERT INTO copiloto ( cpf, habilitacao )
	VALUES ( '030.610.128-33', 'Porro placea' );
INSERT INTO copiloto ( cpf, habilitacao )
	VALUES ( '522.502.996-95', 'Asperiores m' );
INSERT INTO copiloto ( cpf, habilitacao )
	VALUES ( '258.729.033-89', 'Deserunt rep' );
INSERT INTO copiloto ( cpf, habilitacao )
	VALUES ( '238.700.997-66', 'Rerum recusa' );
INSERT INTO copiloto ( cpf, habilitacao )
	VALUES ( '575.250.850-93', 'Sint reicien' );
INSERT INTO copiloto ( cpf, habilitacao )
	VALUES ( '583.596.699-39', 'Debitis veli' );
INSERT INTO copiloto ( cpf, habilitacao )
	VALUES ( '396.343.547-09', 'Laborum expl' );
INSERT INTO copiloto ( cpf, habilitacao )
	VALUES ( '424.447.919-31', 'Nemo aliquid' );
INSERT INTO copiloto ( cpf, habilitacao )
	VALUES ( '531.462.487-11', 'Provident te' );
INSERT INTO copiloto ( cpf, habilitacao )
	VALUES ( '918.931.785-13', 'Molestias mi' );
INSERT INTO copiloto ( cpf, habilitacao )
	VALUES ( '969.304.789-35', 'Fugiat est h' );
INSERT INTO copiloto ( cpf, habilitacao )
	VALUES ( '621.135.750-86', 'Magnam saepe' );
INSERT INTO copiloto ( cpf, habilitacao )
	VALUES ( '998.627.534-11', 'Eveniet mole' );
INSERT INTO copiloto ( cpf, habilitacao )
	VALUES ( '996.257.521-19', 'Excepturi du' );

/* TABLE piloto */
INSERT INTO piloto ( cpf, habilitacao )
	VALUES ( '996.257.521-19', 'Nostrum face' );
INSERT INTO piloto ( cpf, habilitacao )
	VALUES ( '531.462.487-11', 'Voluptatibus' );
INSERT INTO piloto ( cpf, habilitacao )
	VALUES ( '575.250.850-93', 'Officiis del' );
INSERT INTO piloto ( cpf, habilitacao )
	VALUES ( '424.447.919-31', 'Autem dolore' );
INSERT INTO piloto ( cpf, habilitacao )
	VALUES ( '969.304.789-35', 'Hic expedita' );
INSERT INTO piloto ( cpf, habilitacao )
	VALUES ( '238.700.997-66', 'Laudantium h' );
INSERT INTO piloto ( cpf, habilitacao )
	VALUES ( '583.596.699-39', 'Dicta quia e' );
INSERT INTO piloto ( cpf, habilitacao )
	VALUES ( '030.610.128-33', 'Veniam at as' );
INSERT INTO piloto ( cpf, habilitacao )
	VALUES ( '299.967.704-87', 'Voluptas mol' );
INSERT INTO piloto ( cpf, habilitacao )
	VALUES ( '529.827.160-27', 'Laborum quis' );
INSERT INTO piloto ( cpf, habilitacao )
	VALUES ( '396.343.547-09', 'Doloribus in' );
INSERT INTO piloto ( cpf, habilitacao )
	VALUES ( '602.809.454-84', 'Ex laudantiu' );
INSERT INTO piloto ( cpf, habilitacao )
	VALUES ( '607.443.809-78', 'Iure ab quid' );
INSERT INTO piloto ( cpf, habilitacao )
	VALUES ( '258.729.033-89', 'Odit nemo oc' );
INSERT INTO piloto ( cpf, habilitacao )
	VALUES ( '459.131.430-66', 'Sunt molesti' );
INSERT INTO piloto ( cpf, habilitacao )
	VALUES ( '621.135.750-86', 'Debitis ulla' );
INSERT INTO piloto ( cpf, habilitacao )
	VALUES ( '998.627.534-11', 'Eveniet repu' );
INSERT INTO piloto ( cpf, habilitacao )
	VALUES ( '845.832.187-67', 'Officia amet' );
INSERT INTO piloto ( cpf, habilitacao )
	VALUES ( '522.502.996-95', 'Animi atque ' );
INSERT INTO piloto ( cpf, habilitacao )
	VALUES ( '918.931.785-13', 'Quaerat pari' );

/* TABLE assistente */
INSERT INTO assistente ( cpf )
	VALUES ( '030.610.128-33' );
INSERT INTO assistente ( cpf )
	VALUES ( '424.447.919-31' );
INSERT INTO assistente ( cpf )
	VALUES ( '996.257.521-19' );
INSERT INTO assistente ( cpf )
	VALUES ( '238.700.997-66' );
INSERT INTO assistente ( cpf )
	VALUES ( '607.443.809-78' );
INSERT INTO assistente ( cpf )
	VALUES ( '998.627.534-11' );
INSERT INTO assistente ( cpf )
	VALUES ( '918.931.785-13' );
INSERT INTO assistente ( cpf )
	VALUES ( '258.729.033-89' );
INSERT INTO assistente ( cpf )
	VALUES ( '459.131.430-66' );
INSERT INTO assistente ( cpf )
	VALUES ( '583.596.699-39' );
INSERT INTO assistente ( cpf )
	VALUES ( '621.135.750-86' );
INSERT INTO assistente ( cpf )
	VALUES ( '529.827.160-27' );
INSERT INTO assistente ( cpf )
	VALUES ( '299.967.704-87' );
INSERT INTO assistente ( cpf )
	VALUES ( '845.832.187-67' );
INSERT INTO assistente ( cpf )
	VALUES ( '531.462.487-11' );
INSERT INTO assistente ( cpf )
	VALUES ( '522.502.996-95' );
INSERT INTO assistente ( cpf )
	VALUES ( '969.304.789-35' );
INSERT INTO assistente ( cpf )
	VALUES ( '575.250.850-93' );
INSERT INTO assistente ( cpf )
	VALUES ( '396.343.547-09' );
INSERT INTO assistente ( cpf )
	VALUES ( '602.809.454-84' );

/* TABLE opCamera */
INSERT INTO opCamera ( cpf, inicioCarreira )
	VALUES ( '998.627.534-11', to_date ('2009-05-06', 'YYYY-MM-DD') );
INSERT INTO opCamera ( cpf, inicioCarreira )
	VALUES ( '299.967.704-87', to_date ('2007-06-07', 'YYYY-MM-DD') );
INSERT INTO opCamera ( cpf, inicioCarreira )
	VALUES ( '621.135.750-86', to_date ('2000-09-01', 'YYYY-MM-DD') );
INSERT INTO opCamera ( cpf, inicioCarreira )
	VALUES ( '583.596.699-39', to_date ('2003-08-12', 'YYYY-MM-DD') );
INSERT INTO opCamera ( cpf, inicioCarreira )
	VALUES ( '522.502.996-95', to_date ('2005-01-23', 'YYYY-MM-DD') );
INSERT INTO opCamera ( cpf, inicioCarreira )
	VALUES ( '531.462.487-11', to_date ('2011-11-19', 'YYYY-MM-DD') );
INSERT INTO opCamera ( cpf, inicioCarreira )
	VALUES ( '845.832.187-67', to_date ('2018-01-18', 'YYYY-MM-DD') );
INSERT INTO opCamera ( cpf, inicioCarreira )
	VALUES ( '424.447.919-31', to_date ('2015-07-15', 'YYYY-MM-DD') );
INSERT INTO opCamera ( cpf, inicioCarreira )
	VALUES ( '969.304.789-35', to_date ('2012-05-23', 'YYYY-MM-DD') );
INSERT INTO opCamera ( cpf, inicioCarreira )
	VALUES ( '459.131.430-66', to_date ('2004-06-20', 'YYYY-MM-DD') );
INSERT INTO opCamera ( cpf, inicioCarreira )
	VALUES ( '238.700.997-66', to_date ('2005-10-28', 'YYYY-MM-DD') );
INSERT INTO opCamera ( cpf, inicioCarreira )
	VALUES ( '030.610.128-33', to_date ('2007-02-09', 'YYYY-MM-DD') );
INSERT INTO opCamera ( cpf, inicioCarreira )
	VALUES ( '996.257.521-19', to_date ('2015-06-19', 'YYYY-MM-DD') );
INSERT INTO opCamera ( cpf, inicioCarreira )
	VALUES ( '918.931.785-13', to_date ('2005-01-22', 'YYYY-MM-DD') );
INSERT INTO opCamera ( cpf, inicioCarreira )
	VALUES ( '396.343.547-09', to_date ('2010-06-02', 'YYYY-MM-DD') );
INSERT INTO opCamera ( cpf, inicioCarreira )
	VALUES ( '575.250.850-93', to_date ('2006-09-16', 'YYYY-MM-DD') );
INSERT INTO opCamera ( cpf, inicioCarreira )
	VALUES ( '258.729.033-89', to_date ('2018-03-21', 'YYYY-MM-DD') );
INSERT INTO opCamera ( cpf, inicioCarreira )
	VALUES ( '529.827.160-27', to_date ('2001-05-19', 'YYYY-MM-DD') );
INSERT INTO opCamera ( cpf, inicioCarreira )
	VALUES ( '607.443.809-78', to_date ('2014-03-10', 'YYYY-MM-DD') );
INSERT INTO opCamera ( cpf, inicioCarreira )
	VALUES ( '602.809.454-84', to_date ('2015-09-21', 'YYYY-MM-DD') );

/* TABLE equipamento */
/* NULL INSERTION FOR ATTRIBUTEdescricaoAT TABLEequipamento */
INSERT INTO equipamento ( modelo, nome, quantidade, marca, descricao, tipo )
	VALUES ( 'Commodi sequi dolore repellendus exer', 'Luiz Gustavo da Rosa', 155486, 'Placeat possimus cupidita', NULL, 'CAMERA' );
/* NULL INSERTION FOR ATTRIBUTEmarcaAT TABLEequipamento */
INSERT INTO equipamento ( modelo, nome, quantidade, marca, descricao, tipo )
	VALUES ( 'Error mollitia eligendi optio aut. Nam f', 'Enzo da Costa', 704228, NULL, 'Id quam facilis asperiores rem nesciunt praesentium. Quos suscipit autem voluptatum natus similique. Iure explicabo placeat explicabo occaecati. Natus animi tempora placeat asperiores illo', 'ESTRUTURACAO' );
INSERT INTO equipamento ( modelo, nome, quantidade, marca, descricao, tipo )
	VALUES ( 'Velit quo quas. Exercitationem odit enim pariatur autem q', 'Thiago Cunha', 590140, 'Est reprehenderit', 'Praesentium deserunt temporibus corporis enim. Deleniti distinctio dolore dolore. Ducimus perferendis sunt praesentium magni facere doloremque accusantium', 'DRONE' );
INSERT INTO equipamento ( modelo, nome, quantidade, marca, descricao, tipo )
	VALUES ( 'Ad necessitatibus dolore laudant', 'Srta. Gabriela Barbosa', 397394, 'Accusamus ducimus explicabo ', 'Vel nobis nesciunt sint. Tempore vitae saepe at voluptate porro eveniet. Temporibus corrupti hic labore culpa labore debitis enim. Officia enim quisquam animi. Velit cupiditate necessitatibus', 'CAMERA' );
INSERT INTO equipamento ( modelo, nome, quantidade, marca, descricao, tipo )
	VALUES ( 'Eveniet laborum exercitationem. Alias temporibus reiciendis', 'Pietra Costa', 602593, 'Odit perferendis perspic', 'Nihil quia alias. Eveniet nesciunt sit iusto eligendi occaecati itaque', 'CAMERA' );
INSERT INTO equipamento ( modelo, nome, quantidade, marca, descricao, tipo )
	VALUES ( 'Necessitatibus temporibus consequuntur. Nihil eum quia quae faci', 'Caio da Rosa', 176067, 'Natus eius rem dolore corrupti ', 'Iure occaecati incidunt soluta voluptas molestias. Dignissimos molestias numquam adipisci eaque exercitationem. Tempora magni voluptas corporis deserunt', 'CAMERA' );
INSERT INTO equipamento ( modelo, nome, quantidade, marca, descricao, tipo )
	VALUES ( 'A necessitatibus totam exercitationem volupt', 'Carlos Eduardo Pereira', 434579, 'Sit ab sit doloribus ', 'Laudantium nihil illo porro minus assumenda neque. Expedita porro quos. Possimus autem expedita voluptates doloremque voluptatum et', 'CAMERA' );
INSERT INTO equipamento ( modelo, nome, quantidade, marca, descricao, tipo )
	VALUES ( 'Ipsa reprehenderit quaerat amet odit molest', 'Samuel da Costa', 513588, 'Nesciunt a animi at pariat', 'Quibusdam nostrum quisquam suscipit culpa mollitia. Dignissimos ut quidem nihil nihil ex dolores odit. Assumenda neque pariatur. Impedit illo cumque omnis voluptates asperiores', 'ESTRUTURACAO' );
INSERT INTO equipamento ( modelo, nome, quantidade, marca, descricao, tipo )
	VALUES ( 'Consequuntur dolor suscipit optio reiciendis ullam error', 'Sr. Augusto Cardoso,', 187355, 'Pariatur magni delect', 'Quidem quidem dolore nihil labore quos cumque. Modi distinctio ipsam corrupti fugiat dolor. Nisi soluta eveniet corrupti architecto quidem quasi', 'CAMERA' );
INSERT INTO equipamento ( modelo, nome, quantidade, marca, descricao, tipo )
	VALUES ( 'Sed eaque laboriosam numquam nostrum natus. Laudan', 'Francisco Monteiro', 497208, 'Laudantium deleniti ', 'Quo minus nostrum cumque explicabo quasi deleniti. Alias sapiente rerum molestias. Quas cum quis placeat ut laboriosam voluptas fuga. Sint in ullam', 'SONORIZACAO' );
INSERT INTO equipamento ( modelo, nome, quantidade, marca, descricao, tipo )
	VALUES ( 'Corrupti molestiae necessitatibus aspernatur explicabo. Ad do', 'João Felipe da Costa', 636737, 'Illo culpa dolore incidu', 'Omnis beatae commodi totam in. Laborum fuga possimus veritatis alias sint. Repellendus consequatur excepturi quaerat ullam animi et delectus. Delectus eveniet deserunt deserunt totam nostrum', 'ESTRUTURACAO' );
INSERT INTO equipamento ( modelo, nome, quantidade, marca, descricao, tipo )
	VALUES ( 'Consequatur modi similique dicta sed placeat nobis. Possim', 'Srta. Alana FariasFernandes', 760436, 'Magni accusamus sapiente id', 'Cum quidem natus odio quam eius tempore non. Doloremque reprehenderit dolores quo vero. Cumque aspernatur necessitatibus harum nemo', 'CAMERA' );
INSERT INTO equipamento ( modelo, nome, quantidade, marca, descricao, tipo )
	VALUES ( 'Alias ex tempora molestiae. Tempora nesciunt exercitationem n', 'Paulo Martins', 237376, 'Dignissimos magnam laborum magn', 'Nihil accusantium aliquid voluptatem ab ratione sapiente. Tenetur quod perspiciatis quo amet consequuntur. Rerum molestias itaque. Aut distinctio exercitationem nobis', 'DRONE' );
INSERT INTO equipamento ( modelo, nome, quantidade, marca, descricao, tipo )
	VALUES ( 'Debitis soluta aut vero voluptates. Voluptatibus vero pl', 'Raul da Paz', 617833, 'Nulla odit aut el', 'Voluptatem labore porro enim velit reprehenderit. Accusamus dolore non porro quisquam deleniti. Fugiat quidem optio voluptatibus est', 'DRONE' );
INSERT INTO equipamento ( modelo, nome, quantidade, marca, descricao, tipo )
	VALUES ( 'Harum necessitatibus magnam nobis. Ratione natus doloremque aliq', 'Sr. Leonardo Lopes', 246223, 'Saepe voluptates ', 'Non praesentium ratione soluta. At reprehenderit accusamus ad odit sit voluptatum doloribus. Assumenda odit dignissimos a inventore assumenda laborum ad', 'ESTRUTURACAO' );
INSERT INTO equipamento ( modelo, nome, quantidade, marca, descricao, tipo )
	VALUES ( 'Explicabo in quod nisi sapiente ex magni. Possimus', 'Maria Luiza Barros', 651040, 'Perspiciatis nihil v', 'Omnis ut enim eum fugit suscipit dolorem nesciunt. Repellendus ab in alias deserunt. Tenetur aut impedit et modi asperiores. Itaque unde animi iste a dolorem qui', 'ESTRUTURACAO' );
INSERT INTO equipamento ( modelo, nome, quantidade, marca, descricao, tipo )
	VALUES ( 'Nemo aliquid qui veniam voluptates. Perspiciatis libero pl', 'Eduardo Peixoto', 544375, 'Velit consequatur alia', 'Labore quo unde sunt sapiente. Quidem deserunt quas voluptate soluta occaecati voluptas. Quaerat odit ducimus quis ratione corporis minima assumenda. Voluptas fugiat rerum eveniet', 'DRONE' );
INSERT INTO equipamento ( modelo, nome, quantidade, marca, descricao, tipo )
	VALUES ( 'Repellendus vitae natus incidunt', 'Vinicius Teixeira', 635567, 'Dolor omnis aut dolore repel', 'Atque ullam odio reiciendis. Possimus animi odit nostrum excepturi ea enim. Eius recusandae nesciunt eius excepturi sapiente quae', 'CAMERA' );
INSERT INTO equipamento ( modelo, nome, quantidade, marca, descricao, tipo )
	VALUES ( 'Mollitia aliquam cum esse. Molestiae odio libero laborum mole', 'Sr. Yuri Teixeira', 155827, 'Voluptas tenetur eum ab. Ab ', 'Accusamus velit atque tempora. Animi facilis sapiente ea consequuntur consectetur reiciendis', 'DRONE' );
INSERT INTO equipamento ( modelo, nome, quantidade, marca, descricao, tipo )
	VALUES ( 'Corporis dignissimos eius distinctio voluptatem de', 'Lívia Ribeiro', 849644, 'Sapiente veritatis nobis s', 'Beatae tenetur doloribus recusandae fugiat tempore. A ducimus incidunt praesentium laudantium. Recusandae quam deleniti quae quas pariatur. Perspiciatis labore fugiat. Reprehenderit beatae quisquam', 'DRONE' );
INSERT INTO equipamento ( modelo, nome, quantidade, marca, descricao, tipo )
	VALUES ( 'Odit magni voluptatibus vel similique. Vitae offic', 'Nicole Carvalho', 206600, 'Consectetur veniam', 'Facere fugiat eum ea. Deserunt magni molestiae enim sapiente eveniet officiis. Dolorem nam totam non', 'DRONE' );
INSERT INTO equipamento ( modelo, nome, quantidade, marca, descricao, tipo )
	VALUES ( 'Quos odit aut velit vel consequatur. Nisi ', 'Letícia Rocha', 509149, 'Provident alias quos molestiae v', 'Nemo porro quia quas atque maiores architecto consectetur. Natus possimus eos voluptatem. Veniam amet repellendus eaque. Sit eum omnis incidunt suscipit eaque vero', 'CAMERA' );

/* TABLE estruturacao */
INSERT INTO estruturacao ( id )
	VALUES ( 19 );
INSERT INTO estruturacao ( id )
	VALUES ( 9 );
INSERT INTO estruturacao ( id )
	VALUES ( 16 );
INSERT INTO estruturacao ( id )
	VALUES ( 13 );
INSERT INTO estruturacao ( id )
	VALUES ( 15 );
INSERT INTO estruturacao ( id )
	VALUES ( 11 );
INSERT INTO estruturacao ( id )
	VALUES ( 17 );
INSERT INTO estruturacao ( id )
	VALUES ( 14 );
INSERT INTO estruturacao ( id )
	VALUES ( 6 );
INSERT INTO estruturacao ( id )
	VALUES ( 7 );
INSERT INTO estruturacao ( id )
	VALUES ( 4 );
INSERT INTO estruturacao ( id )
	VALUES ( 3 );
INSERT INTO estruturacao ( id )
	VALUES ( 2 );
INSERT INTO estruturacao ( id )
	VALUES ( 5 );
INSERT INTO estruturacao ( id )
	VALUES ( 18 );
INSERT INTO estruturacao ( id )
	VALUES ( 8 );
INSERT INTO estruturacao ( id )
	VALUES ( 12 );
INSERT INTO estruturacao ( id )
	VALUES ( 1 );
INSERT INTO estruturacao ( id )
	VALUES ( 20 );
INSERT INTO estruturacao ( id )
	VALUES ( 10 );

/* TABLE drone */
INSERT INTO drone ( id, fonteAlimentacao, tempoMaxVoo, alcanceRemoto )
	VALUES ( 10, 'A consectetur voluptate modi molestiae deb', 770062, 586652 );
INSERT INTO drone ( id, fonteAlimentacao, tempoMaxVoo, alcanceRemoto )
	VALUES ( 17, 'Repellendus temporibus impedit aspern', 125721, 504464 );
INSERT INTO drone ( id, fonteAlimentacao, tempoMaxVoo, alcanceRemoto )
	VALUES ( 1, 'Iure laboriosam ex neque facilis cum necess', 261545, 136696 );
INSERT INTO drone ( id, fonteAlimentacao, tempoMaxVoo, alcanceRemoto )
	VALUES ( 15, 'Quam sunt necessitatibus cupiditate. Amet accusan', 851557, 263127 );
INSERT INTO drone ( id, fonteAlimentacao, tempoMaxVoo, alcanceRemoto )
	VALUES ( 14, 'Exercitationem aliquam maiores as', 759217, 161231 );
INSERT INTO drone ( id, fonteAlimentacao, tempoMaxVoo, alcanceRemoto )
	VALUES ( 9, 'Architecto inventore mollitia au', 622553, 384873 );
INSERT INTO drone ( id, fonteAlimentacao, tempoMaxVoo, alcanceRemoto )
	VALUES ( 3, 'Illo ab cupiditate unde debitis.Consequatur et vo', 711868, 370572 );
INSERT INTO drone ( id, fonteAlimentacao, tempoMaxVoo, alcanceRemoto )
	VALUES ( 16, 'Magnam nihil doloribus perferendis iste de', 878985, 170109 );
INSERT INTO drone ( id, fonteAlimentacao, tempoMaxVoo, alcanceRemoto )
	VALUES ( 8, 'Fugit sequi eaque nihil laboriosam quo tempor', 702265, 358877 );
INSERT INTO drone ( id, fonteAlimentacao, tempoMaxVoo, alcanceRemoto )
	VALUES ( 11, 'Harum maxime unde ea pariatur. Labore deserunt at soluta.', 125518, 499361 );
INSERT INTO drone ( id, fonteAlimentacao, tempoMaxVoo, alcanceRemoto )
	VALUES ( 7, 'Voluptatum fuga libero sit minus. Occaecati ad na', 423225, 718941 );
INSERT INTO drone ( id, fonteAlimentacao, tempoMaxVoo, alcanceRemoto )
	VALUES ( 20, 'Labore qui suscipit perspiciatis quisquam ad quis. Et conse', 549393, 134598 );
INSERT INTO drone ( id, fonteAlimentacao, tempoMaxVoo, alcanceRemoto )
	VALUES ( 12, 'Aut molestias numquam soluta aspernatur commodi quo', 205943, 515478 );
INSERT INTO drone ( id, fonteAlimentacao, tempoMaxVoo, alcanceRemoto )
	VALUES ( 19, 'Ducimus dignissimos non itaque. Ipsam minus ', 148370, 735306 );
INSERT INTO drone ( id, fonteAlimentacao, tempoMaxVoo, alcanceRemoto )
	VALUES ( 18, 'Facilis corporis enim. Fuga fuga reiciendis perspiciatis ration', 497441, 660605 );
INSERT INTO drone ( id, fonteAlimentacao, tempoMaxVoo, alcanceRemoto )
	VALUES ( 13, 'Provident voluptatum fugit ex nam omnis. Nam fug', 413931, 130323 );
INSERT INTO drone ( id, fonteAlimentacao, tempoMaxVoo, alcanceRemoto )
	VALUES ( 6, 'Quod nemo velit temporibus quos reprehenderit. I', 880448, 755135 );
INSERT INTO drone ( id, fonteAlimentacao, tempoMaxVoo, alcanceRemoto )
	VALUES ( 5, 'Similique saepe et nulla qui vitae. Officiis error om', 786367, 701577 );
INSERT INTO drone ( id, fonteAlimentacao, tempoMaxVoo, alcanceRemoto )
	VALUES ( 2, 'Cupiditate ipsam animi voluptatum.', 268811, 589433 );
INSERT INTO drone ( id, fonteAlimentacao, tempoMaxVoo, alcanceRemoto )
	VALUES ( 4, 'Minima tempora animi eum. Voluptates pariatur ', 505659, 755649 );

/* TABLE sonorizacao */
INSERT INTO sonorizacao ( id, potencia, posseEise )
	VALUES ( 6, 506448, FALSE );
INSERT INTO sonorizacao ( id, potencia, posseEise )
	VALUES ( 8, 225783, FALSE );
INSERT INTO sonorizacao ( id, potencia, posseEise )
	VALUES ( 10, 733968, FALSE );
INSERT INTO sonorizacao ( id, potencia, posseEise )
	VALUES ( 16, 180952, TRUE );
INSERT INTO sonorizacao ( id, potencia, posseEise )
	VALUES ( 4, 212361, FALSE );
INSERT INTO sonorizacao ( id, potencia, posseEise )
	VALUES ( 19, 438018, FALSE );
INSERT INTO sonorizacao ( id, potencia, posseEise )
	VALUES ( 7, 473315, TRUE );
INSERT INTO sonorizacao ( id, potencia, posseEise )
	VALUES ( 3, 816640, FALSE );
INSERT INTO sonorizacao ( id, potencia, posseEise )
	VALUES ( 13, 760011, TRUE );
INSERT INTO sonorizacao ( id, potencia, posseEise )
	VALUES ( 9, 762821, TRUE );
INSERT INTO sonorizacao ( id, potencia, posseEise )
	VALUES ( 17, 893927, TRUE );
INSERT INTO sonorizacao ( id, potencia, posseEise )
	VALUES ( 5, 878480, FALSE );
INSERT INTO sonorizacao ( id, potencia, posseEise )
	VALUES ( 1, 636698, FALSE );
INSERT INTO sonorizacao ( id, potencia, posseEise )
	VALUES ( 14, 302902, TRUE );
INSERT INTO sonorizacao ( id, potencia, posseEise )
	VALUES ( 15, 778640, FALSE );
INSERT INTO sonorizacao ( id, potencia, posseEise )
	VALUES ( 18, 855080, FALSE );
INSERT INTO sonorizacao ( id, potencia, posseEise )
	VALUES ( 20, 503905, TRUE );
INSERT INTO sonorizacao ( id, potencia, posseEise )
	VALUES ( 2, 823952, FALSE );
INSERT INTO sonorizacao ( id, potencia, posseEise )
	VALUES ( 11, 576291, FALSE );
INSERT INTO sonorizacao ( id, potencia, posseEise )
	VALUES ( 12, 502264, TRUE );

/* TABLE camera */
INSERT INTO camera ( id, fonteAlimentacao, certificacaoIP, resistenteQueda, visaoNoturna, zoomLongoAlcance, estabilizadorImagem, conectividade )
	VALUES ( 4, 'Dolorem ducimus quasi ratione a repellendus. Debitis nobis i', 'IP19', FALSE, FALSE, TRUE, FALSE, 'Provident quasi aliquid beatae sint.' );
INSERT INTO camera ( id, fonteAlimentacao, certificacaoIP, resistenteQueda, visaoNoturna, zoomLongoAlcance, estabilizadorImagem, conectividade )
	VALUES ( 3, 'Molestiae velit doloremque quis doloremque sint. R', 'IP669', TRUE, FALSE, FALSE, TRUE, 'Distinctio accusamus enim nesciunt dolore' );
INSERT INTO camera ( id, fonteAlimentacao, certificacaoIP, resistenteQueda, visaoNoturna, zoomLongoAlcance, estabilizadorImagem, conectividade )
	VALUES ( 14, 'Rerum quidem vitae eligendi.Nobis delectus dolor poss', 'IP036', TRUE, TRUE, FALSE, FALSE, 'Delectus exercitationem quibusdam beatae. Asper' );
INSERT INTO camera ( id, fonteAlimentacao, certificacaoIP, resistenteQueda, visaoNoturna, zoomLongoAlcance, estabilizadorImagem, conectividade )
	VALUES ( 11, 'Ipsa animi mollitia ad.Recusandae ut minus aliquid', 'IP965', FALSE, FALSE, TRUE, FALSE, 'Amet illum blanditiis delectus praesentium sed officia. Qu' );
INSERT INTO camera ( id, fonteAlimentacao, certificacaoIP, resistenteQueda, visaoNoturna, zoomLongoAlcance, estabilizadorImagem, conectividade )
	VALUES ( 7, 'Odio blanditiis repudiandae delectus. Quidem maiores animi', 'IP205s', FALSE, FALSE, TRUE, TRUE, 'Nesciunt quidem cum consequatur si' );
INSERT INTO camera ( id, fonteAlimentacao, certificacaoIP, resistenteQueda, visaoNoturna, zoomLongoAlcance, estabilizadorImagem, conectividade )
	VALUES ( 6, 'Placeat possimus occaecati exercitationem. Voluptatibus rerum pe', 'IP57', FALSE, FALSE, FALSE, TRUE, 'Fuga porro ipsum debitis saepe. ' );
INSERT INTO camera ( id, fonteAlimentacao, certificacaoIP, resistenteQueda, visaoNoturna, zoomLongoAlcance, estabilizadorImagem, conectividade )
	VALUES ( 17, 'Praesentium excepturi repellendus expedita voluptatem ', 'IP68B', FALSE, FALSE, FALSE, TRUE, 'Dolores voluptate enim est recusand' );
INSERT INTO camera ( id, fonteAlimentacao, certificacaoIP, resistenteQueda, visaoNoturna, zoomLongoAlcance, estabilizadorImagem, conectividade )
	VALUES ( 15, 'Eveniet voluptate molestias illo saepe alias p', 'IP27p', FALSE, TRUE, TRUE, TRUE, 'Voluptatibus quibusdam neque voluptates veni' );
INSERT INTO camera ( id, fonteAlimentacao, certificacaoIP, resistenteQueda, visaoNoturna, zoomLongoAlcance, estabilizadorImagem, conectividade )
	VALUES ( 16, 'Aperiam molestiae commodi doloremque expedita facilis ', 'IP605x', FALSE, TRUE, TRUE, FALSE, 'Magni quasi dolores quis beatae ration' );
INSERT INTO camera ( id, fonteAlimentacao, certificacaoIP, resistenteQueda, visaoNoturna, zoomLongoAlcance, estabilizadorImagem, conectividade )
	VALUES ( 9, 'Ad et voluptatum suscipit quos. Officia a', 'IP692o', FALSE, FALSE, FALSE, FALSE, 'Odio velit inventore enim. Ipsum et labo' );
INSERT INTO camera ( id, fonteAlimentacao, certificacaoIP, resistenteQueda, visaoNoturna, zoomLongoAlcance, estabilizadorImagem, conectividade )
	VALUES ( 5, 'Illo nemo possimus alias perferendis consectetur. Magni', 'IP26', TRUE, TRUE, FALSE, FALSE, 'Quaerat accusamus nostrum quam expedit' );
INSERT INTO camera ( id, fonteAlimentacao, certificacaoIP, resistenteQueda, visaoNoturna, zoomLongoAlcance, estabilizadorImagem, conectividade )
	VALUES ( 10, 'Tenetur facilis ipsa officia omnis.Dignissimo', 'IP905', FALSE, TRUE, FALSE, TRUE, 'Quibusdam cum sed odit. Reiciendis vel maxime saep' );
INSERT INTO camera ( id, fonteAlimentacao, certificacaoIP, resistenteQueda, visaoNoturna, zoomLongoAlcance, estabilizadorImagem, conectividade )
	VALUES ( 1, 'Reiciendis quos at magnam nesciunt. Mollitia rem rerum', 'IP09E', TRUE, TRUE, TRUE, FALSE, 'Asperiores optio autem dolorem corporis. Voluptat' );
INSERT INTO camera ( id, fonteAlimentacao, certificacaoIP, resistenteQueda, visaoNoturna, zoomLongoAlcance, estabilizadorImagem, conectividade )
	VALUES ( 8, 'Aperiam repellendus in consequuntur. Quae sint neque porro ', 'IP74z', FALSE, FALSE, TRUE, FALSE, 'Reprehenderit quae quidem vel delect' );
INSERT INTO camera ( id, fonteAlimentacao, certificacaoIP, resistenteQueda, visaoNoturna, zoomLongoAlcance, estabilizadorImagem, conectividade )
	VALUES ( 12, 'Nihil iure occaecati odit ipsam iusto officia. Id enim vitae mag', 'IP70R', FALSE, FALSE, TRUE, FALSE, 'Magnam ratione voluptas nesciunt. Odio placeat autem corporis' );
INSERT INTO camera ( id, fonteAlimentacao, certificacaoIP, resistenteQueda, visaoNoturna, zoomLongoAlcance, estabilizadorImagem, conectividade )
	VALUES ( 18, 'Necessitatibus ipsa aliquid voluptatum fugit. Modi qu', 'IP98a', FALSE, FALSE, TRUE, TRUE, 'Iure autem nemo tenetur. Saepe iusto sit.Co' );
INSERT INTO camera ( id, fonteAlimentacao, certificacaoIP, resistenteQueda, visaoNoturna, zoomLongoAlcance, estabilizadorImagem, conectividade )
	VALUES ( 2, 'Delectus doloribus quo incidunt magnam. Incidunt officia rat', 'IP358', FALSE, FALSE, FALSE, TRUE, 'Sint sint fugiat sint quidem porro occaecati.' );
INSERT INTO camera ( id, fonteAlimentacao, certificacaoIP, resistenteQueda, visaoNoturna, zoomLongoAlcance, estabilizadorImagem, conectividade )
	VALUES ( 19, 'Occaecati adipisci quasi dolorem fugia', 'IP07T', TRUE, FALSE, TRUE, FALSE, 'Assumenda praesentium perspiciatis oc' );
INSERT INTO camera ( id, fonteAlimentacao, certificacaoIP, resistenteQueda, visaoNoturna, zoomLongoAlcance, estabilizadorImagem, conectividade )
	VALUES ( 13, 'Repudiandae quo numquam numquam. Eos quae voluptas magnam.', 'IP545Q', TRUE, FALSE, FALSE, FALSE, 'Deserunt ullam ducimus non animi esse.Rem consectetur quae ' );
INSERT INTO camera ( id, fonteAlimentacao, certificacaoIP, resistenteQueda, visaoNoturna, zoomLongoAlcance, estabilizadorImagem, conectividade )
	VALUES ( 20, 'Illo pariatur molestias doloremque aliquid amet archi', 'IP292', TRUE, TRUE, FALSE, TRUE, 'Veniam voluptates optio adipisci ' );

/* TABLE registros */
INSERT INTO registros ( idDrone, registro )
	VALUES ( 19, 'Accusamus' );
INSERT INTO registros ( idDrone, registro )
	VALUES ( 10, 'Corrupti ' );
INSERT INTO registros ( idDrone, registro )
	VALUES ( 10, 'Voluptati' );
INSERT INTO registros ( idDrone, registro )
	VALUES ( 7, 'Nemo quas' );
INSERT INTO registros ( idDrone, registro )
	VALUES ( 5, 'Voluptate' );
INSERT INTO registros ( idDrone, registro )
	VALUES ( 10, 'Asperiore' );
INSERT INTO registros ( idDrone, registro )
	VALUES ( 14, 'Repudiand' );
INSERT INTO registros ( idDrone, registro )
	VALUES ( 15, 'Officiis ' );
INSERT INTO registros ( idDrone, registro )
	VALUES ( 6, 'Possimus ' );
INSERT INTO registros ( idDrone, registro )
	VALUES ( 11, 'Deleniti ' );
INSERT INTO registros ( idDrone, registro )
	VALUES ( 11, 'Ad nemo e' );
INSERT INTO registros ( idDrone, registro )
	VALUES ( 7, 'Dignissim' );
INSERT INTO registros ( idDrone, registro )
	VALUES ( 19, 'Quasi odi' );
INSERT INTO registros ( idDrone, registro )
	VALUES ( 19, 'Iure aper' );
INSERT INTO registros ( idDrone, registro )
	VALUES ( 9, 'Ipsum ips' );
INSERT INTO registros ( idDrone, registro )
	VALUES ( 11, 'Dicta qui' );
INSERT INTO registros ( idDrone, registro )
	VALUES ( 19, 'Laborum m' );
INSERT INTO registros ( idDrone, registro )
	VALUES ( 8, 'Amet plac' );
INSERT INTO registros ( idDrone, registro )
	VALUES ( 10, 'Quia nihi' );
INSERT INTO registros ( idDrone, registro )
	VALUES ( 18, 'Velit dol' );

/* TABLE cameraAerea */
INSERT INTO cameraAerea ( camera, drone, data, quantidade )
	VALUES ( 2, 6, to_date ('2002-02-21', 'YYYY-MM-DD'), 162065 );
INSERT INTO cameraAerea ( camera, drone, data, quantidade )
	VALUES ( 12, 16, to_date ('2006-06-06', 'YYYY-MM-DD'), 661008 );
INSERT INTO cameraAerea ( camera, drone, data, quantidade )
	VALUES ( 17, 11, to_date ('2016-09-20', 'YYYY-MM-DD'), 551026 );
INSERT INTO cameraAerea ( camera, drone, data, quantidade )
	VALUES ( 1, 17, to_date ('2008-03-05', 'YYYY-MM-DD'), 467496 );
INSERT INTO cameraAerea ( camera, drone, data, quantidade )
	VALUES ( 7, 7, to_date ('2007-11-02', 'YYYY-MM-DD'), 763139 );
INSERT INTO cameraAerea ( camera, drone, data, quantidade )
	VALUES ( 2, 20, to_date ('2008-04-26', 'YYYY-MM-DD'), 257616 );
INSERT INTO cameraAerea ( camera, drone, data, quantidade )
	VALUES ( 1, 14, to_date ('2004-10-09', 'YYYY-MM-DD'), 671604 );
INSERT INTO cameraAerea ( camera, drone, data, quantidade )
	VALUES ( 8, 2, to_date ('2009-03-26', 'YYYY-MM-DD'), 513728 );
INSERT INTO cameraAerea ( camera, drone, data, quantidade )
	VALUES ( 3, 4, to_date ('2007-06-25', 'YYYY-MM-DD'), 790357 );
INSERT INTO cameraAerea ( camera, drone, data, quantidade )
	VALUES ( 18, 13, to_date ('2015-07-05', 'YYYY-MM-DD'), 490352 );
INSERT INTO cameraAerea ( camera, drone, data, quantidade )
	VALUES ( 4, 1, to_date ('2015-07-08', 'YYYY-MM-DD'), 632297 );
INSERT INTO cameraAerea ( camera, drone, data, quantidade )
	VALUES ( 20, 13, to_date ('2006-10-28', 'YYYY-MM-DD'), 119474 );
INSERT INTO cameraAerea ( camera, drone, data, quantidade )
	VALUES ( 1, 5, to_date ('2015-03-04', 'YYYY-MM-DD'), 126928 );
INSERT INTO cameraAerea ( camera, drone, data, quantidade )
	VALUES ( 5, 10, to_date ('2004-02-02', 'YYYY-MM-DD'), 446859 );
INSERT INTO cameraAerea ( camera, drone, data, quantidade )
	VALUES ( 10, 1, to_date ('2004-08-29', 'YYYY-MM-DD'), 674988 );
INSERT INTO cameraAerea ( camera, drone, data, quantidade )
	VALUES ( 11, 17, to_date ('2017-07-11', 'YYYY-MM-DD'), 505790 );
INSERT INTO cameraAerea ( camera, drone, data, quantidade )
	VALUES ( 20, 8, to_date ('2014-02-18', 'YYYY-MM-DD'), 818142 );
INSERT INTO cameraAerea ( camera, drone, data, quantidade )
	VALUES ( 11, 13, to_date ('2000-09-07', 'YYYY-MM-DD'), 475706 );
INSERT INTO cameraAerea ( camera, drone, data, quantidade )
	VALUES ( 18, 7, to_date ('2008-12-17', 'YYYY-MM-DD'), 441472 );
INSERT INTO cameraAerea ( camera, drone, data, quantidade )
	VALUES ( 16, 19, to_date ('2004-12-01', 'YYYY-MM-DD'), 338655 );

/* TABLE musico */
INSERT INTO musico ( cpf, nome )
	VALUES ( '665.336.159-45', 'Raquel Silveira' );
INSERT INTO musico ( cpf, nome )
	VALUES ( '475.597.414-71', 'Luiz Otávio Lima' );
INSERT INTO musico ( cpf, nome )
	VALUES ( '275.374.896-90', 'Ana Beatriz Lopes' );
INSERT INTO musico ( cpf, nome )
	VALUES ( '389.335.547-51', 'Thales Viana' );
INSERT INTO musico ( cpf, nome )
	VALUES ( '263.311.824-11', 'Dra. Stella Aragão' );
INSERT INTO musico ( cpf, nome )
	VALUES ( '097.300.414-79', 'Ana Julia Lopes' );
INSERT INTO musico ( cpf, nome )
	VALUES ( '450.136.938-96', 'Lorenzo Freitas' );
INSERT INTO musico ( cpf, nome )
	VALUES ( '734.817.670-55', 'Pedro Miguel da Luz' );
INSERT INTO musico ( cpf, nome )
	VALUES ( '156.116.392-67', 'João Guilherme Costa' );
INSERT INTO musico ( cpf, nome )
	VALUES ( '223.112.578-27', 'Luigi Viana' );
INSERT INTO musico ( cpf, nome )
	VALUES ( '553.209.354-14', 'Natália Costa' );
INSERT INTO musico ( cpf, nome )
	VALUES ( '196.060.535-85', 'Francisco Sales' );
INSERT INTO musico ( cpf, nome )
	VALUES ( '294.075.667-08', 'Maria Gomes' );
INSERT INTO musico ( cpf, nome )
	VALUES ( '309.774.613-86', 'Srta. Maria Fernanda Sales' );
INSERT INTO musico ( cpf, nome )
	VALUES ( '725.530.253-99', 'Marina da Costa' );
INSERT INTO musico ( cpf, nome )
	VALUES ( '224.086.296-98', 'Emanuelly Martins' );
INSERT INTO musico ( cpf, nome )
	VALUES ( '164.843.115-03', 'Davi Lucas Alves' );
INSERT INTO musico ( cpf, nome )
	VALUES ( '848.899.059-83', 'Lavínia Rezende' );
INSERT INTO musico ( cpf, nome )
	VALUES ( '108.399.181-93', 'Ana Carolina Barros' );
INSERT INTO musico ( cpf, nome )
	VALUES ( '503.396.308-76', 'Enzo da Costa' );

/* TABLE banda */
/* NULL INSERTION FOR ATTRIBUTEestiloMusicalAT TABLEbanda */
INSERT INTO banda ( nome, dataCriacao, estiloMusical, tipo )
	VALUES ( 'Antônio Souza', to_date ('2017-12-08', 'YYYY-MM-DD'), NULL, 'CONTRATADA' );
INSERT INTO banda ( nome, dataCriacao, estiloMusical, tipo )
	VALUES ( 'André Carvalho', to_date ('2014-12-24', 'YYYY-MM-DD'), 'Facilis eaque inventore eum. Voluptas culpa ea totam maxime si', 'PARTICULAR' );
INSERT INTO banda ( nome, dataCriacao, estiloMusical, tipo )
	VALUES ( 'Sra. Ana Julia Porto', to_date ('2010-03-25', 'YYYY-MM-DD'), 'Quod debitis error tenetur assumenda quas. Qui nisi ', 'PARTICULAR' );
INSERT INTO banda ( nome, dataCriacao, estiloMusical, tipo )
	VALUES ( 'Lorena Rodrigues', to_date ('2016-02-17', 'YYYY-MM-DD'), 'Est modi consequuntur nulla earum veniam. Et iure duc', 'PARTICULAR' );
INSERT INTO banda ( nome, dataCriacao, estiloMusical, tipo )
	VALUES ( 'Maria Sophia Almeida', to_date ('2000-04-08', 'YYYY-MM-DD'), 'Perspiciatis eligendi qui voluptatibus. Numquam ipsa minima ', 'PARTICULAR' );
INSERT INTO banda ( nome, dataCriacao, estiloMusical, tipo )
	VALUES ( 'João Lucas Pires', to_date ('2005-03-05', 'YYYY-MM-DD'), 'Aut harum illo quae facilis doloremque. Voluptatibus m', 'PARTICULAR' );
INSERT INTO banda ( nome, dataCriacao, estiloMusical, tipo )
	VALUES ( 'Guilherme Porto', to_date ('2011-09-01', 'YYYY-MM-DD'), 'Nisi libero aliquam accusantium. Tempora quia ', 'PARTICULAR' );
INSERT INTO banda ( nome, dataCriacao, estiloMusical, tipo )
	VALUES ( 'Sofia Rezende', to_date ('2008-05-29', 'YYYY-MM-DD'), 'Explicabo rem provident molestias doloremq', 'CONTRATADA' );
INSERT INTO banda ( nome, dataCriacao, estiloMusical, tipo )
	VALUES ( 'Srta. Ana Ferreira', to_date ('2010-03-29', 'YYYY-MM-DD'), 'In distinctio id ipsa. Quas culpa n', 'CONTRATADA' );
INSERT INTO banda ( nome, dataCriacao, estiloMusical, tipo )
	VALUES ( 'Maria Clara Barbosa', to_date ('2011-05-08', 'YYYY-MM-DD'), 'Dignissimos maxime deleniti nam dolorem. Blandit', 'CONTRATADA' );
INSERT INTO banda ( nome, dataCriacao, estiloMusical, tipo )
	VALUES ( 'Gustavo das Neves', to_date ('2008-06-16', 'YYYY-MM-DD'), 'Recusandae expedita nisi quod esse vel ', 'PARTICULAR' );
INSERT INTO banda ( nome, dataCriacao, estiloMusical, tipo )
	VALUES ( 'Dr. Bernardo Cardoso', to_date ('2015-10-24', 'YYYY-MM-DD'), 'Eius vero a maiores at. Vero expedita asper', 'PARTICULAR' );
INSERT INTO banda ( nome, dataCriacao, estiloMusical, tipo )
	VALUES ( 'Luiz Fernando Barbosa', to_date ('2001-02-07', 'YYYY-MM-DD'), 'Quae at voluptates et optio. Voluptates odio fugit', 'CONTRATADA' );
INSERT INTO banda ( nome, dataCriacao, estiloMusical, tipo )
	VALUES ( 'Sr. Antônio Nascimento', to_date ('2009-08-12', 'YYYY-MM-DD'), 'Molestias corrupti deleniti illum minima ni', 'PARTICULAR' );
INSERT INTO banda ( nome, dataCriacao, estiloMusical, tipo )
	VALUES ( 'Mariana Rocha', to_date ('2003-01-12', 'YYYY-MM-DD'), 'Perspiciatis velit accusantium commodi fugit amet.', 'PARTICULAR' );
INSERT INTO banda ( nome, dataCriacao, estiloMusical, tipo )
	VALUES ( 'Dr. Vicente Costela', to_date ('2004-01-13', 'YYYY-MM-DD'), 'Ea omnis repudiandae non. Debitis ipsa po', 'PARTICULAR' );
INSERT INTO banda ( nome, dataCriacao, estiloMusical, tipo )
	VALUES ( 'Nina Moura', to_date ('2015-05-13', 'YYYY-MM-DD'), 'Mollitia assumenda voluptate rem provident', 'CONTRATADA' );
INSERT INTO banda ( nome, dataCriacao, estiloMusical, tipo )
	VALUES ( 'Gabriel Correia', to_date ('2013-08-04', 'YYYY-MM-DD'), 'Voluptatibus deserunt soluta min', 'PARTICULAR' );
INSERT INTO banda ( nome, dataCriacao, estiloMusical, tipo )
	VALUES ( 'Yuri Melo', to_date ('2011-08-25', 'YYYY-MM-DD'), 'Optio laudantium facere nobis quasi. Reprehenderit quas e', 'CONTRATADA' );
INSERT INTO banda ( nome, dataCriacao, estiloMusical, tipo )
	VALUES ( 'Joaquim Gomes', to_date ('2016-06-30', 'YYYY-MM-DD'), 'Optio libero cupiditate vero exerci', 'CONTRATADA' );
INSERT INTO banda ( nome, dataCriacao, estiloMusical, tipo )
	VALUES ( 'Júlia Ribeiro', to_date ('2014-09-11', 'YYYY-MM-DD'), 'Placeat maxime adipisci sit officia ', 'PARTICULAR' );

/* TABLE compoe */
INSERT INTO compoe ( cpfMusico, nomeBanda, dataCriacaoBanda )
	VALUES ( '196.060.535-85', 'Sr. Antônio Nascimento', to_date ('2009-08-12', 'YYYY-MM-DD') );
INSERT INTO compoe ( cpfMusico, nomeBanda, dataCriacaoBanda )
	VALUES ( '164.843.115-03', 'Nina Moura', to_date ('2015-05-13', 'YYYY-MM-DD') );
INSERT INTO compoe ( cpfMusico, nomeBanda, dataCriacaoBanda )
	VALUES ( '294.075.667-08', 'Dr. Bernardo Cardoso', to_date ('2015-10-24', 'YYYY-MM-DD') );
INSERT INTO compoe ( cpfMusico, nomeBanda, dataCriacaoBanda )
	VALUES ( '275.374.896-90', 'Guilherme Porto', to_date ('2011-09-01', 'YYYY-MM-DD') );
INSERT INTO compoe ( cpfMusico, nomeBanda, dataCriacaoBanda )
	VALUES ( '097.300.414-79', 'Sr. Antônio Nascimento', to_date ('2009-08-12', 'YYYY-MM-DD') );
INSERT INTO compoe ( cpfMusico, nomeBanda, dataCriacaoBanda )
	VALUES ( '224.086.296-98', 'Sra. Ana Julia Porto', to_date ('2010-03-25', 'YYYY-MM-DD') );
INSERT INTO compoe ( cpfMusico, nomeBanda, dataCriacaoBanda )
	VALUES ( '665.336.159-45', 'Dr. Bernardo Cardoso', to_date ('2015-10-24', 'YYYY-MM-DD') );
INSERT INTO compoe ( cpfMusico, nomeBanda, dataCriacaoBanda )
	VALUES ( '164.843.115-03', 'Joaquim Gomes', to_date ('2016-06-30', 'YYYY-MM-DD') );
INSERT INTO compoe ( cpfMusico, nomeBanda, dataCriacaoBanda )
	VALUES ( '309.774.613-86', 'Sofia Rezende', to_date ('2008-05-29', 'YYYY-MM-DD') );
INSERT INTO compoe ( cpfMusico, nomeBanda, dataCriacaoBanda )
	VALUES ( '725.530.253-99', 'Guilherme Porto', to_date ('2011-09-01', 'YYYY-MM-DD') );
INSERT INTO compoe ( cpfMusico, nomeBanda, dataCriacaoBanda )
	VALUES ( '665.336.159-45', 'Yuri Melo', to_date ('2011-08-25', 'YYYY-MM-DD') );
INSERT INTO compoe ( cpfMusico, nomeBanda, dataCriacaoBanda )
	VALUES ( '503.396.308-76', 'Maria Sophia Almeida', to_date ('2000-04-08', 'YYYY-MM-DD') );
INSERT INTO compoe ( cpfMusico, nomeBanda, dataCriacaoBanda )
	VALUES ( '734.817.670-55', 'Maria Clara Barbosa', to_date ('2011-05-08', 'YYYY-MM-DD') );
INSERT INTO compoe ( cpfMusico, nomeBanda, dataCriacaoBanda )
	VALUES ( '725.530.253-99', 'João Lucas Pires', to_date ('2005-03-05', 'YYYY-MM-DD') );
INSERT INTO compoe ( cpfMusico, nomeBanda, dataCriacaoBanda )
	VALUES ( '734.817.670-55', 'Mariana Rocha', to_date ('2003-01-12', 'YYYY-MM-DD') );
INSERT INTO compoe ( cpfMusico, nomeBanda, dataCriacaoBanda )
	VALUES ( '848.899.059-83', 'Dr. Vicente Costela', to_date ('2004-01-13', 'YYYY-MM-DD') );
INSERT INTO compoe ( cpfMusico, nomeBanda, dataCriacaoBanda )
	VALUES ( '223.112.578-27', 'Sr. Antônio Nascimento', to_date ('2009-08-12', 'YYYY-MM-DD') );
INSERT INTO compoe ( cpfMusico, nomeBanda, dataCriacaoBanda )
	VALUES ( '263.311.824-11', 'Gustavo das Neves', to_date ('2008-06-16', 'YYYY-MM-DD') );
INSERT INTO compoe ( cpfMusico, nomeBanda, dataCriacaoBanda )
	VALUES ( '309.774.613-86', 'Gabriel Correia', to_date ('2013-08-04', 'YYYY-MM-DD') );
INSERT INTO compoe ( cpfMusico, nomeBanda, dataCriacaoBanda )
	VALUES ( '156.116.392-67', 'Joaquim Gomes', to_date ('2016-06-30', 'YYYY-MM-DD') );

/* TABLE festaNoCruzeiro */
/* NULL INSERTION FOR ATTRIBUTEnumeroConvidadosAT TABLEfestaNoCruzeiro */
INSERT INTO festaNoCruzeiro ( IMO, dataInicio, dataFim, numeroConvidados, nome )
	VALUES ( 124401, to_date ('2011-05-18', 'YYYY-MM-DD'), to_date ('2011-05-09', 'YYYY-MM-DD'), NULL, 'Luiz Henrique Martins' );
/* NULL INSERTION FOR ATTRIBUTEdataFimAT TABLEfestaNoCruzeiro */
INSERT INTO festaNoCruzeiro ( IMO, dataInicio, dataFim, numeroConvidados, nome )
	VALUES ( 156095, to_date ('2004-03-28', 'YYYY-MM-DD'), NULL, 168415, 'Sr. Vicente Peixoto' );
INSERT INTO festaNoCruzeiro ( IMO, dataInicio, dataFim, numeroConvidados, nome )
	VALUES ( 252710, to_date ('2017-08-05', 'YYYY-MM-DD'), to_date ('2003-10-23', 'YYYY-MM-DD'), 776667, 'Dra. Sarah Alves' );
INSERT INTO festaNoCruzeiro ( IMO, dataInicio, dataFim, numeroConvidados, nome )
	VALUES ( 899004, to_date ('2007-02-00', 'YYYY-MM-DD'), to_date ('2018-11-17', 'YYYY-MM-DD'), 164010, 'Dr. Guilherme Gomes' );
INSERT INTO festaNoCruzeiro ( IMO, dataInicio, dataFim, numeroConvidados, nome )
	VALUES ( 745601, to_date ('2001-09-11', 'YYYY-MM-DD'), to_date ('2005-11-07', 'YYYY-MM-DD'), 420598, 'Sr. Vicente Araújo' );
INSERT INTO festaNoCruzeiro ( IMO, dataInicio, dataFim, numeroConvidados, nome )
	VALUES ( 592219, to_date ('2015-08-20', 'YYYY-MM-DD'), to_date ('2018-03-24', 'YYYY-MM-DD'), 705152, 'Juliana da Luz' );
INSERT INTO festaNoCruzeiro ( IMO, dataInicio, dataFim, numeroConvidados, nome )
	VALUES ( 612031, to_date ('2004-02-15', 'YYYY-MM-DD'), to_date ('2005-08-16', 'YYYY-MM-DD'), 753785, 'Luiz Miguel Cunha' );
INSERT INTO festaNoCruzeiro ( IMO, dataInicio, dataFim, numeroConvidados, nome )
	VALUES ( 409168, to_date ('2017-04-13', 'YYYY-MM-DD'), to_date ('2008-05-02', 'YYYY-MM-DD'), 177822, 'Nicolas Pereira' );
INSERT INTO festaNoCruzeiro ( IMO, dataInicio, dataFim, numeroConvidados, nome )
	VALUES ( 771794, to_date ('2004-06-07', 'YYYY-MM-DD'), to_date ('2011-03-04', 'YYYY-MM-DD'), 771014, 'Emanuelly Pinto' );
INSERT INTO festaNoCruzeiro ( IMO, dataInicio, dataFim, numeroConvidados, nome )
	VALUES ( 152370, to_date ('2003-11-07', 'YYYY-MM-DD'), to_date ('2009-05-26', 'YYYY-MM-DD'), 349886, 'Isadora Pires' );
INSERT INTO festaNoCruzeiro ( IMO, dataInicio, dataFim, numeroConvidados, nome )
	VALUES ( 395099, to_date ('2009-11-27', 'YYYY-MM-DD'), to_date ('2005-10-24', 'YYYY-MM-DD'), 150848, 'Sra. Isis Pinto' );
INSERT INTO festaNoCruzeiro ( IMO, dataInicio, dataFim, numeroConvidados, nome )
	VALUES ( 147272, to_date ('2010-01-10', 'YYYY-MM-DD'), to_date ('2017-05-07', 'YYYY-MM-DD'), 414954, 'Rafael Cavalcanti' );
INSERT INTO festaNoCruzeiro ( IMO, dataInicio, dataFim, numeroConvidados, nome )
	VALUES ( 744184, to_date ('2008-11-18', 'YYYY-MM-DD'), to_date ('2012-07-24', 'YYYY-MM-DD'), 401914, 'Alice Ramos' );
INSERT INTO festaNoCruzeiro ( IMO, dataInicio, dataFim, numeroConvidados, nome )
	VALUES ( 371947, to_date ('2015-12-25', 'YYYY-MM-DD'), to_date ('2006-05-27', 'YYYY-MM-DD'), 695882, 'Maria Clara da Rocha' );
INSERT INTO festaNoCruzeiro ( IMO, dataInicio, dataFim, numeroConvidados, nome )
	VALUES ( 195137, to_date ('2004-11-18', 'YYYY-MM-DD'), to_date ('2003-03-10', 'YYYY-MM-DD'), 593807, 'Helena Jesus' );
INSERT INTO festaNoCruzeiro ( IMO, dataInicio, dataFim, numeroConvidados, nome )
	VALUES ( 439448, to_date ('2015-11-07', 'YYYY-MM-DD'), to_date ('2004-04-07', 'YYYY-MM-DD'), 218295, 'João Miguel da Cunha' );
INSERT INTO festaNoCruzeiro ( IMO, dataInicio, dataFim, numeroConvidados, nome )
	VALUES ( 240881, to_date ('2018-11-22', 'YYYY-MM-DD'), to_date ('2000-12-07', 'YYYY-MM-DD'), 113743, 'Ana Carolina Oliveira' );
INSERT INTO festaNoCruzeiro ( IMO, dataInicio, dataFim, numeroConvidados, nome )
	VALUES ( 851801, to_date ('2011-10-22', 'YYYY-MM-DD'), to_date ('2012-07-27', 'YYYY-MM-DD'), 577463, 'João Miguel Costela' );
INSERT INTO festaNoCruzeiro ( IMO, dataInicio, dataFim, numeroConvidados, nome )
	VALUES ( 214286, to_date ('2010-07-08', 'YYYY-MM-DD'), to_date ('2015-03-11', 'YYYY-MM-DD'), 885019, 'Thiago da Luz' );
INSERT INTO festaNoCruzeiro ( IMO, dataInicio, dataFim, numeroConvidados, nome )
	VALUES ( 714288, to_date ('2010-02-17', 'YYYY-MM-DD'), to_date ('2000-09-02', 'YYYY-MM-DD'), 219633, 'Dr. João Vitor Silveira' );
INSERT INTO festaNoCruzeiro ( IMO, dataInicio, dataFim, numeroConvidados, nome )
	VALUES ( 262160, to_date ('2005-12-05', 'YYYY-MM-DD'), to_date ('2010-04-25', 'YYYY-MM-DD'), 759840, 'Maitê Nunes' );
INSERT INTO festaNoCruzeiro ( IMO, dataInicio, dataFim, numeroConvidados, nome )
	VALUES ( 481351, to_date ('2001-09-08', 'YYYY-MM-DD'), to_date ('2018-11-24', 'YYYY-MM-DD'), 340024, 'Carlos Eduardo Cavalcanti' );

/* TABLE locaisCruzeiro */
INSERT INTO locaisCruzeiro ( IMO, dataFesta, local )
	VALUES ( 371947, to_date ('2015-12-25', 'YYYY-MM-DD'), 'Quidem consectetur illo maiores placeat iusto. Hic commodi in magnam. Doloribus ducimus accusant' );
INSERT INTO locaisCruzeiro ( IMO, dataFesta, local )
	VALUES ( 592219, to_date ('2015-08-20', 'YYYY-MM-DD'), 'Illo veritatis deleniti ut quo iste. Aut laboriosam fuga voluptatum magnam nesciunt voluptas.Eum suscipit porro ' );
INSERT INTO locaisCruzeiro ( IMO, dataFesta, local )
	VALUES ( 147272, to_date ('2010-01-10', 'YYYY-MM-DD'), 'Corporis quaerat sit iusto assumenda ipsam iure. Molestiae inventore a facere quos sapiente nesciunt. A' );
INSERT INTO locaisCruzeiro ( IMO, dataFesta, local )
	VALUES ( 262160, to_date ('2005-12-05', 'YYYY-MM-DD'), 'Accusantium voluptatibus dignissimos aperiam repellat tempora numquam vel. Reiciendis iusto vero totam.Veniam unde fa' );
INSERT INTO locaisCruzeiro ( IMO, dataFesta, local )
	VALUES ( 612031, to_date ('2004-02-15', 'YYYY-MM-DD'), 'Deserunt est ratione tempore molestiae facere voluptatum dolorum. Commodi molestias hic autem et o' );
INSERT INTO locaisCruzeiro ( IMO, dataFesta, local )
	VALUES ( 252710, to_date ('2017-08-05', 'YYYY-MM-DD'), 'Molestias fugiat porro nostrum praesentium id eos. Nostrum laborum vitae voluptatibus natus ipsam. Quidem' );
INSERT INTO locaisCruzeiro ( IMO, dataFesta, local )
	VALUES ( 745601, to_date ('2001-09-11', 'YYYY-MM-DD'), 'Quod expedita totam consectetur. Molestias necessitatibus aspern' );
INSERT INTO locaisCruzeiro ( IMO, dataFesta, local )
	VALUES ( 744184, to_date ('2008-11-18', 'YYYY-MM-DD'), 'Eligendi hic necessitatibus amet tempora nostrum tempora incidunt. Necessitatibus explicabo provident.Repudiandae perspicia' );
INSERT INTO locaisCruzeiro ( IMO, dataFesta, local )
	VALUES ( 240881, to_date ('2018-11-22', 'YYYY-MM-DD'), 'Fugit a culpa reprehenderit. Non alias provident iure. Reiciendis porro accusantium commodi optio ipsum nesciunt' );
INSERT INTO locaisCruzeiro ( IMO, dataFesta, local )
	VALUES ( 214286, to_date ('2010-07-08', 'YYYY-MM-DD'), 'Quibusdam vero quisquam quia saepe reiciendis. Cupiditate quod animi debitis reiciendi' );
INSERT INTO locaisCruzeiro ( IMO, dataFesta, local )
	VALUES ( 481351, to_date ('2001-09-08', 'YYYY-MM-DD'), 'Iste vero asperiores debitis harum. Repudiandae veniam laboriosam cumque velit molestias.' );
INSERT INTO locaisCruzeiro ( IMO, dataFesta, local )
	VALUES ( 714288, to_date ('2010-02-17', 'YYYY-MM-DD'), 'Quae necessitatibus enim sed minus nam. Natus possimus unde ipsum optio ullam voluptatum. Tenetur mollitia accusanti' );
INSERT INTO locaisCruzeiro ( IMO, dataFesta, local )
	VALUES ( 409168, to_date ('2017-04-13', 'YYYY-MM-DD'), 'Eveniet fugiat sit error voluptatibus ex dolores modi.Ex neque magnam atque iusto quo. Rem q' );
INSERT INTO locaisCruzeiro ( IMO, dataFesta, local )
	VALUES ( 851801, to_date ('2011-10-22', 'YYYY-MM-DD'), 'Iure impedit id molestias consequuntur. Rerum tenetur recusandae expedita corporis.Dolores eos prov' );
INSERT INTO locaisCruzeiro ( IMO, dataFesta, local )
	VALUES ( 152370, to_date ('2003-11-07', 'YYYY-MM-DD'), 'Numquam molestiae perferendis odit. Rem quos totam repellendus dicta odio.Commodi ne' );
INSERT INTO locaisCruzeiro ( IMO, dataFesta, local )
	VALUES ( 439448, to_date ('2015-11-07', 'YYYY-MM-DD'), 'Repellat ab fugiat suscipit provident amet quod laborum. Accusamu' );
INSERT INTO locaisCruzeiro ( IMO, dataFesta, local )
	VALUES ( 771794, to_date ('2004-06-07', 'YYYY-MM-DD'), 'Doloremque modi commodi expedita. Necessitatibus fugit deleniti perspiciatis amet sint adipisci.' );
INSERT INTO locaisCruzeiro ( IMO, dataFesta, local )
	VALUES ( 899004, to_date ('2007-02-00', 'YYYY-MM-DD'), 'Fugit sit modi dolore molestiae. Ea repellat corporis quod veritatis aliquid iste.' );
INSERT INTO locaisCruzeiro ( IMO, dataFesta, local )
	VALUES ( 395099, to_date ('2009-11-27', 'YYYY-MM-DD'), 'Officiis amet omnis corrupti quisquam voluptates. Dolores quae aliquam quaerat eaque aliquam et.' );
INSERT INTO locaisCruzeiro ( IMO, dataFesta, local )
	VALUES ( 195137, to_date ('2004-11-18', 'YYYY-MM-DD'), 'Sint odit voluptate laudantium natus consectetur aliquid. Perferend' );

/* TABLE show */
/* NULL INSERTION FOR ATTRIBUTEcontratoAT TABLEshow */
INSERT INTO show ( IMO, dataFesta, nomeBanda, dataCriacaoBanda, data, horaInicio, terminoPrevisto, contrato )
	VALUES ( 714288, to_date ('2010-02-17', 'YYYY-MM-DD'), 'Joaquim Gomes', to_date ('2016-06-30', 'YYYY-MM-DD'), to_date ('2006-10-05', 'YYYY-MM-DD'), '14:33:27', to_timestamp ('2012-07-17 07:05:07', 'YYYY-MM-DD HH24:MI:SS'), NULL );
/* NULL INSERTION FOR ATTRIBUTEterminoPrevistoAT TABLEshow */
INSERT INTO show ( IMO, dataFesta, nomeBanda, dataCriacaoBanda, data, horaInicio, terminoPrevisto, contrato )
	VALUES ( 240881, to_date ('2018-11-22', 'YYYY-MM-DD'), 'Sra. Ana Julia Porto', to_date ('2010-03-25', 'YYYY-MM-DD'), to_date ('2015-12-06', 'YYYY-MM-DD'), '10:38:16', NULL, 'Dolorum hic laboriosam ab sapiente necessitatibus fuga' );
INSERT INTO show ( IMO, dataFesta, nomeBanda, dataCriacaoBanda, data, horaInicio, terminoPrevisto, contrato )
	VALUES ( 240881, to_date ('2018-11-22', 'YYYY-MM-DD'), 'André Carvalho', to_date ('2014-12-24', 'YYYY-MM-DD'), to_date ('2004-12-04', 'YYYY-MM-DD'), '04:24:51', to_timestamp ('2016-07-19 03:10:04', 'YYYY-MM-DD HH24:MI:SS'), 'Quia provident ducimus tenetur itaque optio ' );
INSERT INTO show ( IMO, dataFesta, nomeBanda, dataCriacaoBanda, data, horaInicio, terminoPrevisto, contrato )
	VALUES ( 771794, to_date ('2004-06-07', 'YYYY-MM-DD'), 'Gustavo das Neves', to_date ('2008-06-16', 'YYYY-MM-DD'), to_date ('2013-11-20', 'YYYY-MM-DD'), '16:15:29', to_timestamp ('2011-01-15 20:35:09', 'YYYY-MM-DD HH24:MI:SS'), 'Modi consequatur alias sint voluptatum deserunt' );
INSERT INTO show ( IMO, dataFesta, nomeBanda, dataCriacaoBanda, data, horaInicio, terminoPrevisto, contrato )
	VALUES ( 771794, to_date ('2004-06-07', 'YYYY-MM-DD'), 'Guilherme Porto', to_date ('2011-09-01', 'YYYY-MM-DD'), to_date ('2015-10-18', 'YYYY-MM-DD'), '15:56:58', to_timestamp ('2008-05-04 06:06:32', 'YYYY-MM-DD HH24:MI:SS'), 'Neque fugit ducimus nisi mollitia illo dolor. Est dolores' );
INSERT INTO show ( IMO, dataFesta, nomeBanda, dataCriacaoBanda, data, horaInicio, terminoPrevisto, contrato )
	VALUES ( 612031, to_date ('2004-02-15', 'YYYY-MM-DD'), 'Mariana Rocha', to_date ('2003-01-12', 'YYYY-MM-DD'), to_date ('2013-02-14', 'YYYY-MM-DD'), '04:17:40', to_timestamp ('2009-02-27 13:38:46', 'YYYY-MM-DD HH24:MI:SS'), 'Ut illo eligendi suscipit asperiores amet.' );
INSERT INTO show ( IMO, dataFesta, nomeBanda, dataCriacaoBanda, data, horaInicio, terminoPrevisto, contrato )
	VALUES ( 262160, to_date ('2005-12-05', 'YYYY-MM-DD'), 'Mariana Rocha', to_date ('2003-01-12', 'YYYY-MM-DD'), to_date ('2011-01-12', 'YYYY-MM-DD'), '17:53:20', to_timestamp ('2001-12-24 13:41:12', 'YYYY-MM-DD HH24:MI:SS'), 'Amet consequatur occaecati doloremque esse quod cum quas. ' );
INSERT INTO show ( IMO, dataFesta, nomeBanda, dataCriacaoBanda, data, horaInicio, terminoPrevisto, contrato )
	VALUES ( 409168, to_date ('2017-04-13', 'YYYY-MM-DD'), 'Sra. Ana Julia Porto', to_date ('2010-03-25', 'YYYY-MM-DD'), to_date ('2010-11-02', 'YYYY-MM-DD'), '20:21:23', to_timestamp ('2014-09-01 07:23:33', 'YYYY-MM-DD HH24:MI:SS'), 'Magnam sequi non. Laborum dolorem corpori' );
INSERT INTO show ( IMO, dataFesta, nomeBanda, dataCriacaoBanda, data, horaInicio, terminoPrevisto, contrato )
	VALUES ( 744184, to_date ('2008-11-18', 'YYYY-MM-DD'), 'Sra. Ana Julia Porto', to_date ('2010-03-25', 'YYYY-MM-DD'), to_date ('2003-08-16', 'YYYY-MM-DD'), '01:44:09', to_timestamp ('2012-03-20 10:21:27', 'YYYY-MM-DD HH24:MI:SS'), 'Alias iure et cupiditate. Iste amet illo v' );
INSERT INTO show ( IMO, dataFesta, nomeBanda, dataCriacaoBanda, data, horaInicio, terminoPrevisto, contrato )
	VALUES ( 851801, to_date ('2011-10-22', 'YYYY-MM-DD'), 'Sr. Antônio Nascimento', to_date ('2009-08-12', 'YYYY-MM-DD'), to_date ('2014-07-16', 'YYYY-MM-DD'), '10:17:45', to_timestamp ('2003-11-17 12:32:34', 'YYYY-MM-DD HH24:MI:SS'), 'Repellat similique iste accusantium nesciunt accusan' );
INSERT INTO show ( IMO, dataFesta, nomeBanda, dataCriacaoBanda, data, horaInicio, terminoPrevisto, contrato )
	VALUES ( 612031, to_date ('2004-02-15', 'YYYY-MM-DD'), 'Gabriel Correia', to_date ('2013-08-04', 'YYYY-MM-DD'), to_date ('2007-06-03', 'YYYY-MM-DD'), '15:47:22', to_timestamp ('2015-10-21 00:07:23', 'YYYY-MM-DD HH24:MI:SS'), 'Praesentium illo quia repellat quibusdam quam tempora nihil.' );
INSERT INTO show ( IMO, dataFesta, nomeBanda, dataCriacaoBanda, data, horaInicio, terminoPrevisto, contrato )
	VALUES ( 214286, to_date ('2010-07-08', 'YYYY-MM-DD'), 'João Lucas Pires', to_date ('2005-03-05', 'YYYY-MM-DD'), to_date ('2015-09-01', 'YYYY-MM-DD'), '18:12:21', to_timestamp ('2012-02-19 02:05:11', 'YYYY-MM-DD HH24:MI:SS'), 'Quis eius veritatis eligendi. Cup' );
INSERT INTO show ( IMO, dataFesta, nomeBanda, dataCriacaoBanda, data, horaInicio, terminoPrevisto, contrato )
	VALUES ( 714288, to_date ('2010-02-17', 'YYYY-MM-DD'), 'Maria Sophia Almeida', to_date ('2000-04-08', 'YYYY-MM-DD'), to_date ('2013-02-03', 'YYYY-MM-DD'), '23:15:48', to_timestamp ('2001-01-14 13:26:49', 'YYYY-MM-DD HH24:MI:SS'), 'Quia sapiente a beatae voluptate. V' );
INSERT INTO show ( IMO, dataFesta, nomeBanda, dataCriacaoBanda, data, horaInicio, terminoPrevisto, contrato )
	VALUES ( 371947, to_date ('2015-12-25', 'YYYY-MM-DD'), 'Yuri Melo', to_date ('2011-08-25', 'YYYY-MM-DD'), to_date ('2004-09-27', 'YYYY-MM-DD'), '04:42:47', to_timestamp ('2014-05-23 05:12:26', 'YYYY-MM-DD HH24:MI:SS'), 'Quasi nobis odit minima sit dolor atque nulla.' );
INSERT INTO show ( IMO, dataFesta, nomeBanda, dataCriacaoBanda, data, horaInicio, terminoPrevisto, contrato )
	VALUES ( 262160, to_date ('2005-12-05', 'YYYY-MM-DD'), 'Nina Moura', to_date ('2015-05-13', 'YYYY-MM-DD'), to_date ('2010-09-10', 'YYYY-MM-DD'), '05:17:10', to_timestamp ('2010-06-21 16:34:47', 'YYYY-MM-DD HH24:MI:SS'), 'Quaerat temporibus odit aspernatur. Molestiae at nesciunt e' );
INSERT INTO show ( IMO, dataFesta, nomeBanda, dataCriacaoBanda, data, horaInicio, terminoPrevisto, contrato )
	VALUES ( 409168, to_date ('2017-04-13', 'YYYY-MM-DD'), 'Júlia Ribeiro', to_date ('2014-09-11', 'YYYY-MM-DD'), to_date ('2005-08-27', 'YYYY-MM-DD'), '10:39:19', to_timestamp ('2007-11-17 07:52:47', 'YYYY-MM-DD HH24:MI:SS'), 'Accusamus rem pariatur eveniet facilis voluptatibus. Hic beatae ' );
INSERT INTO show ( IMO, dataFesta, nomeBanda, dataCriacaoBanda, data, horaInicio, terminoPrevisto, contrato )
	VALUES ( 851801, to_date ('2011-10-22', 'YYYY-MM-DD'), 'Dr. Vicente Costela', to_date ('2004-01-13', 'YYYY-MM-DD'), to_date ('2017-11-05', 'YYYY-MM-DD'), '00:29:07', to_timestamp ('2000-04-22 13:00:49', 'YYYY-MM-DD HH24:MI:SS'), 'Cum architecto vel dolorem tenetur.Voluptas tempore ' );
INSERT INTO show ( IMO, dataFesta, nomeBanda, dataCriacaoBanda, data, horaInicio, terminoPrevisto, contrato )
	VALUES ( 214286, to_date ('2010-07-08', 'YYYY-MM-DD'), 'Luiz Fernando Barbosa', to_date ('2001-02-07', 'YYYY-MM-DD'), to_date ('2015-05-25', 'YYYY-MM-DD'), '06:30:36', to_timestamp ('2017-09-13 17:10:39', 'YYYY-MM-DD HH24:MI:SS'), 'Dolor nobis dolor ab aliquam doloremque. Minus fugiat delec' );
INSERT INTO show ( IMO, dataFesta, nomeBanda, dataCriacaoBanda, data, horaInicio, terminoPrevisto, contrato )
	VALUES ( 240881, to_date ('2018-11-22', 'YYYY-MM-DD'), 'Sofia Rezende', to_date ('2008-05-29', 'YYYY-MM-DD'), to_date ('2009-11-18', 'YYYY-MM-DD'), '17:22:16', to_timestamp ('2009-01-07 18:10:43', 'YYYY-MM-DD HH24:MI:SS'), 'In numquam libero consectetur voluptatibus quos architect' );
INSERT INTO show ( IMO, dataFesta, nomeBanda, dataCriacaoBanda, data, horaInicio, terminoPrevisto, contrato )
	VALUES ( 745601, to_date ('2001-09-11', 'YYYY-MM-DD'), 'Luiz Fernando Barbosa', to_date ('2001-02-07', 'YYYY-MM-DD'), to_date ('2003-07-17', 'YYYY-MM-DD'), '01:20:50', to_timestamp ('2018-12-22 01:26:48', 'YYYY-MM-DD HH24:MI:SS'), 'Recusandae facilis laboriosam consequatur molestiae pariatur co' );
INSERT INTO show ( IMO, dataFesta, nomeBanda, dataCriacaoBanda, data, horaInicio, terminoPrevisto, contrato )
	VALUES ( 371947, to_date ('2015-12-25', 'YYYY-MM-DD'), 'Maria Clara Barbosa', to_date ('2011-05-08', 'YYYY-MM-DD'), to_date ('2003-11-11', 'YYYY-MM-DD'), '09:55:54', to_timestamp ('2003-01-14 22:34:08', 'YYYY-MM-DD HH24:MI:SS'), 'Praesentium occaecati delectus. Eos iusto voluptatibus laborum.' );
INSERT INTO show ( IMO, dataFesta, nomeBanda, dataCriacaoBanda, data, horaInicio, terminoPrevisto, contrato )
	VALUES ( 745601, to_date ('2001-09-11', 'YYYY-MM-DD'), 'Srta. Ana Ferreira', to_date ('2010-03-29', 'YYYY-MM-DD'), to_date ('2013-11-10', 'YYYY-MM-DD'), '23:21:32', to_timestamp ('2002-05-09 14:04:17', 'YYYY-MM-DD HH24:MI:SS'), 'Cupiditate itaque provident eum molestias labore ipsam. Accus' );

/* TABLE showSonorizacao */
INSERT INTO showSonorizacao ( showId, sonorizacaoId )
	VALUES ( 5, 1 );
INSERT INTO showSonorizacao ( showId, sonorizacaoId )
	VALUES ( 10, 13 );
INSERT INTO showSonorizacao ( showId, sonorizacaoId )
	VALUES ( 17, 15 );
INSERT INTO showSonorizacao ( showId, sonorizacaoId )
	VALUES ( 7, 12 );
INSERT INTO showSonorizacao ( showId, sonorizacaoId )
	VALUES ( 7, 18 );
INSERT INTO showSonorizacao ( showId, sonorizacaoId )
	VALUES ( 14, 11 );
INSERT INTO showSonorizacao ( showId, sonorizacaoId )
	VALUES ( 14, 10 );
INSERT INTO showSonorizacao ( showId, sonorizacaoId )
	VALUES ( 15, 6 );
INSERT INTO showSonorizacao ( showId, sonorizacaoId )
	VALUES ( 12, 19 );
INSERT INTO showSonorizacao ( showId, sonorizacaoId )
	VALUES ( 5, 3 );
INSERT INTO showSonorizacao ( showId, sonorizacaoId )
	VALUES ( 5, 9 );
INSERT INTO showSonorizacao ( showId, sonorizacaoId )
	VALUES ( 11, 12 );
INSERT INTO showSonorizacao ( showId, sonorizacaoId )
	VALUES ( 9, 4 );
INSERT INTO showSonorizacao ( showId, sonorizacaoId )
	VALUES ( 9, 8 );
INSERT INTO showSonorizacao ( showId, sonorizacaoId )
	VALUES ( 12, 5 );
INSERT INTO showSonorizacao ( showId, sonorizacaoId )
	VALUES ( 18, 7 );
INSERT INTO showSonorizacao ( showId, sonorizacaoId )
	VALUES ( 4, 20 );
INSERT INTO showSonorizacao ( showId, sonorizacaoId )
	VALUES ( 13, 8 );
INSERT INTO showSonorizacao ( showId, sonorizacaoId )
	VALUES ( 2, 17 );
INSERT INTO showSonorizacao ( showId, sonorizacaoId )
	VALUES ( 20, 11 );

/* TABLE album */
INSERT INTO album ( IMOFesta, dataFesta )
	VALUES ( 771794, to_date ('2004-06-07', 'YYYY-MM-DD') );
INSERT INTO album ( IMOFesta, dataFesta )
	VALUES ( 744184, to_date ('2008-11-18', 'YYYY-MM-DD') );
INSERT INTO album ( IMOFesta, dataFesta )
	VALUES ( 262160, to_date ('2005-12-05', 'YYYY-MM-DD') );
INSERT INTO album ( IMOFesta, dataFesta )
	VALUES ( 252710, to_date ('2017-08-05', 'YYYY-MM-DD') );
INSERT INTO album ( IMOFesta, dataFesta )
	VALUES ( 214286, to_date ('2010-07-08', 'YYYY-MM-DD') );
INSERT INTO album ( IMOFesta, dataFesta )
	VALUES ( 439448, to_date ('2015-11-07', 'YYYY-MM-DD') );
INSERT INTO album ( IMOFesta, dataFesta )
	VALUES ( 395099, to_date ('2009-11-27', 'YYYY-MM-DD') );
INSERT INTO album ( IMOFesta, dataFesta )
	VALUES ( 240881, to_date ('2018-11-22', 'YYYY-MM-DD') );
INSERT INTO album ( IMOFesta, dataFesta )
	VALUES ( 612031, to_date ('2004-02-15', 'YYYY-MM-DD') );
INSERT INTO album ( IMOFesta, dataFesta )
	VALUES ( 152370, to_date ('2003-11-07', 'YYYY-MM-DD') );
INSERT INTO album ( IMOFesta, dataFesta )
	VALUES ( 592219, to_date ('2015-08-20', 'YYYY-MM-DD') );
INSERT INTO album ( IMOFesta, dataFesta )
	VALUES ( 851801, to_date ('2011-10-22', 'YYYY-MM-DD') );
INSERT INTO album ( IMOFesta, dataFesta )
	VALUES ( 147272, to_date ('2010-01-10', 'YYYY-MM-DD') );
INSERT INTO album ( IMOFesta, dataFesta )
	VALUES ( 745601, to_date ('2001-09-11', 'YYYY-MM-DD') );
INSERT INTO album ( IMOFesta, dataFesta )
	VALUES ( 371947, to_date ('2015-12-25', 'YYYY-MM-DD') );
INSERT INTO album ( IMOFesta, dataFesta )
	VALUES ( 195137, to_date ('2004-11-18', 'YYYY-MM-DD') );
INSERT INTO album ( IMOFesta, dataFesta )
	VALUES ( 714288, to_date ('2010-02-17', 'YYYY-MM-DD') );
INSERT INTO album ( IMOFesta, dataFesta )
	VALUES ( 409168, to_date ('2017-04-13', 'YYYY-MM-DD') );
INSERT INTO album ( IMOFesta, dataFesta )
	VALUES ( 899004, to_date ('2007-02-00', 'YYYY-MM-DD') );
INSERT INTO album ( IMOFesta, dataFesta )
	VALUES ( 481351, to_date ('2001-09-08', 'YYYY-MM-DD') );

/* TABLE makingof */
INSERT INTO makingof ( IMOFesta, dataFesta )
	VALUES ( 592219, to_date ('2015-08-20', 'YYYY-MM-DD') );
INSERT INTO makingof ( IMOFesta, dataFesta )
	VALUES ( 481351, to_date ('2001-09-08', 'YYYY-MM-DD') );
INSERT INTO makingof ( IMOFesta, dataFesta )
	VALUES ( 744184, to_date ('2008-11-18', 'YYYY-MM-DD') );
INSERT INTO makingof ( IMOFesta, dataFesta )
	VALUES ( 745601, to_date ('2001-09-11', 'YYYY-MM-DD') );
INSERT INTO makingof ( IMOFesta, dataFesta )
	VALUES ( 240881, to_date ('2018-11-22', 'YYYY-MM-DD') );
INSERT INTO makingof ( IMOFesta, dataFesta )
	VALUES ( 409168, to_date ('2017-04-13', 'YYYY-MM-DD') );
INSERT INTO makingof ( IMOFesta, dataFesta )
	VALUES ( 851801, to_date ('2011-10-22', 'YYYY-MM-DD') );
INSERT INTO makingof ( IMOFesta, dataFesta )
	VALUES ( 262160, to_date ('2005-12-05', 'YYYY-MM-DD') );
INSERT INTO makingof ( IMOFesta, dataFesta )
	VALUES ( 252710, to_date ('2017-08-05', 'YYYY-MM-DD') );
INSERT INTO makingof ( IMOFesta, dataFesta )
	VALUES ( 152370, to_date ('2003-11-07', 'YYYY-MM-DD') );
INSERT INTO makingof ( IMOFesta, dataFesta )
	VALUES ( 395099, to_date ('2009-11-27', 'YYYY-MM-DD') );
INSERT INTO makingof ( IMOFesta, dataFesta )
	VALUES ( 771794, to_date ('2004-06-07', 'YYYY-MM-DD') );
INSERT INTO makingof ( IMOFesta, dataFesta )
	VALUES ( 439448, to_date ('2015-11-07', 'YYYY-MM-DD') );
INSERT INTO makingof ( IMOFesta, dataFesta )
	VALUES ( 195137, to_date ('2004-11-18', 'YYYY-MM-DD') );
INSERT INTO makingof ( IMOFesta, dataFesta )
	VALUES ( 147272, to_date ('2010-01-10', 'YYYY-MM-DD') );
INSERT INTO makingof ( IMOFesta, dataFesta )
	VALUES ( 899004, to_date ('2007-02-00', 'YYYY-MM-DD') );
INSERT INTO makingof ( IMOFesta, dataFesta )
	VALUES ( 214286, to_date ('2010-07-08', 'YYYY-MM-DD') );
INSERT INTO makingof ( IMOFesta, dataFesta )
	VALUES ( 371947, to_date ('2015-12-25', 'YYYY-MM-DD') );
INSERT INTO makingof ( IMOFesta, dataFesta )
	VALUES ( 612031, to_date ('2004-02-15', 'YYYY-MM-DD') );
INSERT INTO makingof ( IMOFesta, dataFesta )
	VALUES ( 714288, to_date ('2010-02-17', 'YYYY-MM-DD') );

/* TABLE opComCamera */
INSERT INTO opComCamera ( cpfOpCamera, data, camera, tipo )
	VALUES ( '583.596.699-39', to_date ('2013-06-14', 'YYYY-MM-DD'), 66028147, 'PARQUE' );
INSERT INTO opComCamera ( cpfOpCamera, data, camera, tipo )
	VALUES ( '529.827.160-27', to_date ('2006-04-08', 'YYYY-MM-DD'), 88922654, 'FOTOGRAFO' );
INSERT INTO opComCamera ( cpfOpCamera, data, camera, tipo )
	VALUES ( '969.304.789-35', to_date ('2011-11-21', 'YYYY-MM-DD'), 80029783, 'PARQUE' );
INSERT INTO opComCamera ( cpfOpCamera, data, camera, tipo )
	VALUES ( '424.447.919-31', to_date ('2000-08-20', 'YYYY-MM-DD'), 21186814, 'CINEGRAFISTA' );
INSERT INTO opComCamera ( cpfOpCamera, data, camera, tipo )
	VALUES ( '529.827.160-27', to_date ('2018-05-16', 'YYYY-MM-DD'), 81056488, 'CINEGRAFISTA' );
INSERT INTO opComCamera ( cpfOpCamera, data, camera, tipo )
	VALUES ( '575.250.850-93', to_date ('2000-02-23', 'YYYY-MM-DD'), 81605964, 'PARQUE' );
INSERT INTO opComCamera ( cpfOpCamera, data, camera, tipo )
	VALUES ( '969.304.789-35', to_date ('2011-08-11', 'YYYY-MM-DD'), 46870699, 'PARQUE' );
INSERT INTO opComCamera ( cpfOpCamera, data, camera, tipo )
	VALUES ( '030.610.128-33', to_date ('2006-02-08', 'YYYY-MM-DD'), 40864844, 'PARQUE' );
INSERT INTO opComCamera ( cpfOpCamera, data, camera, tipo )
	VALUES ( '459.131.430-66', to_date ('2013-11-14', 'YYYY-MM-DD'), 44607579, 'FOTOGRAFO' );
INSERT INTO opComCamera ( cpfOpCamera, data, camera, tipo )
	VALUES ( '969.304.789-35', to_date ('2007-10-03', 'YYYY-MM-DD'), 17959175, 'PARQUE' );
INSERT INTO opComCamera ( cpfOpCamera, data, camera, tipo )
	VALUES ( '531.462.487-11', to_date ('2011-11-21', 'YYYY-MM-DD'), 40825365, 'FOTOGRAFO' );
INSERT INTO opComCamera ( cpfOpCamera, data, camera, tipo )
	VALUES ( '998.627.534-11', to_date ('2015-03-06', 'YYYY-MM-DD'), 17308451, 'FOTOGRAFO' );
INSERT INTO opComCamera ( cpfOpCamera, data, camera, tipo )
	VALUES ( '996.257.521-19', to_date ('2008-01-13', 'YYYY-MM-DD'), 59187419, 'PARQUE' );
INSERT INTO opComCamera ( cpfOpCamera, data, camera, tipo )
	VALUES ( '969.304.789-35', to_date ('2014-05-10', 'YYYY-MM-DD'), 61145847, 'PARQUE' );
INSERT INTO opComCamera ( cpfOpCamera, data, camera, tipo )
	VALUES ( '531.462.487-11', to_date ('2007-03-08', 'YYYY-MM-DD'), 77193983, 'CINEGRAFISTA' );
INSERT INTO opComCamera ( cpfOpCamera, data, camera, tipo )
	VALUES ( '998.627.534-11', to_date ('2010-11-15', 'YYYY-MM-DD'), 81803828, 'FOTOGRAFO' );
INSERT INTO opComCamera ( cpfOpCamera, data, camera, tipo )
	VALUES ( '396.343.547-09', to_date ('2016-07-04', 'YYYY-MM-DD'), 30818192, 'FOTOGRAFO' );
INSERT INTO opComCamera ( cpfOpCamera, data, camera, tipo )
	VALUES ( '030.610.128-33', to_date ('2000-06-08', 'YYYY-MM-DD'), 45217820, 'PARQUE' );
INSERT INTO opComCamera ( cpfOpCamera, data, camera, tipo )
	VALUES ( '621.135.750-86', to_date ('2000-11-10', 'YYYY-MM-DD'), 39126838, 'CINEGRAFISTA' );
INSERT INTO opComCamera ( cpfOpCamera, data, camera, tipo )
	VALUES ( '529.827.160-27', to_date ('2014-10-12', 'YYYY-MM-DD'), 20955203, 'PARQUE' );

/* TABLE fotografoCruzeiro */
/* COMMAND BLOCKED (CAN'T SOLVE FK). */
INSERT INTO fotografoCruzeiro ( cpfOpCamera, data, categoria, idAlbum )
	VALUES ( '030.610.128-33', to_date ('2006-02-08', 'YYYY-MM-DD'), 'ESPECIALISTA', 17 );
INSERT INTO fotografoCruzeiro ( cpfOpCamera, data, categoria, idAlbum )
	VALUES ( '424.447.919-31', to_date ('2000-08-20', 'YYYY-MM-DD'), 'JUNIOR', 7 );
INSERT INTO fotografoCruzeiro ( cpfOpCamera, data, categoria, idAlbum )
	VALUES ( '969.304.789-35', to_date ('2014-05-10', 'YYYY-MM-DD'), 'ESPECIALISTA', 18 );
INSERT INTO fotografoCruzeiro ( cpfOpCamera, data, categoria, idAlbum )
	VALUES ( '998.627.534-11', to_date ('2015-03-06', 'YYYY-MM-DD'), 'JUNIOR', 1 );
INSERT INTO fotografoCruzeiro ( cpfOpCamera, data, categoria, idAlbum )
	VALUES ( '969.304.789-35', to_date ('2011-08-11', 'YYYY-MM-DD'), 'ESPECIALISTA', 2 );
INSERT INTO fotografoCruzeiro ( cpfOpCamera, data, categoria, idAlbum )
	VALUES ( '969.304.789-35', to_date ('2007-10-03', 'YYYY-MM-DD'), 'TECNICO', 2 );
INSERT INTO fotografoCruzeiro ( cpfOpCamera, data, categoria, idAlbum )
	VALUES ( '621.135.750-86', to_date ('2000-11-10', 'YYYY-MM-DD'), 'TECNICO', 11 );
INSERT INTO fotografoCruzeiro ( cpfOpCamera, data, categoria, idAlbum )
	VALUES ( '575.250.850-93', to_date ('2000-02-23', 'YYYY-MM-DD'), 'TECNICO', 4 );
INSERT INTO fotografoCruzeiro ( cpfOpCamera, data, categoria, idAlbum )
	VALUES ( '529.827.160-27', to_date ('2014-10-12', 'YYYY-MM-DD'), 'JUNIOR', 12 );
INSERT INTO fotografoCruzeiro ( cpfOpCamera, data, categoria, idAlbum )
	VALUES ( '998.627.534-11', to_date ('2010-11-15', 'YYYY-MM-DD'), 'TECNICO', 18 );
INSERT INTO fotografoCruzeiro ( cpfOpCamera, data, categoria, idAlbum )
	VALUES ( '529.827.160-27', to_date ('2018-05-16', 'YYYY-MM-DD'), 'ESPECIALISTA', 13 );
INSERT INTO fotografoCruzeiro ( cpfOpCamera, data, categoria, idAlbum )
	VALUES ( '531.462.487-11', to_date ('2007-03-08', 'YYYY-MM-DD'), 'JUNIOR', 8 );
INSERT INTO fotografoCruzeiro ( cpfOpCamera, data, categoria, idAlbum )
	VALUES ( '531.462.487-11', to_date ('2011-11-21', 'YYYY-MM-DD'), 'ESPECIALISTA', 14 );
INSERT INTO fotografoCruzeiro ( cpfOpCamera, data, categoria, idAlbum )
	VALUES ( '459.131.430-66', to_date ('2013-11-14', 'YYYY-MM-DD'), 'JUNIOR', 19 );
INSERT INTO fotografoCruzeiro ( cpfOpCamera, data, categoria, idAlbum )
	VALUES ( '583.596.699-39', to_date ('2013-06-14', 'YYYY-MM-DD'), 'ESPECIALISTA', 14 );
INSERT INTO fotografoCruzeiro ( cpfOpCamera, data, categoria, idAlbum )
	VALUES ( '396.343.547-09', to_date ('2016-07-04', 'YYYY-MM-DD'), 'TECNICO', 9 );
INSERT INTO fotografoCruzeiro ( cpfOpCamera, data, categoria, idAlbum )
	VALUES ( '996.257.521-19', to_date ('2008-01-13', 'YYYY-MM-DD'), 'TECNICO', 13 );
INSERT INTO fotografoCruzeiro ( cpfOpCamera, data, categoria, idAlbum )
	VALUES ( '030.610.128-33', to_date ('2000-06-08', 'YYYY-MM-DD'), 'JUNIOR', 9 );
INSERT INTO fotografoCruzeiro ( cpfOpCamera, data, categoria, idAlbum )
	VALUES ( '529.827.160-27', to_date ('2006-04-08', 'YYYY-MM-DD'), 'ESPECIALISTA', 13 );

/* TABLE cinegrafistaCruzeiro */
/* COMMAND BLOCKED (CAN'T SOLVE FK). */
INSERT INTO cinegrafistaCruzeiro ( cpfOpCamera, data, idMakingof )
	VALUES ( '969.304.789-35', to_date ('2007-10-03', 'YYYY-MM-DD'), 14 );
INSERT INTO cinegrafistaCruzeiro ( cpfOpCamera, data, idMakingof )
	VALUES ( '459.131.430-66', to_date ('2013-11-14', 'YYYY-MM-DD'), 14 );
INSERT INTO cinegrafistaCruzeiro ( cpfOpCamera, data, idMakingof )
	VALUES ( '969.304.789-35', to_date ('2011-11-21', 'YYYY-MM-DD'), 16 );
INSERT INTO cinegrafistaCruzeiro ( cpfOpCamera, data, idMakingof )
	VALUES ( '998.627.534-11', to_date ('2010-11-15', 'YYYY-MM-DD'), 1 );
INSERT INTO cinegrafistaCruzeiro ( cpfOpCamera, data, idMakingof )
	VALUES ( '529.827.160-27', to_date ('2018-05-16', 'YYYY-MM-DD'), 20 );
INSERT INTO cinegrafistaCruzeiro ( cpfOpCamera, data, idMakingof )
	VALUES ( '424.447.919-31', to_date ('2000-08-20', 'YYYY-MM-DD'), 7 );
INSERT INTO cinegrafistaCruzeiro ( cpfOpCamera, data, idMakingof )
	VALUES ( '396.343.547-09', to_date ('2016-07-04', 'YYYY-MM-DD'), 13 );
INSERT INTO cinegrafistaCruzeiro ( cpfOpCamera, data, idMakingof )
	VALUES ( '529.827.160-27', to_date ('2014-10-12', 'YYYY-MM-DD'), 1 );
INSERT INTO cinegrafistaCruzeiro ( cpfOpCamera, data, idMakingof )
	VALUES ( '998.627.534-11', to_date ('2015-03-06', 'YYYY-MM-DD'), 11 );
INSERT INTO cinegrafistaCruzeiro ( cpfOpCamera, data, idMakingof )
	VALUES ( '969.304.789-35', to_date ('2011-08-11', 'YYYY-MM-DD'), 12 );
INSERT INTO cinegrafistaCruzeiro ( cpfOpCamera, data, idMakingof )
	VALUES ( '575.250.850-93', to_date ('2000-02-23', 'YYYY-MM-DD'), 16 );
INSERT INTO cinegrafistaCruzeiro ( cpfOpCamera, data, idMakingof )
	VALUES ( '969.304.789-35', to_date ('2014-05-10', 'YYYY-MM-DD'), 7 );
INSERT INTO cinegrafistaCruzeiro ( cpfOpCamera, data, idMakingof )
	VALUES ( '531.462.487-11', to_date ('2007-03-08', 'YYYY-MM-DD'), 1 );
INSERT INTO cinegrafistaCruzeiro ( cpfOpCamera, data, idMakingof )
	VALUES ( '030.610.128-33', to_date ('2000-06-08', 'YYYY-MM-DD'), 14 );
INSERT INTO cinegrafistaCruzeiro ( cpfOpCamera, data, idMakingof )
	VALUES ( '583.596.699-39', to_date ('2013-06-14', 'YYYY-MM-DD'), 2 );
INSERT INTO cinegrafistaCruzeiro ( cpfOpCamera, data, idMakingof )
	VALUES ( '996.257.521-19', to_date ('2008-01-13', 'YYYY-MM-DD'), 3 );
INSERT INTO cinegrafistaCruzeiro ( cpfOpCamera, data, idMakingof )
	VALUES ( '529.827.160-27', to_date ('2006-04-08', 'YYYY-MM-DD'), 4 );
INSERT INTO cinegrafistaCruzeiro ( cpfOpCamera, data, idMakingof )
	VALUES ( '030.610.128-33', to_date ('2006-02-08', 'YYYY-MM-DD'), 20 );
INSERT INTO cinegrafistaCruzeiro ( cpfOpCamera, data, idMakingof )
	VALUES ( '621.135.750-86', to_date ('2000-11-10', 'YYYY-MM-DD'), 12 );

/* TABLE parque */
INSERT INTO parque ( cnpj, nome, mapaFilePath, endereco )
	VALUES ( '00.427.481/2502-93', 'Dr. Luiz Henrique Teixeira', 'Iusto unde harum dolorem facere quae architecto amet. Est aspernat', 'Aeroporto de da Cruz, 63 São Jorge 1ª Seção 31851032 Santos / PA' );
INSERT INTO parque ( cnpj, nome, mapaFilePath, endereco )
	VALUES ( '08.887.577/2717-20', 'Luiz Gustavo Vieira', 'Quibusdam quos veniam rerum dolor laudantium magni. Modi assumenda autem. Suscipit ipsum mollitia corporis quisq', 'Feira Raquel Almeida, 85 Vila Olhos D água 92743541 Santos de Martins / SP' );
INSERT INTO parque ( cnpj, nome, mapaFilePath, endereco )
	VALUES ( '88.645.659/8305-31', 'Ana Beatriz Nunes', 'Modi expedita consequatur aperiam. Esse aspernatur dolores distinctio. Earum ea eius iste id amet.', 'Aeroporto Melissa Duarte, 3 Conjunto Taquaril 39689592 Souza / SE' );
INSERT INTO parque ( cnpj, nome, mapaFilePath, endereco )
	VALUES ( '93.555.593/9937-39', 'Luiza Ribeiro', 'Assumenda quisquam pariatur deleniti commodi quae nisi. Perspiciatis soluta impedit corrupti. Nesciun', 'Largo de Martins, 62 Santo Agostinho 13560-126 Nogueira / MT' );
INSERT INTO parque ( cnpj, nome, mapaFilePath, endereco )
	VALUES ( '39.390.781/6989-35', 'Arthur Peixoto', 'Fuga quos ad optio fugiat. Sequi perferendis repellendus delectus possimus illum. Dol', 'Distrito Fogaça, 613 Minas Caixa 39607411 Santos / CE' );
INSERT INTO parque ( cnpj, nome, mapaFilePath, endereco )
	VALUES ( '31.438.469/9557-08', 'Otávio Nascimento', 'Illo libero illo nulla sequi. Aspernatur ipsam animi magni dolores nob', 'Núcleo Isabella Porto, 84 Dom Silverio 51457-583 Azevedo / TO' );
INSERT INTO parque ( cnpj, nome, mapaFilePath, endereco )
	VALUES ( '70.903.167/4006-03', 'Dr. Yuri Cunha', 'Nihil possimus nesciunt suscipit sint. Minima perferendis delectus q', 'Praça de Cunha, 4 Cardoso 28319-615 Nascimento / AC' );
INSERT INTO parque ( cnpj, nome, mapaFilePath, endereco )
	VALUES ( '41.458.408/8070-02', 'Enzo Campos', 'Iusto accusamus saepe accusamus assumenda vel. Neque cupiditate ab quae deserunt.N', 'Avenida Rodrigues, 80 Vila Santa Monica 1ª Seção 90568284 Caldeira / RR' );
INSERT INTO parque ( cnpj, nome, mapaFilePath, endereco )
	VALUES ( '27.877.188/3677-89', 'Vitor Jesus', 'Veritatis et enim impedit pariatur. Culpa doloribus quas delectus laborum beatae.Animi sint vero harum iusto ipsu', 'Estação Pedro Lucas FariasFernandes, 35 Mala E Cuia 37701-914 Jesus / AC' );
INSERT INTO parque ( cnpj, nome, mapaFilePath, endereco )
	VALUES ( '35.791.354/5879-93', 'Pedro Henrique Martins', 'In saepe voluptate sequi est. Temporibus aspernatur assumenda excepturi l', 'Favela de Nascimento, 210 Mirtes 12157011 Alves / CE' );
INSERT INTO parque ( cnpj, nome, mapaFilePath, endereco )
	VALUES ( '43.209.688/4316-92', 'Sr. Cauã Moura', 'Nam necessitatibus at quod tenetur. Doloribus error enim culpa veli', 'Ladeira Maria Cecília Ribeiro, 26 Caetano Furquim 74294-543 Oliveira / PE' );
INSERT INTO parque ( cnpj, nome, mapaFilePath, endereco )
	VALUES ( '00.068.328/9899-17', 'João Guilherme Duarte', 'Eum quisquam non nam. Fuga perferendis dolor architecto itaque. Neque repellat', 'Pátio Pereira, 307 Vila Cemig 13029-848 Melo / ES' );
INSERT INTO parque ( cnpj, nome, mapaFilePath, endereco )
	VALUES ( '09.738.620/6062-42', 'Lucas Gabriel Costa', 'Incidunt quia mollitia laborum laborum aperiam eaque.', 'Sítio Sales, 92 Estoril 89933-434 Rodrigues / RS' );
INSERT INTO parque ( cnpj, nome, mapaFilePath, endereco )
	VALUES ( '69.214.498/0179-48', 'Luiz Miguel Cardoso,', 'Architecto quas consectetur optio. Magnam exercitationem voluptatum saepe. Porro accusantium duci', 'Via de Cardoso,, 89 Santa Margarida 16921471 Alves de Minas / RJ' );
INSERT INTO parque ( cnpj, nome, mapaFilePath, endereco )
	VALUES ( '83.973.004/5611-60', 'Cauê Barros', 'Minima ad ratione. Voluptate repudiandae accusamus.Ducimus ducimus maxime ab ad ad. Evenie', 'Via Laura Almeida, 98 Túnel De Ibirité 07898-344 Caldeira Alegre / AC' );
INSERT INTO parque ( cnpj, nome, mapaFilePath, endereco )
	VALUES ( '01.843.484/0763-30', 'Srta. Joana Martins', 'Similique ipsam nostrum atque possimus.Maiores commodi harum rem odio recusa', 'Conjunto das Neves, 41 Anchieta 99684003 da Cunha da Serra / PE' );
INSERT INTO parque ( cnpj, nome, mapaFilePath, endereco )
	VALUES ( '66.367.523/9507-61', 'Noah Moura', 'Repudiandae consequuntur nesciunt. Quia dolore incidunt mollitia aspernatur. Expedita ha', 'Estação de Rodrigues, 308 Mineirão 95822363 Aragão Paulista / PI' );
INSERT INTO parque ( cnpj, nome, mapaFilePath, endereco )
	VALUES ( '70.937.568/8826-58', 'Pedro Lucas Pereira', 'Sint eius fugiat repellendus a consequatur. Quidem quisquam officia tempora. Reiciendis dicta ea ratione qui inventore.', 'Via Giovanna Rodrigues, 71 Belvedere 51031689 Almeida / DF' );
INSERT INTO parque ( cnpj, nome, mapaFilePath, endereco )
	VALUES ( '84.565.310/3060-15', 'Alexia Peixoto', 'Odio labore quas ratione minima. A eaque nulla quis rerum praesentium.', 'Via de Campos, 33 Maria Virgínia 62092963 Barbosa Paulista / PR' );
INSERT INTO parque ( cnpj, nome, mapaFilePath, endereco )
	VALUES ( '18.547.464/1813-58', 'Mariane da Luz', 'Quis dolorem veritatis sint odit quaerat. Minus nemo et cumque accusantium doloremque. Nulla quos est porro m', 'Viaduto Natália da Conceição, 17 Aparecida 7ª Seção 02985-452 das Neves / AC' );

/* TABLE festaNoParque */
/* NULL INSERTION FOR ATTRIBUTEdataFimAT TABLEfestaNoParque */
INSERT INTO festaNoParque ( cnpjParque, dataInicio, dataFim, numeroConvidados, nome )
	VALUES ( '39.390.781/6989-35', to_date ('2014-04-21', 'YYYY-MM-DD'), NULL, 102485, 'Gabriela Cardoso' );
INSERT INTO festaNoParque ( cnpjParque, dataInicio, dataFim, numeroConvidados, nome )
	VALUES ( '84.565.310/3060-15', to_date ('2013-02-07', 'YYYY-MM-DD'), to_date ('2001-07-23', 'YYYY-MM-DD'), 412445, 'Laura Moura' );
INSERT INTO festaNoParque ( cnpjParque, dataInicio, dataFim, numeroConvidados, nome )
	VALUES ( '39.390.781/6989-35', to_date ('2002-11-12', 'YYYY-MM-DD'), to_date ('2012-03-22', 'YYYY-MM-DD'), 212359, 'Vitor Sales' );
INSERT INTO festaNoParque ( cnpjParque, dataInicio, dataFim, numeroConvidados, nome )
	VALUES ( '66.367.523/9507-61', to_date ('2001-09-27', 'YYYY-MM-DD'), to_date ('2014-03-13', 'YYYY-MM-DD'), 812896, 'Murilo Vieira' );
INSERT INTO festaNoParque ( cnpjParque, dataInicio, dataFim, numeroConvidados, nome )
	VALUES ( '18.547.464/1813-58', to_date ('2006-11-17', 'YYYY-MM-DD'), to_date ('2002-01-09', 'YYYY-MM-DD'), 662704, 'Isaac Barros' );
INSERT INTO festaNoParque ( cnpjParque, dataInicio, dataFim, numeroConvidados, nome )
	VALUES ( '27.877.188/3677-89', to_date ('2004-02-13', 'YYYY-MM-DD'), to_date ('2008-02-12', 'YYYY-MM-DD'), 413329, 'Milena Moraes' );
INSERT INTO festaNoParque ( cnpjParque, dataInicio, dataFim, numeroConvidados, nome )
	VALUES ( '66.367.523/9507-61', to_date ('2010-07-16', 'YYYY-MM-DD'), to_date ('2002-05-02', 'YYYY-MM-DD'), 178938, 'Lavínia Cunha' );
INSERT INTO festaNoParque ( cnpjParque, dataInicio, dataFim, numeroConvidados, nome )
	VALUES ( '70.937.568/8826-58', to_date ('2015-07-11', 'YYYY-MM-DD'), to_date ('2010-09-16', 'YYYY-MM-DD'), 851376, 'Benício Cardoso' );
INSERT INTO festaNoParque ( cnpjParque, dataInicio, dataFim, numeroConvidados, nome )
	VALUES ( '69.214.498/0179-48', to_date ('2000-03-02', 'YYYY-MM-DD'), to_date ('2000-12-25', 'YYYY-MM-DD'), 227906, 'Kevin Dias' );
INSERT INTO festaNoParque ( cnpjParque, dataInicio, dataFim, numeroConvidados, nome )
	VALUES ( '84.565.310/3060-15', to_date ('2017-07-10', 'YYYY-MM-DD'), to_date ('2008-05-29', 'YYYY-MM-DD'), 545386, 'Sra. Mirella Ramos' );
INSERT INTO festaNoParque ( cnpjParque, dataInicio, dataFim, numeroConvidados, nome )
	VALUES ( '93.555.593/9937-39', to_date ('2017-05-03', 'YYYY-MM-DD'), to_date ('2011-01-09', 'YYYY-MM-DD'), 622186, 'Sra. Ana Sophia Silveira' );
INSERT INTO festaNoParque ( cnpjParque, dataInicio, dataFim, numeroConvidados, nome )
	VALUES ( '18.547.464/1813-58', to_date ('2003-03-19', 'YYYY-MM-DD'), to_date ('2016-08-16', 'YYYY-MM-DD'), 311399, 'Luana Rocha' );
INSERT INTO festaNoParque ( cnpjParque, dataInicio, dataFim, numeroConvidados, nome )
	VALUES ( '35.791.354/5879-93', to_date ('2004-01-09', 'YYYY-MM-DD'), to_date ('2016-07-21', 'YYYY-MM-DD'), 726409, 'Pedro Lucas Sales' );
INSERT INTO festaNoParque ( cnpjParque, dataInicio, dataFim, numeroConvidados, nome )
	VALUES ( '00.068.328/9899-17', to_date ('2010-05-11', 'YYYY-MM-DD'), to_date ('2004-02-13', 'YYYY-MM-DD'), 346425, 'Diogo Porto' );
INSERT INTO festaNoParque ( cnpjParque, dataInicio, dataFim, numeroConvidados, nome )
	VALUES ( '00.427.481/2502-93', to_date ('2009-08-01', 'YYYY-MM-DD'), to_date ('2007-03-06', 'YYYY-MM-DD'), 381075, 'Dr. Luigi da Luz' );
INSERT INTO festaNoParque ( cnpjParque, dataInicio, dataFim, numeroConvidados, nome )
	VALUES ( '88.645.659/8305-31', to_date ('2006-07-04', 'YYYY-MM-DD'), to_date ('2018-11-06', 'YYYY-MM-DD'), 471913, 'Dr. João Pedro da Conceição' );
INSERT INTO festaNoParque ( cnpjParque, dataInicio, dataFim, numeroConvidados, nome )
	VALUES ( '00.427.481/2502-93', to_date ('2008-03-15', 'YYYY-MM-DD'), to_date ('2001-01-27', 'YYYY-MM-DD'), 863441, 'Dr. Augusto da Rosa' );
INSERT INTO festaNoParque ( cnpjParque, dataInicio, dataFim, numeroConvidados, nome )
	VALUES ( '31.438.469/9557-08', to_date ('2009-09-23', 'YYYY-MM-DD'), to_date ('2009-09-20', 'YYYY-MM-DD'), 293189, 'Mirella Aragão' );
INSERT INTO festaNoParque ( cnpjParque, dataInicio, dataFim, numeroConvidados, nome )
	VALUES ( '43.209.688/4316-92', to_date ('2014-12-10', 'YYYY-MM-DD'), to_date ('2011-08-25', 'YYYY-MM-DD'), 327652, 'João Gabriel Mendes' );
INSERT INTO festaNoParque ( cnpjParque, dataInicio, dataFim, numeroConvidados, nome )
	VALUES ( '43.209.688/4316-92', to_date ('2015-07-08', 'YYYY-MM-DD'), to_date ('2017-08-04', 'YYYY-MM-DD'), 898389, 'Danilo Aragão' );
INSERT INTO festaNoParque ( cnpjParque, dataInicio, dataFim, numeroConvidados, nome )
	VALUES ( '27.877.188/3677-89', to_date ('2002-01-10', 'YYYY-MM-DD'), to_date ('2010-03-03', 'YYYY-MM-DD'), 517513, 'Luna Pinto' );

/* TABLE atracao */
INSERT INTO atracao ( cnpjParque, dataFesta, numero, nome, poligono )
	VALUES ( '00.427.481/2502-93', to_date ('2008-03-15', 'YYYY-MM-DD'), 690001, 'Bryan Cardoso,', '{{811658, 273880, 470334}, {315811, 824862, 658465}, {555205, 371837, 723443}, {173253, 117385, 563900}, {323969, 315687, 179869}, {165706, 511386, 289041}, {303760, 501878, 440028}, {247134, 155753, 742089}, {516480, 794521, 765444}, {722168, 609962, 200638}}' );
INSERT INTO atracao ( cnpjParque, dataFesta, numero, nome, poligono )
	VALUES ( '84.565.310/3060-15', to_date ('2013-02-07', 'YYYY-MM-DD'), 820029, 'Ana da Costa', '{{775727, 879649, 171636}, {150730, 450008, 405859}, {665358, 150971, 311234}, {446332, 142264, 773228}, {710094, 858474, 882664}, {438537, 832476, 274625}, {687227, 870223, 846197}, {417460, 376200, 147401}, {175776, 785681, 684042}, {425453, 301003, 101196}}' );
INSERT INTO atracao ( cnpjParque, dataFesta, numero, nome, poligono )
	VALUES ( '27.877.188/3677-89', to_date ('2004-02-13', 'YYYY-MM-DD'), 217078, 'Leonardo Caldeira', '{{420011, 546232, 411298}, {615338, 369743, 270515}, {378036, 853186, 789352}, {202988, 312624, 354537}, {497243, 209234, 313763}, {303631, 504468, 148687}, {696175, 514205, 768627}, {587415, 522117, 702967}, {687298, 674216, 853620}, {112462, 179131, 223426}}' );
INSERT INTO atracao ( cnpjParque, dataFesta, numero, nome, poligono )
	VALUES ( '27.877.188/3677-89', to_date ('2004-02-13', 'YYYY-MM-DD'), 774202, 'Mariane Moreira', '{{484411, 233286, 213577}, {534618, 518581, 799631}, {154936, 760818, 619887}, {696972, 734527, 411141}, {740068, 692391, 639959}, {530981, 756820, 539757}, {324371, 464920, 186095}, {284924, 655145, 307724}, {435690, 382244, 297464}, {880492, 833344, 480873}}' );
INSERT INTO atracao ( cnpjParque, dataFesta, numero, nome, poligono )
	VALUES ( '43.209.688/4316-92', to_date ('2014-12-10', 'YYYY-MM-DD'), 699418, 'Alexandre Costa', '{{419377, 133102, 198653}, {169379, 874034, 700980}, {843020, 788895, 220364}, {489579, 241288, 133176}, {835483, 774638, 747070}, {199529, 591912, 615049}, {536278, 845203, 536131}, {526686, 800239, 724939}, {531713, 884678, 265060}, {358163, 823655, 716330}}' );
INSERT INTO atracao ( cnpjParque, dataFesta, numero, nome, poligono )
	VALUES ( '00.427.481/2502-93', to_date ('2009-08-01', 'YYYY-MM-DD'), 847269, 'João Gabriel Caldeira', '{{539538, 473129, 484861}, {873807, 494013, 845409}, {514396, 662427, 440050}, {426436, 510175, 170253}, {799459, 481330, 226071}, {199679, 157794, 493028}, {667576, 301922, 287351}, {375764, 174338, 879783}, {163910, 341995, 636628}, {760623, 688944, 367681}}' );
INSERT INTO atracao ( cnpjParque, dataFesta, numero, nome, poligono )
	VALUES ( '66.367.523/9507-61', to_date ('2001-09-27', 'YYYY-MM-DD'), 798186, 'Vitor Hugo Castro', '{{251478, 804818, 298262}, {135477, 611970, 304575}, {859557, 800584, 645607}, {550515, 494494, 396739}, {159064, 492923, 350314}, {840559, 647939, 421852}, {878028, 599955, 884727}, {898058, 563759, 192537}, {697802, 873671, 422438}, {589342, 188179, 531748}}' );
INSERT INTO atracao ( cnpjParque, dataFesta, numero, nome, poligono )
	VALUES ( '00.068.328/9899-17', to_date ('2010-05-11', 'YYYY-MM-DD'), 580031, 'Maysa Moreira', '{{743638, 698269, 466186}, {305328, 651709, 375638}, {766938, 242956, 252518}, {474078, 886508, 260141}, {643053, 432278, 773009}, {782065, 215610, 179329}, {886764, 443052, 898827}, {659383, 332339, 786458}, {317234, 876648, 525308}, {896359, 150489, 308770}}' );
INSERT INTO atracao ( cnpjParque, dataFesta, numero, nome, poligono )
	VALUES ( '27.877.188/3677-89', to_date ('2004-02-13', 'YYYY-MM-DD'), 523427, 'Dr. Renan Araújo', '{{362038, 246709, 373390}, {113432, 599661, 818767}, {411489, 138806, 153487}, {135238, 143081, 496604}, {604559, 541417, 791769}, {768419, 714583, 854027}, {108260, 267765, 655100}, {337441, 675881, 330611}, {669044, 704462, 816294}, {520278, 398621, 213080}}' );
INSERT INTO atracao ( cnpjParque, dataFesta, numero, nome, poligono )
	VALUES ( '27.877.188/3677-89', to_date ('2004-02-13', 'YYYY-MM-DD'), 831393, 'Cecília das Neves', '{{474117, 318202, 399896}, {465643, 245217, 269561}, {435100, 345028, 832966}, {609556, 104324, 558116}, {127974, 109388, 660928}, {892647, 393362, 788674}, {458310, 353595, 851181}, {765350, 651404, 123288}, {104068, 859145, 784444}, {207110, 409705, 489734}}' );
INSERT INTO atracao ( cnpjParque, dataFesta, numero, nome, poligono )
	VALUES ( '39.390.781/6989-35', to_date ('2002-11-12', 'YYYY-MM-DD'), 693119, 'Maysa Caldeira', '{{473094, 405613, 469284}, {137618, 540880, 595524}, {896849, 322652, 452430}, {217790, 246022, 332182}, {874576, 458321, 536829}, {185932, 485096, 106146}, {731432, 835446, 893847}, {328737, 655079, 387406}, {196250, 148250, 705478}, {477438, 423172, 314292}}' );
INSERT INTO atracao ( cnpjParque, dataFesta, numero, nome, poligono )
	VALUES ( '18.547.464/1813-58', to_date ('2006-11-17', 'YYYY-MM-DD'), 262069, 'Fernando Ramos', '{{238426, 600929, 753177}, {770739, 462698, 376780}, {757972, 282733, 119905}, {355046, 531727, 273036}, {794659, 546229, 140954}, {674442, 508582, 193369}, {280887, 147376, 365848}, {893843, 262249, 317571}, {718246, 603511, 860116}, {135763, 843567, 242825}}' );
INSERT INTO atracao ( cnpjParque, dataFesta, numero, nome, poligono )
	VALUES ( '27.877.188/3677-89', to_date ('2004-02-13', 'YYYY-MM-DD'), 169767, 'Letícia Freitas', '{{432857, 687224, 120772}, {271493, 641964, 658847}, {479308, 398709, 451044}, {840877, 820661, 331282}, {867792, 133963, 703817}, {222814, 452571, 686834}, {760878, 686420, 450376}, {890111, 419865, 419020}, {859039, 895088, 609131}, {168287, 744352, 367324}}' );
INSERT INTO atracao ( cnpjParque, dataFesta, numero, nome, poligono )
	VALUES ( '00.427.481/2502-93', to_date ('2009-08-01', 'YYYY-MM-DD'), 111753, 'Mariana Nascimento', '{{510675, 354051, 504725}, {120516, 803291, 259383}, {851288, 382763, 549787}, {374564, 450241, 735402}, {338418, 396638, 236379}, {814923, 325915, 226436}, {598920, 535546, 231070}, {256720, 284544, 436440}, {767036, 406284, 648173}, {386295, 814179, 851772}}' );
INSERT INTO atracao ( cnpjParque, dataFesta, numero, nome, poligono )
	VALUES ( '43.209.688/4316-92', to_date ('2014-12-10', 'YYYY-MM-DD'), 592482, 'Sr. Isaac da Paz', '{{735926, 268415, 469101}, {104426, 193980, 866734}, {620735, 297280, 140488}, {126200, 633595, 587974}, {853503, 840883, 451347}, {741466, 792784, 688270}, {405368, 330448, 153247}, {398590, 757130, 692890}, {332651, 584357, 755629}, {729192, 386005, 815588}}' );
INSERT INTO atracao ( cnpjParque, dataFesta, numero, nome, poligono )
	VALUES ( '00.427.481/2502-93', to_date ('2008-03-15', 'YYYY-MM-DD'), 235074, 'Enzo Rocha', '{{298899, 786476, 744790}, {637514, 733284, 197394}, {330481, 635949, 431672}, {848443, 464136, 534950}, {159888, 568114, 538217}, {613332, 220651, 643515}, {707988, 584834, 564472}, {137911, 159618, 663148}, {438491, 826591, 835623}, {528463, 352426, 630322}}' );
INSERT INTO atracao ( cnpjParque, dataFesta, numero, nome, poligono )
	VALUES ( '00.427.481/2502-93', to_date ('2008-03-15', 'YYYY-MM-DD'), 602785, 'Sra. Nina Melo', '{{663285, 271003, 603544}, {313307, 554594, 471998}, {218106, 485552, 393965}, {296383, 657291, 337721}, {736926, 542008, 496024}, {436471, 457627, 830263}, {846139, 232151, 798736}, {554868, 505004, 572719}, {278201, 237700, 662955}, {468348, 566511, 443845}}' );
INSERT INTO atracao ( cnpjParque, dataFesta, numero, nome, poligono )
	VALUES ( '39.390.781/6989-35', to_date ('2002-11-12', 'YYYY-MM-DD'), 329733, 'Antônio FariasFernandes', '{{475119, 626064, 482302}, {160303, 811200, 816832}, {838098, 734301, 351500}, {706405, 137443, 829965}, {768912, 668850, 204275}, {281121, 397001, 478857}, {337054, 742248, 155856}, {880972, 777046, 576895}, {477281, 325411, 294208}, {228885, 352570, 603430}}' );
INSERT INTO atracao ( cnpjParque, dataFesta, numero, nome, poligono )
	VALUES ( '93.555.593/9937-39', to_date ('2017-05-03', 'YYYY-MM-DD'), 617675, 'Thiago Cavalcanti', '{{595920, 706146, 759787}, {884680, 476708, 641949}, {130148, 474159, 608223}, {858604, 210501, 512269}, {224607, 738960, 612916}, {114541, 392263, 476005}, {554417, 589085, 753153}, {156182, 879616, 308863}, {747916, 103615, 342187}, {250065, 118735, 783002}}' );
INSERT INTO atracao ( cnpjParque, dataFesta, numero, nome, poligono )
	VALUES ( '18.547.464/1813-58', to_date ('2006-11-17', 'YYYY-MM-DD'), 396218, 'Pietra Martins', '{{425636, 446189, 811020}, {536335, 343440, 468704}, {737146, 694235, 741796}, {385054, 604504, 709017}, {846116, 301267, 825760}, {767325, 865226, 407123}, {304865, 653352, 548053}, {669209, 812743, 323684}, {873488, 366064, 193886}, {641067, 274683, 707609}}' );

/* TABLE opParque */
INSERT INTO opParque ( cpfOpCamera, data, idCameraSecundaria, cnpjParque, dataInicioParque, cpfAssistente )
	VALUES ( '531.462.487-11', to_date ('2007-03-08', 'YYYY-MM-DD'), 7, '88.645.659/8305-31', to_date ('2006-07-04', 'YYYY-MM-DD'), '424.447.919-31' );
INSERT INTO opParque ( cpfOpCamera, data, idCameraSecundaria, cnpjParque, dataInicioParque, cpfAssistente )
	VALUES ( '575.250.850-93', to_date ('2000-02-23', 'YYYY-MM-DD'), 3, '31.438.469/9557-08', to_date ('2009-09-23', 'YYYY-MM-DD'), '030.610.128-33' );
INSERT INTO opParque ( cpfOpCamera, data, idCameraSecundaria, cnpjParque, dataInicioParque, cpfAssistente )
	VALUES ( '531.462.487-11', to_date ('2011-11-21', 'YYYY-MM-DD'), 11, '69.214.498/0179-48', to_date ('2000-03-02', 'YYYY-MM-DD'), '845.832.187-67' );
INSERT INTO opParque ( cpfOpCamera, data, idCameraSecundaria, cnpjParque, dataInicioParque, cpfAssistente )
	VALUES ( '969.304.789-35', to_date ('2007-10-03', 'YYYY-MM-DD'), 15, '84.565.310/3060-15', to_date ('2017-07-10', 'YYYY-MM-DD'), '529.827.160-27' );
INSERT INTO opParque ( cpfOpCamera, data, idCameraSecundaria, cnpjParque, dataInicioParque, cpfAssistente )
	VALUES ( '969.304.789-35', to_date ('2014-05-10', 'YYYY-MM-DD'), 15, '31.438.469/9557-08', to_date ('2009-09-23', 'YYYY-MM-DD'), '602.809.454-84' );
INSERT INTO opParque ( cpfOpCamera, data, idCameraSecundaria, cnpjParque, dataInicioParque, cpfAssistente )
	VALUES ( '996.257.521-19', to_date ('2008-01-13', 'YYYY-MM-DD'), 16, '00.068.328/9899-17', to_date ('2010-05-11', 'YYYY-MM-DD'), '238.700.997-66' );
INSERT INTO opParque ( cpfOpCamera, data, idCameraSecundaria, cnpjParque, dataInicioParque, cpfAssistente )
	VALUES ( '396.343.547-09', to_date ('2016-07-04', 'YYYY-MM-DD'), 14, '35.791.354/5879-93', to_date ('2004-01-09', 'YYYY-MM-DD'), '529.827.160-27' );
INSERT INTO opParque ( cpfOpCamera, data, idCameraSecundaria, cnpjParque, dataInicioParque, cpfAssistente )
	VALUES ( '030.610.128-33', to_date ('2000-06-08', 'YYYY-MM-DD'), 15, '84.565.310/3060-15', to_date ('2013-02-07', 'YYYY-MM-DD'), '531.462.487-11' );
INSERT INTO opParque ( cpfOpCamera, data, idCameraSecundaria, cnpjParque, dataInicioParque, cpfAssistente )
	VALUES ( '531.462.487-11', to_date ('2011-11-21', 'YYYY-MM-DD'), 10, '69.214.498/0179-48', to_date ('2000-03-02', 'YYYY-MM-DD'), '396.343.547-09' );
INSERT INTO opParque ( cpfOpCamera, data, idCameraSecundaria, cnpjParque, dataInicioParque, cpfAssistente )
	VALUES ( '424.447.919-31', to_date ('2000-08-20', 'YYYY-MM-DD'), 1, '93.555.593/9937-39', to_date ('2017-05-03', 'YYYY-MM-DD'), '396.343.547-09' );
INSERT INTO opParque ( cpfOpCamera, data, idCameraSecundaria, cnpjParque, dataInicioParque, cpfAssistente )
	VALUES ( '575.250.850-93', to_date ('2000-02-23', 'YYYY-MM-DD'), 12, '88.645.659/8305-31', to_date ('2006-07-04', 'YYYY-MM-DD'), '575.250.850-93' );
INSERT INTO opParque ( cpfOpCamera, data, idCameraSecundaria, cnpjParque, dataInicioParque, cpfAssistente )
	VALUES ( '396.343.547-09', to_date ('2016-07-04', 'YYYY-MM-DD'), 17, '27.877.188/3677-89', to_date ('2004-02-13', 'YYYY-MM-DD'), '424.447.919-31' );
INSERT INTO opParque ( cpfOpCamera, data, idCameraSecundaria, cnpjParque, dataInicioParque, cpfAssistente )
	VALUES ( '621.135.750-86', to_date ('2000-11-10', 'YYYY-MM-DD'), 9, '43.209.688/4316-92', to_date ('2014-12-10', 'YYYY-MM-DD'), '998.627.534-11' );
INSERT INTO opParque ( cpfOpCamera, data, idCameraSecundaria, cnpjParque, dataInicioParque, cpfAssistente )
	VALUES ( '583.596.699-39', to_date ('2013-06-14', 'YYYY-MM-DD'), 1, '69.214.498/0179-48', to_date ('2000-03-02', 'YYYY-MM-DD'), '918.931.785-13' );
INSERT INTO opParque ( cpfOpCamera, data, idCameraSecundaria, cnpjParque, dataInicioParque, cpfAssistente )
	VALUES ( '998.627.534-11', to_date ('2010-11-15', 'YYYY-MM-DD'), 13, '66.367.523/9507-61', to_date ('2010-07-16', 'YYYY-MM-DD'), '424.447.919-31' );
INSERT INTO opParque ( cpfOpCamera, data, idCameraSecundaria, cnpjParque, dataInicioParque, cpfAssistente )
	VALUES ( '424.447.919-31', to_date ('2000-08-20', 'YYYY-MM-DD'), 19, '66.367.523/9507-61', to_date ('2001-09-27', 'YYYY-MM-DD'), '522.502.996-95' );
INSERT INTO opParque ( cpfOpCamera, data, idCameraSecundaria, cnpjParque, dataInicioParque, cpfAssistente )
	VALUES ( '531.462.487-11', to_date ('2007-03-08', 'YYYY-MM-DD'), 6, '18.547.464/1813-58', to_date ('2003-03-19', 'YYYY-MM-DD'), '424.447.919-31' );
INSERT INTO opParque ( cpfOpCamera, data, idCameraSecundaria, cnpjParque, dataInicioParque, cpfAssistente )
	VALUES ( '998.627.534-11', to_date ('2015-03-06', 'YYYY-MM-DD'), 6, '27.877.188/3677-89', to_date ('2004-02-13', 'YYYY-MM-DD'), '607.443.809-78' );
INSERT INTO opParque ( cpfOpCamera, data, idCameraSecundaria, cnpjParque, dataInicioParque, cpfAssistente )
	VALUES ( '969.304.789-35', to_date ('2007-10-03', 'YYYY-MM-DD'), 20, '18.547.464/1813-58', to_date ('2006-11-17', 'YYYY-MM-DD'), '583.596.699-39' );
INSERT INTO opParque ( cpfOpCamera, data, idCameraSecundaria, cnpjParque, dataInicioParque, cpfAssistente )
	VALUES ( '998.627.534-11', to_date ('2010-11-15', 'YYYY-MM-DD'), 2, '35.791.354/5879-93', to_date ('2004-01-09', 'YYYY-MM-DD'), '299.967.704-87' );

/* TABLE pontoInstalacao */
/* NULL INSERTION FOR ATTRIBUTEfonteAlimentacaoAT TABLEpontoInstalacao */
INSERT INTO pontoInstalacao ( cnpjParque, coordenadas, descricao, conectividade, iluminacao, contatoAgua, fonteAlimentacao )
	VALUES ( '70.903.167/4006-03', '{232939, 847026, 146417}', 'Minima exercitationem recusandae autem enim quidem non. Quaerat suscipit saepe quae quia. In repudiandae at numquam rerum.', 'Sapiente eaque facere rem.O', 'BAIXA', TRUE, NULL );
/* NULL INSERTION FOR ATTRIBUTEcontatoAguaAT TABLEpontoInstalacao */
INSERT INTO pontoInstalacao ( cnpjParque, coordenadas, descricao, conectividade, iluminacao, contatoAgua, fonteAlimentacao )
	VALUES ( '41.458.408/8070-02', '{708228, 143759, 820935}', 'Ab nisi accusantium consectetur recusandae nulla. Exercitationem accusantium maxime dolor beatae.', 'Voluptatem ad blanditiis offici', 'MEDIA', NULL, 'Voluptatibus tenetur deserun' );
/* NULL INSERTION FOR ATTRIBUTEiluminacaoAT TABLEpontoInstalacao */
INSERT INTO pontoInstalacao ( cnpjParque, coordenadas, descricao, conectividade, iluminacao, contatoAgua, fonteAlimentacao )
	VALUES ( '84.565.310/3060-15', '{463728, 823433, 178913}', 'Facere quas inventore quae ipsum assumenda tenetur. Voluptatem nisi magni reiciendis a quae voluptate enim. Dolores rerum enim f', 'Molestias dicta q', NULL, FALSE, 'Nostrum eum quas' );
/* NULL INSERTION FOR ATTRIBUTEconectividadeAT TABLEpontoInstalacao */
INSERT INTO pontoInstalacao ( cnpjParque, coordenadas, descricao, conectividade, iluminacao, contatoAgua, fonteAlimentacao )
	VALUES ( '66.367.523/9507-61', '{562005, 685926, 760995}', 'Hic unde amet alias illum. Ratione facilis tempora perspiciatis. Sapiente ratione dolorem ratione. Aliquid dolores veniam incidu', NULL, 'ALTA', TRUE, 'Ducimus nam reprehenderit acc' );
/* NULL INSERTION FOR ATTRIBUTEdescricaoAT TABLEpontoInstalacao */
INSERT INTO pontoInstalacao ( cnpjParque, coordenadas, descricao, conectividade, iluminacao, contatoAgua, fonteAlimentacao )
	VALUES ( '69.214.498/0179-48', '{818142, 701107, 776433}', NULL, 'Unde molestiae id. Amet natus do', 'ALTA', FALSE, 'Maxime tempore consequuntur' );
INSERT INTO pontoInstalacao ( cnpjParque, coordenadas, descricao, conectividade, iluminacao, contatoAgua, fonteAlimentacao )
	VALUES ( '93.555.593/9937-39', '{785072, 586721, 435107}', 'Suscipit vero nostrum eius delectus. Quia nisi expedita ut quis. Voluptas aliquam excepturi dignissimos aspernatur. Temporibus s', 'Tempore et nulla ', 'MEDIA', TRUE, 'Repellendus perspicia' );
INSERT INTO pontoInstalacao ( cnpjParque, coordenadas, descricao, conectividade, iluminacao, contatoAgua, fonteAlimentacao )
	VALUES ( '35.791.354/5879-93', '{380290, 217876, 554128}', 'Illum beatae aspernatur molestiae culpa doloremque pariatur. Impedit illum veritatis vero libero dicta iure. Cum voluptas quidem', 'Necessitatibus veritat', 'MEDIA', TRUE, 'Maiores ducimus dolo' );
INSERT INTO pontoInstalacao ( cnpjParque, coordenadas, descricao, conectividade, iluminacao, contatoAgua, fonteAlimentacao )
	VALUES ( '18.547.464/1813-58', '{852596, 605721, 219432}', 'Quam libero ullam dolorum enim deserunt tenetur. Doloribus aut perspiciatis explicabo ratione facilis sapiente porro. Illo harum', 'Architecto natus ipsum eiu', 'MEDIA', TRUE, 'Quibusdam debitis mi' );
INSERT INTO pontoInstalacao ( cnpjParque, coordenadas, descricao, conectividade, iluminacao, contatoAgua, fonteAlimentacao )
	VALUES ( '93.555.593/9937-39', '{829942, 676672, 889016}', 'Omnis recusandae beatae commodi suscipit placeat voluptatem. Ratione ipsam velit et modi voluptas porro.', 'Magnam dolorem vero. Magna', 'ALTA', FALSE, 'Possimus autem nisi e' );
INSERT INTO pontoInstalacao ( cnpjParque, coordenadas, descricao, conectividade, iluminacao, contatoAgua, fonteAlimentacao )
	VALUES ( '09.738.620/6062-42', '{328046, 172933, 881661}', 'Perspiciatis nihil nobis aliquid soluta quae. Itaque doloribus ea animi quisquam accusantium blanditiis. Nihil architecto natus ', 'Doloremque laudantium cumque ea', 'MEDIA', TRUE, 'Officiis numquam fugiat li' );
INSERT INTO pontoInstalacao ( cnpjParque, coordenadas, descricao, conectividade, iluminacao, contatoAgua, fonteAlimentacao )
	VALUES ( '09.738.620/6062-42', '{328784, 220087, 381591}', 'Consequatur qui porro deserunt. Accusantium molestiae quisquam quo soluta eos esse. Eos facere et saepe. Corrupti necessitatibus', 'Voluptate maxime deserunt rer', 'ALTA', TRUE, 'Aliquam voluptatum quia et eaq' );
INSERT INTO pontoInstalacao ( cnpjParque, coordenadas, descricao, conectividade, iluminacao, contatoAgua, fonteAlimentacao )
	VALUES ( '93.555.593/9937-39', '{567821, 538581, 199295}', 'Fugit temporibus ut amet. Quod et voluptate minus. Molestias non consequatur sapiente fuga maiores enim. Ullam harum doloribus v', 'Exercitationem voluptate rem ', 'ALTA', FALSE, 'Odio dolorem nihil dicta ' );
INSERT INTO pontoInstalacao ( cnpjParque, coordenadas, descricao, conectividade, iluminacao, contatoAgua, fonteAlimentacao )
	VALUES ( '43.209.688/4316-92', '{263547, 279409, 540592}', 'Reiciendis iste vel non vel iure. Occaecati reprehenderit quaerat cum. Atque nesciunt autem. Cupiditate mollitia quaerat ipsam d', 'Debitis nemo numq', 'MEDIA', TRUE, 'Velit a nisi hic corporis la' );
INSERT INTO pontoInstalacao ( cnpjParque, coordenadas, descricao, conectividade, iluminacao, contatoAgua, fonteAlimentacao )
	VALUES ( '08.887.577/2717-20', '{268787, 147427, 286462}', 'Aperiam voluptates quisquam dignissimos dignissimos modi. Dolores deleniti quasi magnam fuga ducimus. Perferendis veritatis maio', 'Quo accusamus error totam. Ven', 'BAIXA', FALSE, 'Dolorum aliquam minima o' );
INSERT INTO pontoInstalacao ( cnpjParque, coordenadas, descricao, conectividade, iluminacao, contatoAgua, fonteAlimentacao )
	VALUES ( '70.903.167/4006-03', '{645845, 586674, 229216}', 'Eaque fugiat delectus laborum amet quasi sapiente. Praesentium quas nulla excepturi quaerat sapiente dolores. Numquam laborum om', 'Laborum impedit error sunt vo', 'MEDIA', TRUE, 'Magnam deleniti eligendi e' );
INSERT INTO pontoInstalacao ( cnpjParque, coordenadas, descricao, conectividade, iluminacao, contatoAgua, fonteAlimentacao )
	VALUES ( '69.214.498/0179-48', '{620471, 494219, 263991}', 'Repellat libero in veritatis natus. Laboriosam officia aliquid.', 'Modi soluta alias alias', 'ALTA', TRUE, 'Corrupti unde suscipit fugiat co' );
INSERT INTO pontoInstalacao ( cnpjParque, coordenadas, descricao, conectividade, iluminacao, contatoAgua, fonteAlimentacao )
	VALUES ( '00.427.481/2502-93', '{759081, 790934, 833101}', 'Facere placeat quisquam id officiis. Rerum reiciendis voluptas corporis harum. Accusamus dicta voluptatem nisi cum. Tempore even', 'Rem numquam eveniet eaque. Nam', 'MEDIA', FALSE, 'Quaerat libero n' );
INSERT INTO pontoInstalacao ( cnpjParque, coordenadas, descricao, conectividade, iluminacao, contatoAgua, fonteAlimentacao )
	VALUES ( '88.645.659/8305-31', '{655912, 736452, 526374}', 'Est error dolore odio deleniti. Occaecati nam consequatur consequatur praesentium sint.', 'Magnam ad enim natus a', 'MEDIA', FALSE, 'Minus beatae fugit doloremque ' );
INSERT INTO pontoInstalacao ( cnpjParque, coordenadas, descricao, conectividade, iluminacao, contatoAgua, fonteAlimentacao )
	VALUES ( '08.887.577/2717-20', '{291983, 669904, 187355}', 'Rem consectetur itaque dolor. Dolores error quod unde.', 'Aliquid cumque debitis v', 'ALTA', TRUE, 'Atque maiores tempore ut ' );
INSERT INTO pontoInstalacao ( cnpjParque, coordenadas, descricao, conectividade, iluminacao, contatoAgua, fonteAlimentacao )
	VALUES ( '70.903.167/4006-03', '{239147, 374993, 523128}', 'Consequatur eveniet consequatur voluptate consectetur. Illum eius neque. Ea quasi ullam saepe sequi explicabo.', 'Ut modi cumque. Aliquam archi', 'BAIXA', TRUE, 'Dolorem reiciendis sunt' );
INSERT INTO pontoInstalacao ( cnpjParque, coordenadas, descricao, conectividade, iluminacao, contatoAgua, fonteAlimentacao )
	VALUES ( '01.843.484/0763-30', '{621306, 788225, 822271}', 'Enim perferendis voluptatem inventore ea commodi. Consequatur perspiciatis sed dolor ut quia quos. Ducimus nisi blanditiis expli', 'Saepe voluptates incidunt m', 'ALTA', TRUE, 'Quae quod quos d' );
INSERT INTO pontoInstalacao ( cnpjParque, coordenadas, descricao, conectividade, iluminacao, contatoAgua, fonteAlimentacao )
	VALUES ( '35.791.354/5879-93', '{723779, 367128, 770930}', 'Voluptates veritatis earum dolore molestias. Omnis repudiandae omnis quidem. Facilis harum maiores ex consequuntur. Iste blandit', 'Vitae fugiat saepe e', 'ALTA', FALSE, 'Ipsam ducimus exercitationem ' );
INSERT INTO pontoInstalacao ( cnpjParque, coordenadas, descricao, conectividade, iluminacao, contatoAgua, fonteAlimentacao )
	VALUES ( '70.903.167/4006-03', '{890024, 755708, 565172}', 'Sed accusamus soluta dicta maiores beatae. Nostrum quasi dolorum aliquid. Deserunt fugiat perferendis delectus sequi officia mol', 'Asperiores repellat cum v', 'ALTA', TRUE, 'A qui voluptatum nobis vo' );
INSERT INTO pontoInstalacao ( cnpjParque, coordenadas, descricao, conectividade, iluminacao, contatoAgua, fonteAlimentacao )
	VALUES ( '00.068.328/9899-17', '{218151, 619988, 797656}', 'Doloribus aperiam qui at expedita quam. Veritatis repudiandae expedita soluta necessitatibus a optio. Dicta quas ducimus nihil l', 'Ipsum voluptate ad', 'MEDIA', TRUE, 'Rerum vitae voluptas labore ' );
INSERT INTO pontoInstalacao ( cnpjParque, coordenadas, descricao, conectividade, iluminacao, contatoAgua, fonteAlimentacao )
	VALUES ( '08.887.577/2717-20', '{541215, 286348, 390687}', 'Adipisci eos perferendis ipsam veritatis nam earum. Accusantium quas accusamus fugit doloribus provident optio.', 'Cupiditate maiores ad a', 'MEDIA', FALSE, 'Atque numquam par' );

/* TABLE pontoCamera */
INSERT INTO pontoCamera ( idCamera, cnpjParque, coordenadas, data, quantidade )
	VALUES ( 18, '70.903.167/4006-03', '{645845, 586674, 229216}', to_date ('2008-05-23', 'YYYY-MM-DD'), 671072 );
INSERT INTO pontoCamera ( idCamera, cnpjParque, coordenadas, data, quantidade )
	VALUES ( 18, '08.887.577/2717-20', '{291983, 669904, 187355}', to_date ('2007-03-23', 'YYYY-MM-DD'), 779845 );
INSERT INTO pontoCamera ( idCamera, cnpjParque, coordenadas, data, quantidade )
	VALUES ( 2, '08.887.577/2717-20', '{268787, 147427, 286462}', to_date ('2008-09-09', 'YYYY-MM-DD'), 258900 );
INSERT INTO pontoCamera ( idCamera, cnpjParque, coordenadas, data, quantidade )
	VALUES ( 6, '08.887.577/2717-20', '{291983, 669904, 187355}', to_date ('2002-05-22', 'YYYY-MM-DD'), 700311 );
INSERT INTO pontoCamera ( idCamera, cnpjParque, coordenadas, data, quantidade )
	VALUES ( 4, '70.903.167/4006-03', '{890024, 755708, 565172}', to_date ('2001-01-21', 'YYYY-MM-DD'), 803681 );
INSERT INTO pontoCamera ( idCamera, cnpjParque, coordenadas, data, quantidade )
	VALUES ( 18, '70.903.167/4006-03', '{645845, 586674, 229216}', to_date ('2000-08-29', 'YYYY-MM-DD'), 773906 );
INSERT INTO pontoCamera ( idCamera, cnpjParque, coordenadas, data, quantidade )
	VALUES ( 9, '35.791.354/5879-93', '{380290, 217876, 554128}', to_date ('2009-12-09', 'YYYY-MM-DD'), 699700 );
INSERT INTO pontoCamera ( idCamera, cnpjParque, coordenadas, data, quantidade )
	VALUES ( 7, '08.887.577/2717-20', '{268787, 147427, 286462}', to_date ('2001-11-08', 'YYYY-MM-DD'), 882005 );
INSERT INTO pontoCamera ( idCamera, cnpjParque, coordenadas, data, quantidade )
	VALUES ( 4, '93.555.593/9937-39', '{829942, 676672, 889016}', to_date ('2006-09-09', 'YYYY-MM-DD'), 115647 );
INSERT INTO pontoCamera ( idCamera, cnpjParque, coordenadas, data, quantidade )
	VALUES ( 13, '09.738.620/6062-42', '{328784, 220087, 381591}', to_date ('2010-12-13', 'YYYY-MM-DD'), 562549 );
INSERT INTO pontoCamera ( idCamera, cnpjParque, coordenadas, data, quantidade )
	VALUES ( 7, '18.547.464/1813-58', '{852596, 605721, 219432}', to_date ('2008-09-06', 'YYYY-MM-DD'), 856232 );
INSERT INTO pontoCamera ( idCamera, cnpjParque, coordenadas, data, quantidade )
	VALUES ( 14, '88.645.659/8305-31', '{655912, 736452, 526374}', to_date ('2010-08-02', 'YYYY-MM-DD'), 270786 );
INSERT INTO pontoCamera ( idCamera, cnpjParque, coordenadas, data, quantidade )
	VALUES ( 6, '88.645.659/8305-31', '{655912, 736452, 526374}', to_date ('2010-05-29', 'YYYY-MM-DD'), 250462 );
INSERT INTO pontoCamera ( idCamera, cnpjParque, coordenadas, data, quantidade )
	VALUES ( 5, '93.555.593/9937-39', '{829942, 676672, 889016}', to_date ('2016-07-04', 'YYYY-MM-DD'), 764469 );
INSERT INTO pontoCamera ( idCamera, cnpjParque, coordenadas, data, quantidade )
	VALUES ( 6, '43.209.688/4316-92', '{263547, 279409, 540592}', to_date ('2013-05-19', 'YYYY-MM-DD'), 107666 );
INSERT INTO pontoCamera ( idCamera, cnpjParque, coordenadas, data, quantidade )
	VALUES ( 6, '18.547.464/1813-58', '{852596, 605721, 219432}', to_date ('2006-09-24', 'YYYY-MM-DD'), 327170 );
INSERT INTO pontoCamera ( idCamera, cnpjParque, coordenadas, data, quantidade )
	VALUES ( 3, '93.555.593/9937-39', '{567821, 538581, 199295}', to_date ('2010-12-09', 'YYYY-MM-DD'), 760643 );
INSERT INTO pontoCamera ( idCamera, cnpjParque, coordenadas, data, quantidade )
	VALUES ( 10, '09.738.620/6062-42', '{328784, 220087, 381591}', to_date ('2012-10-14', 'YYYY-MM-DD'), 622638 );
INSERT INTO pontoCamera ( idCamera, cnpjParque, coordenadas, data, quantidade )
	VALUES ( 13, '09.738.620/6062-42', '{328046, 172933, 881661}', to_date ('2010-03-10', 'YYYY-MM-DD'), 124674 );
INSERT INTO pontoCamera ( idCamera, cnpjParque, coordenadas, data, quantidade )
	VALUES ( 12, '93.555.593/9937-39', '{567821, 538581, 199295}', to_date ('2005-03-23', 'YYYY-MM-DD'), 651982 );

/* TABLE pontoEstrutura */
INSERT INTO pontoEstrutura ( idEstruturacao, cnpjParque, coordenadas, data, quantidade )
	VALUES ( 12, '69.214.498/0179-48', '{620471, 494219, 263991}', to_date ('2000-08-23', 'YYYY-MM-DD'), 183596 );
INSERT INTO pontoEstrutura ( idEstruturacao, cnpjParque, coordenadas, data, quantidade )
	VALUES ( 18, '70.903.167/4006-03', '{645845, 586674, 229216}', to_date ('2000-08-02', 'YYYY-MM-DD'), 392723 );
INSERT INTO pontoEstrutura ( idEstruturacao, cnpjParque, coordenadas, data, quantidade )
	VALUES ( 10, '88.645.659/8305-31', '{655912, 736452, 526374}', to_date ('2003-01-15', 'YYYY-MM-DD'), 361891 );
INSERT INTO pontoEstrutura ( idEstruturacao, cnpjParque, coordenadas, data, quantidade )
	VALUES ( 16, '88.645.659/8305-31', '{655912, 736452, 526374}', to_date ('2013-12-14', 'YYYY-MM-DD'), 848524 );
INSERT INTO pontoEstrutura ( idEstruturacao, cnpjParque, coordenadas, data, quantidade )
	VALUES ( 6, '35.791.354/5879-93', '{380290, 217876, 554128}', to_date ('2015-11-23', 'YYYY-MM-DD'), 206335 );
INSERT INTO pontoEstrutura ( idEstruturacao, cnpjParque, coordenadas, data, quantidade )
	VALUES ( 11, '43.209.688/4316-92', '{263547, 279409, 540592}', to_date ('2013-01-18', 'YYYY-MM-DD'), 744035 );
INSERT INTO pontoEstrutura ( idEstruturacao, cnpjParque, coordenadas, data, quantidade )
	VALUES ( 11, '43.209.688/4316-92', '{263547, 279409, 540592}', to_date ('2002-11-18', 'YYYY-MM-DD'), 644500 );
INSERT INTO pontoEstrutura ( idEstruturacao, cnpjParque, coordenadas, data, quantidade )
	VALUES ( 2, '93.555.593/9937-39', '{785072, 586721, 435107}', to_date ('2001-05-16', 'YYYY-MM-DD'), 889832 );
INSERT INTO pontoEstrutura ( idEstruturacao, cnpjParque, coordenadas, data, quantidade )
	VALUES ( 16, '93.555.593/9937-39', '{829942, 676672, 889016}', to_date ('2006-07-09', 'YYYY-MM-DD'), 720104 );
INSERT INTO pontoEstrutura ( idEstruturacao, cnpjParque, coordenadas, data, quantidade )
	VALUES ( 14, '35.791.354/5879-93', '{380290, 217876, 554128}', to_date ('2008-09-03', 'YYYY-MM-DD'), 714272 );
INSERT INTO pontoEstrutura ( idEstruturacao, cnpjParque, coordenadas, data, quantidade )
	VALUES ( 15, '43.209.688/4316-92', '{263547, 279409, 540592}', to_date ('2016-01-02', 'YYYY-MM-DD'), 588568 );
INSERT INTO pontoEstrutura ( idEstruturacao, cnpjParque, coordenadas, data, quantidade )
	VALUES ( 13, '18.547.464/1813-58', '{852596, 605721, 219432}', to_date ('2014-02-09', 'YYYY-MM-DD'), 803306 );
INSERT INTO pontoEstrutura ( idEstruturacao, cnpjParque, coordenadas, data, quantidade )
	VALUES ( 11, '35.791.354/5879-93', '{723779, 367128, 770930}', to_date ('2001-05-15', 'YYYY-MM-DD'), 836003 );
INSERT INTO pontoEstrutura ( idEstruturacao, cnpjParque, coordenadas, data, quantidade )
	VALUES ( 6, '01.843.484/0763-30', '{621306, 788225, 822271}', to_date ('2003-02-00', 'YYYY-MM-DD'), 341799 );
INSERT INTO pontoEstrutura ( idEstruturacao, cnpjParque, coordenadas, data, quantidade )
	VALUES ( 19, '08.887.577/2717-20', '{541215, 286348, 390687}', to_date ('2009-06-12', 'YYYY-MM-DD'), 512799 );
INSERT INTO pontoEstrutura ( idEstruturacao, cnpjParque, coordenadas, data, quantidade )
	VALUES ( 17, '18.547.464/1813-58', '{852596, 605721, 219432}', to_date ('2017-11-20', 'YYYY-MM-DD'), 536286 );
INSERT INTO pontoEstrutura ( idEstruturacao, cnpjParque, coordenadas, data, quantidade )
	VALUES ( 6, '09.738.620/6062-42', '{328046, 172933, 881661}', to_date ('2016-06-18', 'YYYY-MM-DD'), 607067 );
INSERT INTO pontoEstrutura ( idEstruturacao, cnpjParque, coordenadas, data, quantidade )
	VALUES ( 1, '09.738.620/6062-42', '{328046, 172933, 881661}', to_date ('2000-09-23', 'YYYY-MM-DD'), 819012 );
INSERT INTO pontoEstrutura ( idEstruturacao, cnpjParque, coordenadas, data, quantidade )
	VALUES ( 2, '08.887.577/2717-20', '{291983, 669904, 187355}', to_date ('2004-07-17', 'YYYY-MM-DD'), 354358 );
INSERT INTO pontoEstrutura ( idEstruturacao, cnpjParque, coordenadas, data, quantidade )
	VALUES ( 14, '08.887.577/2717-20', '{268787, 147427, 286462}', to_date ('2013-05-16', 'YYYY-MM-DD'), 889545 );

/* TABLE pontoSom */
/* NULL INSERTION FOR ATTRIBUTEnumeroGrafoAT TABLEpontoSom */
INSERT INTO pontoSom ( idSonorizacao, cnpjParque, coordenadas, data, quantidade, numeroGrafo )
	VALUES ( 3, '69.214.498/0179-48', '{620471, 494219, 263991}', to_date ('2011-06-03', 'YYYY-MM-DD'), 527681, NULL );
/* NULL INSERTION FOR ATTRIBUTEdataAT TABLEpontoSom */
INSERT INTO pontoSom ( idSonorizacao, cnpjParque, coordenadas, data, quantidade, numeroGrafo )
	VALUES ( 3, '35.791.354/5879-93', '{723779, 367128, 770930}', NULL, 307285, 358688 );
INSERT INTO pontoSom ( idSonorizacao, cnpjParque, coordenadas, data, quantidade, numeroGrafo )
	VALUES ( 9, '35.791.354/5879-93', '{380290, 217876, 554128}', to_date ('2008-09-29', 'YYYY-MM-DD'), 292639, 825892 );
INSERT INTO pontoSom ( idSonorizacao, cnpjParque, coordenadas, data, quantidade, numeroGrafo )
	VALUES ( 2, '00.427.481/2502-93', '{759081, 790934, 833101}', to_date ('2018-04-26', 'YYYY-MM-DD'), 845907, 454529 );
INSERT INTO pontoSom ( idSonorizacao, cnpjParque, coordenadas, data, quantidade, numeroGrafo )
	VALUES ( 1, '35.791.354/5879-93', '{380290, 217876, 554128}', to_date ('2009-08-24', 'YYYY-MM-DD'), 430462, 131600 );
INSERT INTO pontoSom ( idSonorizacao, cnpjParque, coordenadas, data, quantidade, numeroGrafo )
	VALUES ( 4, '70.903.167/4006-03', '{890024, 755708, 565172}', to_date ('2005-04-05', 'YYYY-MM-DD'), 550306, 104288 );
INSERT INTO pontoSom ( idSonorizacao, cnpjParque, coordenadas, data, quantidade, numeroGrafo )
	VALUES ( 2, '08.887.577/2717-20', '{541215, 286348, 390687}', to_date ('2016-01-23', 'YYYY-MM-DD'), 656917, 188338 );
INSERT INTO pontoSom ( idSonorizacao, cnpjParque, coordenadas, data, quantidade, numeroGrafo )
	VALUES ( 6, '18.547.464/1813-58', '{852596, 605721, 219432}', to_date ('2001-04-19', 'YYYY-MM-DD'), 594730, 125046 );
INSERT INTO pontoSom ( idSonorizacao, cnpjParque, coordenadas, data, quantidade, numeroGrafo )
	VALUES ( 8, '35.791.354/5879-93', '{380290, 217876, 554128}', to_date ('2011-11-28', 'YYYY-MM-DD'), 836539, 118460 );
INSERT INTO pontoSom ( idSonorizacao, cnpjParque, coordenadas, data, quantidade, numeroGrafo )
	VALUES ( 17, '08.887.577/2717-20', '{291983, 669904, 187355}', to_date ('2011-11-20', 'YYYY-MM-DD'), 532581, 448510 );
INSERT INTO pontoSom ( idSonorizacao, cnpjParque, coordenadas, data, quantidade, numeroGrafo )
	VALUES ( 8, '70.903.167/4006-03', '{239147, 374993, 523128}', to_date ('2007-07-17', 'YYYY-MM-DD'), 288568, 700555 );
INSERT INTO pontoSom ( idSonorizacao, cnpjParque, coordenadas, data, quantidade, numeroGrafo )
	VALUES ( 18, '18.547.464/1813-58', '{852596, 605721, 219432}', to_date ('2012-01-20', 'YYYY-MM-DD'), 435632, 634108 );
INSERT INTO pontoSom ( idSonorizacao, cnpjParque, coordenadas, data, quantidade, numeroGrafo )
	VALUES ( 9, '09.738.620/6062-42', '{328046, 172933, 881661}', to_date ('2017-11-18', 'YYYY-MM-DD'), 393648, 651892 );
INSERT INTO pontoSom ( idSonorizacao, cnpjParque, coordenadas, data, quantidade, numeroGrafo )
	VALUES ( 1, '88.645.659/8305-31', '{655912, 736452, 526374}', to_date ('2014-09-01', 'YYYY-MM-DD'), 349070, 403526 );
INSERT INTO pontoSom ( idSonorizacao, cnpjParque, coordenadas, data, quantidade, numeroGrafo )
	VALUES ( 2, '93.555.593/9937-39', '{785072, 586721, 435107}', to_date ('2009-08-10', 'YYYY-MM-DD'), 227628, 632134 );
INSERT INTO pontoSom ( idSonorizacao, cnpjParque, coordenadas, data, quantidade, numeroGrafo )
	VALUES ( 11, '70.903.167/4006-03', '{890024, 755708, 565172}', to_date ('2018-10-26', 'YYYY-MM-DD'), 249754, 850348 );
INSERT INTO pontoSom ( idSonorizacao, cnpjParque, coordenadas, data, quantidade, numeroGrafo )
	VALUES ( 3, '69.214.498/0179-48', '{620471, 494219, 263991}', to_date ('2008-09-27', 'YYYY-MM-DD'), 332945, 464308 );
INSERT INTO pontoSom ( idSonorizacao, cnpjParque, coordenadas, data, quantidade, numeroGrafo )
	VALUES ( 13, '70.903.167/4006-03', '{645845, 586674, 229216}', to_date ('2001-07-05', 'YYYY-MM-DD'), 240047, 591628 );
INSERT INTO pontoSom ( idSonorizacao, cnpjParque, coordenadas, data, quantidade, numeroGrafo )
	VALUES ( 2, '93.555.593/9937-39', '{785072, 586721, 435107}', to_date ('2002-08-09', 'YYYY-MM-DD'), 165160, 426171 );
INSERT INTO pontoSom ( idSonorizacao, cnpjParque, coordenadas, data, quantidade, numeroGrafo )
	VALUES ( 17, '08.887.577/2717-20', '{291983, 669904, 187355}', to_date ('2014-02-26', 'YYYY-MM-DD'), 311769, 523551 );
INSERT INTO pontoSom ( idSonorizacao, cnpjParque, coordenadas, data, quantidade, numeroGrafo )
	VALUES ( 12, '93.555.593/9937-39', '{785072, 586721, 435107}', to_date ('2006-04-15', 'YYYY-MM-DD'), 553528, 523210 );
INSERT INTO pontoSom ( idSonorizacao, cnpjParque, coordenadas, data, quantidade, numeroGrafo )
	VALUES ( 5, '08.887.577/2717-20', '{268787, 147427, 286462}', to_date ('2011-06-29', 'YYYY-MM-DD'), 132036, 766128 );

/* TABLE opera */
INSERT INTO opera ( cnpjParque, dataFesta, cpfPiloto, idDrone )
	VALUES ( '00.427.481/2502-93', to_date ('2009-08-01', 'YYYY-MM-DD'), '996.257.521-19', 62133927 );
INSERT INTO opera ( cnpjParque, dataFesta, cpfPiloto, idDrone )
	VALUES ( '84.565.310/3060-15', to_date ('2017-07-10', 'YYYY-MM-DD'), '396.343.547-09', 38297369 );
INSERT INTO opera ( cnpjParque, dataFesta, cpfPiloto, idDrone )
	VALUES ( '70.937.568/8826-58', to_date ('2015-07-11', 'YYYY-MM-DD'), '969.304.789-35', 63936715 );
INSERT INTO opera ( cnpjParque, dataFesta, cpfPiloto, idDrone )
	VALUES ( '31.438.469/9557-08', to_date ('2009-09-23', 'YYYY-MM-DD'), '258.729.033-89', 36249969 );
INSERT INTO opera ( cnpjParque, dataFesta, cpfPiloto, idDrone )
	VALUES ( '93.555.593/9937-39', to_date ('2017-05-03', 'YYYY-MM-DD'), '258.729.033-89', 78895740 );
INSERT INTO opera ( cnpjParque, dataFesta, cpfPiloto, idDrone )
	VALUES ( '43.209.688/4316-92', to_date ('2014-12-10', 'YYYY-MM-DD'), '531.462.487-11', 20174592 );
INSERT INTO opera ( cnpjParque, dataFesta, cpfPiloto, idDrone )
	VALUES ( '88.645.659/8305-31', to_date ('2006-07-04', 'YYYY-MM-DD'), '621.135.750-86', 16848768 );
INSERT INTO opera ( cnpjParque, dataFesta, cpfPiloto, idDrone )
	VALUES ( '84.565.310/3060-15', to_date ('2017-07-10', 'YYYY-MM-DD'), '607.443.809-78', 80435974 );
INSERT INTO opera ( cnpjParque, dataFesta, cpfPiloto, idDrone )
	VALUES ( '27.877.188/3677-89', to_date ('2004-02-13', 'YYYY-MM-DD'), '583.596.699-39', 83145310 );
INSERT INTO opera ( cnpjParque, dataFesta, cpfPiloto, idDrone )
	VALUES ( '00.068.328/9899-17', to_date ('2010-05-11', 'YYYY-MM-DD'), '030.610.128-33', 53660854 );
INSERT INTO opera ( cnpjParque, dataFesta, cpfPiloto, idDrone )
	VALUES ( '69.214.498/0179-48', to_date ('2000-03-02', 'YYYY-MM-DD'), '459.131.430-66', 58064794 );
INSERT INTO opera ( cnpjParque, dataFesta, cpfPiloto, idDrone )
	VALUES ( '18.547.464/1813-58', to_date ('2006-11-17', 'YYYY-MM-DD'), '258.729.033-89', 13054471 );
INSERT INTO opera ( cnpjParque, dataFesta, cpfPiloto, idDrone )
	VALUES ( '27.877.188/3677-89', to_date ('2004-02-13', 'YYYY-MM-DD'), '522.502.996-95', 27814397 );
INSERT INTO opera ( cnpjParque, dataFesta, cpfPiloto, idDrone )
	VALUES ( '00.427.481/2502-93', to_date ('2008-03-15', 'YYYY-MM-DD'), '258.729.033-89', 18661421 );
INSERT INTO opera ( cnpjParque, dataFesta, cpfPiloto, idDrone )
	VALUES ( '43.209.688/4316-92', to_date ('2014-12-10', 'YYYY-MM-DD'), '299.967.704-87', 52236050 );
INSERT INTO opera ( cnpjParque, dataFesta, cpfPiloto, idDrone )
	VALUES ( '43.209.688/4316-92', to_date ('2015-07-08', 'YYYY-MM-DD'), '238.700.997-66', 87230096 );
INSERT INTO opera ( cnpjParque, dataFesta, cpfPiloto, idDrone )
	VALUES ( '27.877.188/3677-89', to_date ('2002-01-10', 'YYYY-MM-DD'), '998.627.534-11', 10036655 );
INSERT INTO opera ( cnpjParque, dataFesta, cpfPiloto, idDrone )
	VALUES ( '18.547.464/1813-58', to_date ('2003-03-19', 'YYYY-MM-DD'), '998.627.534-11', 16345761 );
INSERT INTO opera ( cnpjParque, dataFesta, cpfPiloto, idDrone )
	VALUES ( '66.367.523/9507-61', to_date ('2001-09-27', 'YYYY-MM-DD'), '621.135.750-86', 81630566 );
INSERT INTO opera ( cnpjParque, dataFesta, cpfPiloto, idDrone )
	VALUES ( '43.209.688/4316-92', to_date ('2015-07-08', 'YYYY-MM-DD'), '575.250.850-93', 49275610 );

/* TABLE auxilia */
INSERT INTO auxilia ( cnpjParque, dataFesta, cpfPiloto, cpfCopiloto )
	VALUES ( '84.565.310/3060-15', to_date ('2013-02-07', 'YYYY-MM-DD'), '459.131.430-66', '522.502.996-95' );
INSERT INTO auxilia ( cnpjParque, dataFesta, cpfPiloto, cpfCopiloto )
	VALUES ( '18.547.464/1813-58', to_date ('2006-11-17', 'YYYY-MM-DD'), '583.596.699-39', '969.304.789-35' );
INSERT INTO auxilia ( cnpjParque, dataFesta, cpfPiloto, cpfCopiloto )
	VALUES ( '27.877.188/3677-89', to_date ('2004-02-13', 'YYYY-MM-DD'), '529.827.160-27', '238.700.997-66' );
INSERT INTO auxilia ( cnpjParque, dataFesta, cpfPiloto, cpfCopiloto )
	VALUES ( '43.209.688/4316-92', to_date ('2014-12-10', 'YYYY-MM-DD'), '845.832.187-67', '996.257.521-19' );
INSERT INTO auxilia ( cnpjParque, dataFesta, cpfPiloto, cpfCopiloto )
	VALUES ( '27.877.188/3677-89', to_date ('2004-02-13', 'YYYY-MM-DD'), '258.729.033-89', '998.627.534-11' );
INSERT INTO auxilia ( cnpjParque, dataFesta, cpfPiloto, cpfCopiloto )
	VALUES ( '39.390.781/6989-35', to_date ('2002-11-12', 'YYYY-MM-DD'), '918.931.785-13', '424.447.919-31' );
INSERT INTO auxilia ( cnpjParque, dataFesta, cpfPiloto, cpfCopiloto )
	VALUES ( '43.209.688/4316-92', to_date ('2014-12-10', 'YYYY-MM-DD'), '602.809.454-84', '583.596.699-39' );
INSERT INTO auxilia ( cnpjParque, dataFesta, cpfPiloto, cpfCopiloto )
	VALUES ( '27.877.188/3677-89', to_date ('2002-01-10', 'YYYY-MM-DD'), '459.131.430-66', '299.967.704-87' );
INSERT INTO auxilia ( cnpjParque, dataFesta, cpfPiloto, cpfCopiloto )
	VALUES ( '18.547.464/1813-58', to_date ('2003-03-19', 'YYYY-MM-DD'), '396.343.547-09', '575.250.850-93' );
INSERT INTO auxilia ( cnpjParque, dataFesta, cpfPiloto, cpfCopiloto )
	VALUES ( '84.565.310/3060-15', to_date ('2017-07-10', 'YYYY-MM-DD'), '607.443.809-78', '602.809.454-84' );
INSERT INTO auxilia ( cnpjParque, dataFesta, cpfPiloto, cpfCopiloto )
	VALUES ( '66.367.523/9507-61', to_date ('2010-07-16', 'YYYY-MM-DD'), '602.809.454-84', '845.832.187-67' );
INSERT INTO auxilia ( cnpjParque, dataFesta, cpfPiloto, cpfCopiloto )
	VALUES ( '00.427.481/2502-93', to_date ('2008-03-15', 'YYYY-MM-DD'), '845.832.187-67', '030.610.128-33' );
INSERT INTO auxilia ( cnpjParque, dataFesta, cpfPiloto, cpfCopiloto )
	VALUES ( '18.547.464/1813-58', to_date ('2006-11-17', 'YYYY-MM-DD'), '238.700.997-66', '607.443.809-78' );
INSERT INTO auxilia ( cnpjParque, dataFesta, cpfPiloto, cpfCopiloto )
	VALUES ( '69.214.498/0179-48', to_date ('2000-03-02', 'YYYY-MM-DD'), '602.809.454-84', '258.729.033-89' );
INSERT INTO auxilia ( cnpjParque, dataFesta, cpfPiloto, cpfCopiloto )
	VALUES ( '27.877.188/3677-89', to_date ('2002-01-10', 'YYYY-MM-DD'), '030.610.128-33', '621.135.750-86' );
INSERT INTO auxilia ( cnpjParque, dataFesta, cpfPiloto, cpfCopiloto )
	VALUES ( '66.367.523/9507-61', to_date ('2001-09-27', 'YYYY-MM-DD'), '522.502.996-95', '396.343.547-09' );
INSERT INTO auxilia ( cnpjParque, dataFesta, cpfPiloto, cpfCopiloto )
	VALUES ( '93.555.593/9937-39', to_date ('2017-05-03', 'YYYY-MM-DD'), '918.931.785-13', '918.931.785-13' );
INSERT INTO auxilia ( cnpjParque, dataFesta, cpfPiloto, cpfCopiloto )
	VALUES ( '00.068.328/9899-17', to_date ('2010-05-11', 'YYYY-MM-DD'), '583.596.699-39', '531.462.487-11' );
INSERT INTO auxilia ( cnpjParque, dataFesta, cpfPiloto, cpfCopiloto )
	VALUES ( '31.438.469/9557-08', to_date ('2009-09-23', 'YYYY-MM-DD'), '998.627.534-11', '459.131.430-66' );
INSERT INTO auxilia ( cnpjParque, dataFesta, cpfPiloto, cpfCopiloto )
	VALUES ( '84.565.310/3060-15', to_date ('2017-07-10', 'YYYY-MM-DD'), '621.135.750-86', '529.827.160-27' );

/* TABLE manutencao */
INSERT INTO manutencao ( cpfTecnico, idEquipamento, data )
	VALUES ( '575.250.850-93', 6, to_date ('2000-01-04', 'YYYY-MM-DD') );
INSERT INTO manutencao ( cpfTecnico, idEquipamento, data )
	VALUES ( '998.627.534-11', 13, to_date ('2012-08-10', 'YYYY-MM-DD') );
INSERT INTO manutencao ( cpfTecnico, idEquipamento, data )
	VALUES ( '424.447.919-31', 16, to_date ('2002-01-03', 'YYYY-MM-DD') );
INSERT INTO manutencao ( cpfTecnico, idEquipamento, data )
	VALUES ( '030.610.128-33', 15, to_date ('2012-06-29', 'YYYY-MM-DD') );
INSERT INTO manutencao ( cpfTecnico, idEquipamento, data )
	VALUES ( '238.700.997-66', 15, to_date ('2008-09-18', 'YYYY-MM-DD') );
INSERT INTO manutencao ( cpfTecnico, idEquipamento, data )
	VALUES ( '299.967.704-87', 14, to_date ('2010-06-19', 'YYYY-MM-DD') );
INSERT INTO manutencao ( cpfTecnico, idEquipamento, data )
	VALUES ( '607.443.809-78', 5, to_date ('2016-04-06', 'YYYY-MM-DD') );
INSERT INTO manutencao ( cpfTecnico, idEquipamento, data )
	VALUES ( '396.343.547-09', 18, to_date ('2002-08-06', 'YYYY-MM-DD') );
INSERT INTO manutencao ( cpfTecnico, idEquipamento, data )
	VALUES ( '522.502.996-95', 17, to_date ('2003-07-03', 'YYYY-MM-DD') );
INSERT INTO manutencao ( cpfTecnico, idEquipamento, data )
	VALUES ( '531.462.487-11', 7, to_date ('2008-08-28', 'YYYY-MM-DD') );
INSERT INTO manutencao ( cpfTecnico, idEquipamento, data )
	VALUES ( '299.967.704-87', 19, to_date ('2000-09-11', 'YYYY-MM-DD') );
INSERT INTO manutencao ( cpfTecnico, idEquipamento, data )
	VALUES ( '969.304.789-35', 17, to_date ('2007-12-05', 'YYYY-MM-DD') );
INSERT INTO manutencao ( cpfTecnico, idEquipamento, data )
	VALUES ( '459.131.430-66', 18, to_date ('2008-05-11', 'YYYY-MM-DD') );
INSERT INTO manutencao ( cpfTecnico, idEquipamento, data )
	VALUES ( '969.304.789-35', 14, to_date ('2005-06-30', 'YYYY-MM-DD') );
INSERT INTO manutencao ( cpfTecnico, idEquipamento, data )
	VALUES ( '396.343.547-09', 9, to_date ('2005-12-16', 'YYYY-MM-DD') );
INSERT INTO manutencao ( cpfTecnico, idEquipamento, data )
	VALUES ( '531.462.487-11', 13, to_date ('2014-02-16', 'YYYY-MM-DD') );
INSERT INTO manutencao ( cpfTecnico, idEquipamento, data )
	VALUES ( '258.729.033-89', 10, to_date ('2015-04-14', 'YYYY-MM-DD') );
INSERT INTO manutencao ( cpfTecnico, idEquipamento, data )
	VALUES ( '459.131.430-66', 11, to_date ('2011-01-02', 'YYYY-MM-DD') );
INSERT INTO manutencao ( cpfTecnico, idEquipamento, data )
	VALUES ( '459.131.430-66', 18, to_date ('2014-08-11', 'YYYY-MM-DD') );
INSERT INTO manutencao ( cpfTecnico, idEquipamento, data )
	VALUES ( '996.257.521-19', 20, to_date ('2000-02-17', 'YYYY-MM-DD') );

/* TABLE NUMBER TOTAL: 36 */
END TRANSACTION;
