/* TOTAL OF 0 ERRORS WHILE BUILDING METADATA STRUCTURE. */
BEGIN TRANSACTION;
/* TABLE funcionario */
/* NULL INSERTION FOR ATTRIBUTEequipeAT TABLEfuncionario */
INSERT INTO funcionario ( cpf, nome, RG, endereco, cargo, equipe, telefoneCsv )
	VALUES ( '994.604.636-33', 'Sra. Rebeca Jesus', '39856710286', 'Viela Dias, 18 Vila Oeste 36498556 Araújo / PB', 'PILOTO', NULL, '21 5830 7769' );
INSERT INTO funcionario ( cpf, nome, RG, endereco, cargo, equipe, telefoneCsv )
	VALUES ( '790.123.106-38', 'Sra. Beatriz Gonçalves', '86130927568', 'Conjunto de Rocha, 4 Indaiá 16657383 da Mota de Rocha / PA', 'OPCAMERA', NULL, '21 8826 8432' );
INSERT INTO funcionario ( cpf, nome, RG, endereco, cargo, equipe, telefoneCsv )
	VALUES ( '558.105.063-81', 'Raul da Cunha', '98247653117', 'Setor de Monteiro, 67 Vila De Sá 70997-392 Moraes da Serra / RR', 'COPILOTO', NULL, '+55 71 9360-3312' );
INSERT INTO funcionario ( cpf, nome, RG, endereco, cargo, equipe, telefoneCsv )
	VALUES ( '259.582.620-49', 'Luiz Felipe Barros', '02948175658', 'Morro Ribeiro, 150 Vila Nova Cachoeirinha 1ª Seção 50266105 Barros do Galho / MS', 'OPCAMERA', NULL, '(011) 6115-3941' );
INSERT INTO funcionario ( cpf, nome, RG, endereco, cargo, equipe, telefoneCsv )
	VALUES ( '335.756.462-82', 'Luiz Fernando FariasFernandes', '73906412581', 'Estação Novaes, 4 Gutierrez 58384-362 FariasFernandes / SC', 'OPCAMERA', NULL, '(061) 0967-0857' );
INSERT INTO funcionario ( cpf, nome, RG, endereco, cargo, equipe, telefoneCsv )
	VALUES ( '979.525.427-91', 'Ana Santos', '52013796811', 'Vale Manuela Cunha, 98 Aguas Claras 72850989 Correia / MT', 'TECNICO', NULL, '+55 71 3679-6135' );
INSERT INTO funcionario ( cpf, nome, RG, endereco, cargo, equipe, telefoneCsv )
	VALUES ( '763.502.159-79', 'Laura Aragão', '09517623895', 'Núcleo Carvalho, 71 Calafate 13605-642 Cavalcanti / AL', 'OPCAMERA', NULL, '+55 81 4077-6167' );
INSERT INTO funcionario ( cpf, nome, RG, endereco, cargo, equipe, telefoneCsv )
	VALUES ( '270.274.957-70', 'Benício da Luz', '85963470218', 'Ladeira Dias Beira Linha 00441-844 da Mota / SE', 'COPILOTO', NULL, '+55 (041) 0228 2730' );
INSERT INTO funcionario ( cpf, nome, RG, endereco, cargo, equipe, telefoneCsv )
	VALUES ( '463.638.965-25', 'Dra. Olivia Fogaça', '43569710271', 'Conjunto de Azevedo, 8 Esperança 08965414 Caldeira / ES', 'OPCAMERA', NULL, '(021) 9673 2170' );
INSERT INTO funcionario ( cpf, nome, RG, endereco, cargo, equipe, telefoneCsv )
	VALUES ( '426.909.183-65', 'Rafael Moraes', '28061597411', 'Esplanada Gonçalves, 36 Marilandia 58351-462 Rezende / PE', 'TECNICO', NULL, '+55 41 8817-5887' );
INSERT INTO funcionario ( cpf, nome, RG, endereco, cargo, equipe, telefoneCsv )
	VALUES ( '578.237.094-58', 'Yasmin Sales', '52369418737', 'Quadra Nunes, 7 Vila Independencia 2ª Seção 29507-083 Gonçalves / RJ', 'ASSISTENTE', NULL, '+55 (041) 3174-0566' );
INSERT INTO funcionario ( cpf, nome, RG, endereco, cargo, equipe, telefoneCsv )
	VALUES ( '197.150.083-52', 'Enzo Ramos', '68715320481', 'Colônia de Pires, 20 Vista Do Sol 92699025 Mendes das Flores / PR', 'OPCAMERA', NULL, '+55 (011) 0971 8244' );
INSERT INTO funcionario ( cpf, nome, RG, endereco, cargo, equipe, telefoneCsv )
	VALUES ( '489.655.378-01', 'Leandro Rezende', '06287943556', 'Viela Luiza Moreira, 7 Vila Nova Cachoeirinha 3ª Seção 96462010 da Mata da Prata / PA', 'COPILOTO', NULL, '+55 (061) 0408-6022' );
INSERT INTO funcionario ( cpf, nome, RG, endereco, cargo, equipe, telefoneCsv )
	VALUES ( '260.374.126-16', 'Julia Martins', '25894731682', 'Setor Monteiro, 13 Olhos D água 24530-793 Gonçalves de Lopes / PI', 'TECNICO', NULL, '+55 (081) 5429-1767' );
INSERT INTO funcionario ( cpf, nome, RG, endereco, cargo, equipe, telefoneCsv )
	VALUES ( '294.405.579-59', 'Ryan Cardoso,', '60357412915', 'Loteamento de Cardoso,, 19 Ermelinda 43677-268 da Cunha / SC', 'OPCAMERA', NULL, '(081) 4564-9394' );
INSERT INTO funcionario ( cpf, nome, RG, endereco, cargo, equipe, telefoneCsv )
	VALUES ( '237.184.783-93', 'Maria Carvalho', '51064978258', 'Viela Alves, 18 Vila Engenho Nogueira 14668444 da Rocha / CE', 'PILOTO', NULL, '+55 (051) 3825 4714' );
INSERT INTO funcionario ( cpf, nome, RG, endereco, cargo, equipe, telefoneCsv )
	VALUES ( '887.571.842-83', 'Stephany Martins', '06987341575', 'Alameda de da Costa, 73 Vila Independencia 3ª Seção 56487033 Gonçalves / MS', 'COPILOTO', NULL, '61 9370 4208' );
INSERT INTO funcionario ( cpf, nome, RG, endereco, cargo, equipe, telefoneCsv )
	VALUES ( '151.577.867-60', 'Bruna da Rocha', '45708231653', 'Ladeira Castro, 61 Universo 79436-065 Dias / SP', 'COPILOTO', NULL, '+55 21 7925-6819' );
INSERT INTO funcionario ( cpf, nome, RG, endereco, cargo, equipe, telefoneCsv )
	VALUES ( '812.071.546-38', 'Matheus da Mota', '74830256117', 'Morro Barbosa, 2 Ermelinda 96237417 Nunes do Sul / GO', 'PILOTO', NULL, '+55 (031) 5450-6843' );
INSERT INTO funcionario ( cpf, nome, RG, endereco, cargo, equipe, telefoneCsv )
	VALUES ( '062.640.732-50', 'Yuri Novaes', '80392516721', 'Via Barbosa, 628 São Marcos 69419-938 Cunha das Pedras / RJ', 'TECNICO', NULL, '+55 51 035 6193' );
INSERT INTO funcionario ( cpf, nome, RG, endereco, cargo, equipe, telefoneCsv )
	VALUES ( '747.462.479-71', 'Diogo da Rocha', '31209648751', 'Loteamento Oliveira, 45 Cruzeiro 84628-340 Vieira da Praia / MT', 'COPILOTO', NULL, '41 2582 9272' );

/* TABLE tecnico */
INSERT INTO tecnico ( cpf, especialidade )
	VALUES ( '489.655.378-01', 'Corporis iste rem nam. Esse dolorem deserunt saepe. Dolorum laudantium quasi poss' );
INSERT INTO tecnico ( cpf, especialidade )
	VALUES ( '062.640.732-50', 'Occaecati animi pariatur deserunt repellendus officia nostrum quia. Harum a' );
INSERT INTO tecnico ( cpf, especialidade )
	VALUES ( '763.502.159-79', 'Esse totam nemo odio. Ea est rerum rem.Minus nostrum optio facere quaerat repellat. Iure eveniet voluptas a.' );
INSERT INTO tecnico ( cpf, especialidade )
	VALUES ( '790.123.106-38', 'Provident esse sapiente provident debitis odio atque. Sequi numquam nemo voluptatem.' );
INSERT INTO tecnico ( cpf, especialidade )
	VALUES ( '747.462.479-71', 'Aliquam atque assumenda quidem officiis vel. Laboriosam laudantium saepe alias aliquam commodi s' );
INSERT INTO tecnico ( cpf, especialidade )
	VALUES ( '260.374.126-16', 'Itaque occaecati illum magnam ducimus. Natus fuga facilis recusandae voluptat' );
INSERT INTO tecnico ( cpf, especialidade )
	VALUES ( '426.909.183-65', 'Ab odio ratione sequi maxime quod dolores.Nam culpa possimus excepturi explicabo quod facilis. Earum est offic' );
INSERT INTO tecnico ( cpf, especialidade )
	VALUES ( '812.071.546-38', 'Rerum commodi dolorum mollitia reprehenderit ullam. Natus in ullam quibu' );
INSERT INTO tecnico ( cpf, especialidade )
	VALUES ( '887.571.842-83', 'Eaque alias sequi dolorem. Omnis quibusdam magnam eum excepturi vel.Quod blanditiis perspiciatis quo earu' );
INSERT INTO tecnico ( cpf, especialidade )
	VALUES ( '578.237.094-58', 'Fugiat eaque pariatur maxime illo aut nisi. Officiis fuga exercitationem laboriosam. Sequi reprehenderit aspernatur eaq' );
INSERT INTO tecnico ( cpf, especialidade )
	VALUES ( '558.105.063-81', 'Fugit repellat ad expedita repudiandae voluptate.Nobis ratione eligendi nostrum aliquid ratione quidem ' );
INSERT INTO tecnico ( cpf, especialidade )
	VALUES ( '197.150.083-52', 'Error illum totam in porro quia. Distinctio itaque in in adipisci rerum. Molestiae ei' );
INSERT INTO tecnico ( cpf, especialidade )
	VALUES ( '270.274.957-70', 'Saepe doloremque voluptate placeat placeat. Quod quae optio dignissimos. Iusto vit' );
INSERT INTO tecnico ( cpf, especialidade )
	VALUES ( '294.405.579-59', 'Tenetur atque molestias fugiat minima nisi omnis. Alias voluptatibus ' );
INSERT INTO tecnico ( cpf, especialidade )
	VALUES ( '151.577.867-60', 'Ullam aperiam consequatur. Et mollitia odit accusamus tempore in.Placeat quidem inventore rerum odit deleniti. Eum beatae' );
INSERT INTO tecnico ( cpf, especialidade )
	VALUES ( '979.525.427-91', 'Repellat vitae occaecati dolore dolorem. Temporibus sapiente quaerat minima volup' );
INSERT INTO tecnico ( cpf, especialidade )
	VALUES ( '463.638.965-25', 'Fugit et error rem aspernatur. Debitis excepturi possimus debitis quisquam consequuntur.' );
INSERT INTO tecnico ( cpf, especialidade )
	VALUES ( '335.756.462-82', 'Similique velit numquam nostrum. Autem necessitatibus officiis totam animi magnam. Debitis aspernatur numquam a' );
INSERT INTO tecnico ( cpf, especialidade )
	VALUES ( '237.184.783-93', 'Sint animi numquam suscipit eaque. Doloremque at tempore modi distinctio natus in. Amet quisquam hic repell' );
INSERT INTO tecnico ( cpf, especialidade )
	VALUES ( '259.582.620-49', 'Praesentium inventore quo vero. Tempore deserunt quae omnis earum vitae' );

/* TABLE copiloto */
INSERT INTO copiloto ( cpf, habilitacao )
	VALUES ( '463.638.965-25', 'Eos corrupti' );
INSERT INTO copiloto ( cpf, habilitacao )
	VALUES ( '812.071.546-38', 'Occaecati as' );
INSERT INTO copiloto ( cpf, habilitacao )
	VALUES ( '197.150.083-52', 'Eos aperiam ' );
INSERT INTO copiloto ( cpf, habilitacao )
	VALUES ( '887.571.842-83', 'Fugit offici' );
INSERT INTO copiloto ( cpf, habilitacao )
	VALUES ( '489.655.378-01', 'Harum sed ex' );
INSERT INTO copiloto ( cpf, habilitacao )
	VALUES ( '294.405.579-59', 'Quae odio su' );
INSERT INTO copiloto ( cpf, habilitacao )
	VALUES ( '426.909.183-65', 'Maxime sunt ' );
INSERT INTO copiloto ( cpf, habilitacao )
	VALUES ( '151.577.867-60', 'Suscipit nam' );
INSERT INTO copiloto ( cpf, habilitacao )
	VALUES ( '790.123.106-38', 'Ad debitis q' );
INSERT INTO copiloto ( cpf, habilitacao )
	VALUES ( '237.184.783-93', 'Aperiam face' );
INSERT INTO copiloto ( cpf, habilitacao )
	VALUES ( '270.274.957-70', 'Perspiciatis' );
INSERT INTO copiloto ( cpf, habilitacao )
	VALUES ( '578.237.094-58', 'Doloremque q' );
INSERT INTO copiloto ( cpf, habilitacao )
	VALUES ( '979.525.427-91', 'Ut reiciendi' );
INSERT INTO copiloto ( cpf, habilitacao )
	VALUES ( '335.756.462-82', 'Ab porro inc' );
INSERT INTO copiloto ( cpf, habilitacao )
	VALUES ( '260.374.126-16', 'Sunt repelle' );
INSERT INTO copiloto ( cpf, habilitacao )
	VALUES ( '558.105.063-81', 'Placeat quis' );
INSERT INTO copiloto ( cpf, habilitacao )
	VALUES ( '062.640.732-50', 'Repellendus ' );
INSERT INTO copiloto ( cpf, habilitacao )
	VALUES ( '259.582.620-49', 'Incidunt neq' );
INSERT INTO copiloto ( cpf, habilitacao )
	VALUES ( '763.502.159-79', 'Eligendi mol' );
INSERT INTO copiloto ( cpf, habilitacao )
	VALUES ( '747.462.479-71', 'Sapiente con' );

/* TABLE piloto */
INSERT INTO piloto ( cpf, habilitacao )
	VALUES ( '294.405.579-59', 'Architecto v' );
INSERT INTO piloto ( cpf, habilitacao )
	VALUES ( '426.909.183-65', 'Ab id volupt' );
INSERT INTO piloto ( cpf, habilitacao )
	VALUES ( '558.105.063-81', 'Provident di' );
INSERT INTO piloto ( cpf, habilitacao )
	VALUES ( '747.462.479-71', 'Repudiandae ' );
INSERT INTO piloto ( cpf, habilitacao )
	VALUES ( '335.756.462-82', 'Officiis quo' );
INSERT INTO piloto ( cpf, habilitacao )
	VALUES ( '763.502.159-79', 'Quas illum e' );
INSERT INTO piloto ( cpf, habilitacao )
	VALUES ( '979.525.427-91', 'Quae dolorem' );
INSERT INTO piloto ( cpf, habilitacao )
	VALUES ( '260.374.126-16', 'Totam volupt' );
INSERT INTO piloto ( cpf, habilitacao )
	VALUES ( '062.640.732-50', 'Eos suscipit' );
INSERT INTO piloto ( cpf, habilitacao )
	VALUES ( '489.655.378-01', 'Eos optio bl' );
INSERT INTO piloto ( cpf, habilitacao )
	VALUES ( '197.150.083-52', 'Vitae quisqu' );
INSERT INTO piloto ( cpf, habilitacao )
	VALUES ( '151.577.867-60', 'Veritatis oc' );
INSERT INTO piloto ( cpf, habilitacao )
	VALUES ( '812.071.546-38', 'Quibusdam il' );
INSERT INTO piloto ( cpf, habilitacao )
	VALUES ( '790.123.106-38', 'Natus sequi ' );
INSERT INTO piloto ( cpf, habilitacao )
	VALUES ( '463.638.965-25', 'Amet dolor a' );
INSERT INTO piloto ( cpf, habilitacao )
	VALUES ( '270.274.957-70', 'Neque ut sim' );
INSERT INTO piloto ( cpf, habilitacao )
	VALUES ( '578.237.094-58', 'Tempore dolo' );
INSERT INTO piloto ( cpf, habilitacao )
	VALUES ( '259.582.620-49', 'Reprehenderi' );
INSERT INTO piloto ( cpf, habilitacao )
	VALUES ( '237.184.783-93', 'Molestias mo' );
INSERT INTO piloto ( cpf, habilitacao )
	VALUES ( '887.571.842-83', 'Beatae maior' );

/* TABLE assistente */
INSERT INTO assistente ( cpf )
	VALUES ( '062.640.732-50' );
INSERT INTO assistente ( cpf )
	VALUES ( '979.525.427-91' );
INSERT INTO assistente ( cpf )
	VALUES ( '259.582.620-49' );
INSERT INTO assistente ( cpf )
	VALUES ( '260.374.126-16' );
INSERT INTO assistente ( cpf )
	VALUES ( '489.655.378-01' );
INSERT INTO assistente ( cpf )
	VALUES ( '270.274.957-70' );
INSERT INTO assistente ( cpf )
	VALUES ( '812.071.546-38' );
INSERT INTO assistente ( cpf )
	VALUES ( '578.237.094-58' );
INSERT INTO assistente ( cpf )
	VALUES ( '151.577.867-60' );
INSERT INTO assistente ( cpf )
	VALUES ( '463.638.965-25' );
INSERT INTO assistente ( cpf )
	VALUES ( '197.150.083-52' );
INSERT INTO assistente ( cpf )
	VALUES ( '887.571.842-83' );
INSERT INTO assistente ( cpf )
	VALUES ( '335.756.462-82' );
INSERT INTO assistente ( cpf )
	VALUES ( '747.462.479-71' );
INSERT INTO assistente ( cpf )
	VALUES ( '763.502.159-79' );
INSERT INTO assistente ( cpf )
	VALUES ( '790.123.106-38' );
INSERT INTO assistente ( cpf )
	VALUES ( '237.184.783-93' );
INSERT INTO assistente ( cpf )
	VALUES ( '558.105.063-81' );
INSERT INTO assistente ( cpf )
	VALUES ( '294.405.579-59' );
INSERT INTO assistente ( cpf )
	VALUES ( '426.909.183-65' );

/* TABLE opCamera */
INSERT INTO opCamera ( cpf, inicioCarreira )
	VALUES ( '426.909.183-65', to_date ('2001-03-10', 'YYYY-MM-DD') );
INSERT INTO opCamera ( cpf, inicioCarreira )
	VALUES ( '790.123.106-38', to_date ('2013-10-29', 'YYYY-MM-DD') );
INSERT INTO opCamera ( cpf, inicioCarreira )
	VALUES ( '270.274.957-70', to_date ('2005-06-20', 'YYYY-MM-DD') );
INSERT INTO opCamera ( cpf, inicioCarreira )
	VALUES ( '763.502.159-79', to_date ('2013-07-02', 'YYYY-MM-DD') );
INSERT INTO opCamera ( cpf, inicioCarreira )
	VALUES ( '237.184.783-93', to_date ('2015-10-30', 'YYYY-MM-DD') );
INSERT INTO opCamera ( cpf, inicioCarreira )
	VALUES ( '887.571.842-83', to_date ('2007-01-15', 'YYYY-MM-DD') );
INSERT INTO opCamera ( cpf, inicioCarreira )
	VALUES ( '260.374.126-16', to_date ('2015-12-02', 'YYYY-MM-DD') );
INSERT INTO opCamera ( cpf, inicioCarreira )
	VALUES ( '294.405.579-59', to_date ('2014-12-08', 'YYYY-MM-DD') );
INSERT INTO opCamera ( cpf, inicioCarreira )
	VALUES ( '812.071.546-38', to_date ('2018-02-16', 'YYYY-MM-DD') );
INSERT INTO opCamera ( cpf, inicioCarreira )
	VALUES ( '259.582.620-49', to_date ('2013-09-19', 'YYYY-MM-DD') );
INSERT INTO opCamera ( cpf, inicioCarreira )
	VALUES ( '979.525.427-91', to_date ('2001-09-11', 'YYYY-MM-DD') );
INSERT INTO opCamera ( cpf, inicioCarreira )
	VALUES ( '335.756.462-82', to_date ('2007-12-14', 'YYYY-MM-DD') );
INSERT INTO opCamera ( cpf, inicioCarreira )
	VALUES ( '463.638.965-25', to_date ('2014-01-12', 'YYYY-MM-DD') );
INSERT INTO opCamera ( cpf, inicioCarreira )
	VALUES ( '558.105.063-81', to_date ('2012-05-04', 'YYYY-MM-DD') );
INSERT INTO opCamera ( cpf, inicioCarreira )
	VALUES ( '489.655.378-01', to_date ('2015-08-22', 'YYYY-MM-DD') );
INSERT INTO opCamera ( cpf, inicioCarreira )
	VALUES ( '151.577.867-60', to_date ('2010-01-02', 'YYYY-MM-DD') );
INSERT INTO opCamera ( cpf, inicioCarreira )
	VALUES ( '578.237.094-58', to_date ('2015-09-27', 'YYYY-MM-DD') );
INSERT INTO opCamera ( cpf, inicioCarreira )
	VALUES ( '197.150.083-52', to_date ('2010-01-12', 'YYYY-MM-DD') );
INSERT INTO opCamera ( cpf, inicioCarreira )
	VALUES ( '062.640.732-50', to_date ('2007-09-05', 'YYYY-MM-DD') );
INSERT INTO opCamera ( cpf, inicioCarreira )
	VALUES ( '747.462.479-71', to_date ('2000-10-03', 'YYYY-MM-DD') );

/* TABLE equipamento */
/* NULL INSERTION FOR ATTRIBUTEdescricaoAT TABLEequipamento */
INSERT INTO equipamento ( modelo, nome, quantidade, marca, descricao, tipo )
	VALUES ( 'Necessitatibus officia minima vel accusamus id consequatur. Erro', 'Isaac Gomes', 865385, 'Vitae non exercitationem te', NULL, 'CAMERA' );
/* NULL INSERTION FOR ATTRIBUTEmarcaAT TABLEequipamento */
INSERT INTO equipamento ( modelo, nome, quantidade, marca, descricao, tipo )
	VALUES ( 'Nihil repellat libero. Qui minima in laboriosam', 'Maria Alice Monteiro', 833646, NULL, 'Magni velit eius voluptatum voluptate velit. Laborum nemo animi perspiciatis. Expedita magnam id. Fugiat dicta dignissimos similique. Asperiores deleniti maxime placeat dolorem', 'CAMERA' );
INSERT INTO equipamento ( modelo, nome, quantidade, marca, descricao, tipo )
	VALUES ( 'Itaque dicta beatae quod voluptas magni praesentium illu', 'Ana Sophia Barbosa', 649440, 'In quidem laborios', 'Dolore labore laudantium impedit ea. Iusto illum laborum deleniti enim odit. Velit cum amet earum voluptate. Suscipit qui vel excepturi nobis magni', 'CAMERA' );
INSERT INTO equipamento ( modelo, nome, quantidade, marca, descricao, tipo )
	VALUES ( 'Numquam voluptatibus doloribus dol', 'Ryan Viana', 857008, 'Iste incidunt delen', 'Libero omnis molestiae fuga at atque deserunt est. Quis nisi incidunt quia. Perferendis autem iste. Quibusdam dolorum veniam perspiciatis tempore', 'DRONE' );
INSERT INTO equipamento ( modelo, nome, quantidade, marca, descricao, tipo )
	VALUES ( 'Quibusdam sint veniam maiores natus earum. Exercitationem eos l', 'Vicente Araújo', 368160, 'Veritatis nisi similique quis ', 'Ut tempora consequatur alias eveniet. Unde beatae molestiae iure optio molestias eos. Iusto quo excepturi ea possimus', 'DRONE' );
INSERT INTO equipamento ( modelo, nome, quantidade, marca, descricao, tipo )
	VALUES ( 'Minima enim provident debitis. Do', 'Dra. Luna Monteiro', 237362, 'Commodi natus vel o', 'Reiciendis assumenda quaerat repudiandae totam atque suscipit. Id laudantium repellendus a. Corrupti architecto natus repellat ducimus dolore placeat id', 'CAMERA' );
INSERT INTO equipamento ( modelo, nome, quantidade, marca, descricao, tipo )
	VALUES ( 'Ab autem dignissimos perferendis aspernatur. Reiciendis quasi ', 'Srta. Ana Luiza da Mata', 302449, 'Magnam neque unde labore soluta ', 'Ipsa eveniet doloribus minus. Fugit repellat molestias. Dignissimos commodi neque soluta. Recusandae doloremque quod inventore labore dolorum ratione', 'SONORIZACAO' );
INSERT INTO equipamento ( modelo, nome, quantidade, marca, descricao, tipo )
	VALUES ( 'Facilis eum nihil aperiam ex vitae. Ad', 'Dr. Henrique Carvalho', 122228, 'Rem facere quam ipsum haru', 'Quas cum culpa et expedita ipsam consectetur. Saepe dolores totam inventore beatae. Eum sequi eligendi ipsam sequi quam voluptas velit. Alias voluptatibus quis', 'CAMERA' );
INSERT INTO equipamento ( modelo, nome, quantidade, marca, descricao, tipo )
	VALUES ( 'Iure facere doloribus vel in aut. Error dicta ', 'Yago Campos', 697804, 'Eveniet velit illum ', 'Aperiam quas earum laborum consectetur officiis architecto. Deleniti nisi ab. Accusantium deleniti fugiat quisquam architecto', 'SONORIZACAO' );
INSERT INTO equipamento ( modelo, nome, quantidade, marca, descricao, tipo )
	VALUES ( 'Consequatur amet sint rerum vel omnis non. Corporis dolorem lau', 'Maria Eduarda da Luz', 695982, 'Minima architecto blanditii', 'Quis soluta iure sunt ipsum sed placeat aut. Qui officiis doloremque enim nesciunt quos. Veritatis amet rem quos consequuntur', 'ESTRUTURACAO' );
INSERT INTO equipamento ( modelo, nome, quantidade, marca, descricao, tipo )
	VALUES ( 'Neque eos tempora similique. Commodi dolores atque temporibus b', 'Vitor Gabriel Castro', 743839, 'Officiis vero quibu', 'Quae animi ipsam aut ipsam itaque. Vitae aut suscipit similique tempore. Nisi doloremque corrupti reprehenderit. Sint unde qui architecto perferendis', 'ESTRUTURACAO' );
INSERT INTO equipamento ( modelo, nome, quantidade, marca, descricao, tipo )
	VALUES ( 'Aut iste eos deleniti repudiandae ullam. Voluptas accusamu', 'Lara Duarte', 663774, 'Inventore vel minus s', 'Minima id laboriosam occaecati fugiat a cum. Ipsam voluptatum blanditiis. Quasi quasi rem suscipit', 'CAMERA' );
INSERT INTO equipamento ( modelo, nome, quantidade, marca, descricao, tipo )
	VALUES ( 'Ea voluptatum dicta quis vel. Eveniet distinct', 'Carolina Silva', 647236, 'Perspiciatis expedita deseru', 'Consectetur architecto accusantium architecto. Saepe ea doloremque sunt impedit. Assumenda laboriosam quam quia totam eveniet esse molestiae', 'SONORIZACAO' );
INSERT INTO equipamento ( modelo, nome, quantidade, marca, descricao, tipo )
	VALUES ( 'Natus nemo sunt ad illum amet. Qui reprehenderit pari', 'Bianca FariasFernandes', 587632, 'Error quidem molestiae mag', 'Nostrum eos maiores cupiditate. Maxime at sunt odio sunt. Quas illum ipsam id. Aut tempora similique doloremque cumque', 'SONORIZACAO' );
INSERT INTO equipamento ( modelo, nome, quantidade, marca, descricao, tipo )
	VALUES ( 'Sint reiciendis eos. Ipsum ducimus porro eum excepturi', 'Srta. Heloísa Pereira', 661250, 'Odit ducimus ipsam nam harum nis', 'Commodi corporis consectetur molestiae aliquam mollitia iusto. Voluptate est dignissimos eveniet. Nisi modi natus laboriosam enim. Id cumque aspernatur quos harum', 'ESTRUTURACAO' );
INSERT INTO equipamento ( modelo, nome, quantidade, marca, descricao, tipo )
	VALUES ( 'At architecto qui officia in quae', 'Natália da Mota', 673368, 'Minus eum voluptat', 'Fugiat earum iure laboriosam totam rerum. Beatae praesentium alias libero debitis natus. Ipsam enim debitis. Maiores incidunt error. Corporis ipsa est commodi', 'SONORIZACAO' );
INSERT INTO equipamento ( modelo, nome, quantidade, marca, descricao, tipo )
	VALUES ( 'Molestiae eos nam et sequi tenetur. Esse perspi', 'Sr. Luigi Silveira', 208080, 'Ratione facere i', 'Voluptates velit distinctio mollitia nobis nesciunt. Nesciunt laudantium earum officiis delectus tenetur', 'CAMERA' );
INSERT INTO equipamento ( modelo, nome, quantidade, marca, descricao, tipo )
	VALUES ( 'Cum nulla quo quam quidem eveniet temporibus. Laborum ', 'Nina Silveira', 183841, 'Distinctio offici', 'Iste ullam beatae omnis perferendis ex perferendis molestias. Soluta in earum necessitatibus ea', 'DRONE' );
INSERT INTO equipamento ( modelo, nome, quantidade, marca, descricao, tipo )
	VALUES ( 'Atque laborum quae asperiores quae consequatur. Eveniet ', 'Alícia Monteiro', 587826, 'Natus placeat iusto vo', 'Ullam nam doloribus consectetur asperiores in. Aliquam provident modi quasi. Magnam illum aliquam quibusdam vero iusto', 'ESTRUTURACAO' );
INSERT INTO equipamento ( modelo, nome, quantidade, marca, descricao, tipo )
	VALUES ( 'Rem magnam ab eaque. Magni voluptates sit tempora ', 'Vicente Rodrigues', 785717, 'Odit quis in dolorem harum', 'Veniam nulla ipsa aliquid veritatis ipsam accusantium', 'SONORIZACAO' );
INSERT INTO equipamento ( modelo, nome, quantidade, marca, descricao, tipo )
	VALUES ( 'Qui accusantium saepe quis. Ullam', 'Benjamin Vieira', 560063, 'Aspernatur doloribus mi', 'Excepturi repudiandae dolorem accusantium fuga corrupti doloremque. Velit dolores corporis. In ex velit asperiores facere dolorem', 'CAMERA' );
INSERT INTO equipamento ( modelo, nome, quantidade, marca, descricao, tipo )
	VALUES ( 'Repellendus commodi totam magni quis et ipsam', 'Beatriz Cunha', 558641, 'Tempore occaecati illo quae ', 'Eum quaerat minima aperiam velit natus. Nulla perspiciatis quae qui eos perferendis eveniet. Optio atque laboriosam aut excepturi autem. Cum officia inventore placeat in rerum', 'ESTRUTURACAO' );

/* TABLE estruturacao */
INSERT INTO estruturacao ( id )
	VALUES ( 11 );
INSERT INTO estruturacao ( id )
	VALUES ( 2 );
INSERT INTO estruturacao ( id )
	VALUES ( 9 );
INSERT INTO estruturacao ( id )
	VALUES ( 13 );
INSERT INTO estruturacao ( id )
	VALUES ( 19 );
INSERT INTO estruturacao ( id )
	VALUES ( 5 );
INSERT INTO estruturacao ( id )
	VALUES ( 17 );
INSERT INTO estruturacao ( id )
	VALUES ( 16 );
INSERT INTO estruturacao ( id )
	VALUES ( 4 );
INSERT INTO estruturacao ( id )
	VALUES ( 12 );
INSERT INTO estruturacao ( id )
	VALUES ( 20 );
INSERT INTO estruturacao ( id )
	VALUES ( 18 );
INSERT INTO estruturacao ( id )
	VALUES ( 6 );
INSERT INTO estruturacao ( id )
	VALUES ( 14 );
INSERT INTO estruturacao ( id )
	VALUES ( 7 );
INSERT INTO estruturacao ( id )
	VALUES ( 1 );
INSERT INTO estruturacao ( id )
	VALUES ( 10 );
INSERT INTO estruturacao ( id )
	VALUES ( 8 );
INSERT INTO estruturacao ( id )
	VALUES ( 15 );
INSERT INTO estruturacao ( id )
	VALUES ( 3 );

/* TABLE drone */
INSERT INTO drone ( id, fonteAlimentacao, tempoMaxVoo, alcanceRemoto )
	VALUES ( 6, 'Ipsam in accusamus deleniti. Perferendis dolo', 118958, 867399 );
INSERT INTO drone ( id, fonteAlimentacao, tempoMaxVoo, alcanceRemoto )
	VALUES ( 18, 'Corrupti pariatur veniam quas. Voluptatem sit maxime nam n', 559111, 300996 );
INSERT INTO drone ( id, fonteAlimentacao, tempoMaxVoo, alcanceRemoto )
	VALUES ( 15, 'Non possimus porro laudantium blanditiis. Illum temporibus vo', 768002, 371431 );
INSERT INTO drone ( id, fonteAlimentacao, tempoMaxVoo, alcanceRemoto )
	VALUES ( 17, 'Quia similique est aspernatur consectetur perfe', 595050, 233112 );
INSERT INTO drone ( id, fonteAlimentacao, tempoMaxVoo, alcanceRemoto )
	VALUES ( 7, 'Provident sint mollitia recusand', 897641, 480774 );
INSERT INTO drone ( id, fonteAlimentacao, tempoMaxVoo, alcanceRemoto )
	VALUES ( 2, 'Provident quo magnam quos molestiae occaecati. Sunt amet numqua', 728820, 291264 );
INSERT INTO drone ( id, fonteAlimentacao, tempoMaxVoo, alcanceRemoto )
	VALUES ( 5, 'Soluta aperiam tempore doloribus qui. Dignissimos ', 713197, 558797 );
INSERT INTO drone ( id, fonteAlimentacao, tempoMaxVoo, alcanceRemoto )
	VALUES ( 4, 'Repellendus sed perspiciatis num', 208644, 826125 );
INSERT INTO drone ( id, fonteAlimentacao, tempoMaxVoo, alcanceRemoto )
	VALUES ( 3, 'Pariatur magni officia cupiditate fuga dolores. ', 520365, 239425 );
INSERT INTO drone ( id, fonteAlimentacao, tempoMaxVoo, alcanceRemoto )
	VALUES ( 9, 'Asperiores enim laudantium perfer', 560306, 821561 );
INSERT INTO drone ( id, fonteAlimentacao, tempoMaxVoo, alcanceRemoto )
	VALUES ( 8, 'Provident corrupti dignissimos ad la', 462608, 634896 );
INSERT INTO drone ( id, fonteAlimentacao, tempoMaxVoo, alcanceRemoto )
	VALUES ( 10, 'Velit assumenda architecto accus', 536057, 261407 );
INSERT INTO drone ( id, fonteAlimentacao, tempoMaxVoo, alcanceRemoto )
	VALUES ( 11, 'Similique numquam ea odit. Libero tempora cupi', 406720, 389934 );
INSERT INTO drone ( id, fonteAlimentacao, tempoMaxVoo, alcanceRemoto )
	VALUES ( 13, 'Dolore quia atque aspernatur ullam volup', 207020, 105401 );
INSERT INTO drone ( id, fonteAlimentacao, tempoMaxVoo, alcanceRemoto )
	VALUES ( 19, 'Vero reprehenderit eius temporibus ea incid', 161644, 246427 );
INSERT INTO drone ( id, fonteAlimentacao, tempoMaxVoo, alcanceRemoto )
	VALUES ( 14, 'Reprehenderit eaque quos inventore. Numquam magni sunt ', 579419, 604747 );
INSERT INTO drone ( id, fonteAlimentacao, tempoMaxVoo, alcanceRemoto )
	VALUES ( 1, 'Est cupiditate voluptatem adipisci mi', 204510, 151985 );
INSERT INTO drone ( id, fonteAlimentacao, tempoMaxVoo, alcanceRemoto )
	VALUES ( 20, 'Eos impedit excepturi fugiat quam hic optio.Eligendi min', 601039, 410370 );
INSERT INTO drone ( id, fonteAlimentacao, tempoMaxVoo, alcanceRemoto )
	VALUES ( 16, 'Similique quas optio.Ratione rem ipsa', 805231, 616588 );
INSERT INTO drone ( id, fonteAlimentacao, tempoMaxVoo, alcanceRemoto )
	VALUES ( 12, 'Repellat debitis repudiandae qui. Praesentium ', 806061, 577575 );

/* TABLE sonorizacao */
INSERT INTO sonorizacao ( id, potencia, posseEise )
	VALUES ( 15, 527304, FALSE );
INSERT INTO sonorizacao ( id, potencia, posseEise )
	VALUES ( 12, 145038, FALSE );
INSERT INTO sonorizacao ( id, potencia, posseEise )
	VALUES ( 20, 483746, FALSE );
INSERT INTO sonorizacao ( id, potencia, posseEise )
	VALUES ( 14, 175258, FALSE );
INSERT INTO sonorizacao ( id, potencia, posseEise )
	VALUES ( 7, 899566, FALSE );
INSERT INTO sonorizacao ( id, potencia, posseEise )
	VALUES ( 17, 170859, FALSE );
INSERT INTO sonorizacao ( id, potencia, posseEise )
	VALUES ( 13, 457042, FALSE );
INSERT INTO sonorizacao ( id, potencia, posseEise )
	VALUES ( 2, 737932, TRUE );
INSERT INTO sonorizacao ( id, potencia, posseEise )
	VALUES ( 1, 469513, TRUE );
INSERT INTO sonorizacao ( id, potencia, posseEise )
	VALUES ( 3, 410690, FALSE );
INSERT INTO sonorizacao ( id, potencia, posseEise )
	VALUES ( 4, 304036, TRUE );
INSERT INTO sonorizacao ( id, potencia, posseEise )
	VALUES ( 11, 266415, TRUE );
INSERT INTO sonorizacao ( id, potencia, posseEise )
	VALUES ( 18, 135611, FALSE );
INSERT INTO sonorizacao ( id, potencia, posseEise )
	VALUES ( 5, 273227, TRUE );
INSERT INTO sonorizacao ( id, potencia, posseEise )
	VALUES ( 19, 517990, TRUE );
INSERT INTO sonorizacao ( id, potencia, posseEise )
	VALUES ( 9, 359482, TRUE );
INSERT INTO sonorizacao ( id, potencia, posseEise )
	VALUES ( 6, 227779, FALSE );
INSERT INTO sonorizacao ( id, potencia, posseEise )
	VALUES ( 16, 381483, FALSE );
INSERT INTO sonorizacao ( id, potencia, posseEise )
	VALUES ( 10, 280560, TRUE );
INSERT INTO sonorizacao ( id, potencia, posseEise )
	VALUES ( 8, 321790, TRUE );

/* TABLE camera */
INSERT INTO camera ( id, fonteAlimentacao, certificacaoIP, resistenteQueda, visaoNoturna, zoomLongoAlcance, estabilizadorImagem, conectividade )
	VALUES ( 20, 'Facere totam aliquam possimus cum ven', 'IP11', FALSE, FALSE, TRUE, FALSE, 'Impedit nisi beatae autem. Aspernatur impedit voluptatibus delec' );
INSERT INTO camera ( id, fonteAlimentacao, certificacaoIP, resistenteQueda, visaoNoturna, zoomLongoAlcance, estabilizadorImagem, conectividade )
	VALUES ( 16, 'Praesentium fugiat eligendi.Mollitia dol', 'IP070', FALSE, FALSE, TRUE, TRUE, 'Minima provident pariatur aliquam quia asper' );
INSERT INTO camera ( id, fonteAlimentacao, certificacaoIP, resistenteQueda, visaoNoturna, zoomLongoAlcance, estabilizadorImagem, conectividade )
	VALUES ( 13, 'Consequatur ipsa impedit officia. Ratione officia ea', 'IP865', FALSE, TRUE, FALSE, TRUE, 'Laboriosam laborum voluptas doloribus n' );
INSERT INTO camera ( id, fonteAlimentacao, certificacaoIP, resistenteQueda, visaoNoturna, zoomLongoAlcance, estabilizadorImagem, conectividade )
	VALUES ( 1, 'Molestiae dicta provident facilis r', 'IP067g', FALSE, FALSE, FALSE, FALSE, 'Consequuntur consectetur earum di' );
INSERT INTO camera ( id, fonteAlimentacao, certificacaoIP, resistenteQueda, visaoNoturna, zoomLongoAlcance, estabilizadorImagem, conectividade )
	VALUES ( 14, 'Delectus velit incidunt enim quos dolorum aliquid. Esse ', 'IP90y', TRUE, FALSE, TRUE, FALSE, 'Facere voluptates ipsum quidem quam expedita facilis. Ita' );
INSERT INTO camera ( id, fonteAlimentacao, certificacaoIP, resistenteQueda, visaoNoturna, zoomLongoAlcance, estabilizadorImagem, conectividade )
	VALUES ( 19, 'Nobis soluta corporis exercitationem fugit ea. ', 'IP05', FALSE, TRUE, TRUE, FALSE, 'Expedita quos beatae consequuntur officiis rerum. Dignissimos ' );
INSERT INTO camera ( id, fonteAlimentacao, certificacaoIP, resistenteQueda, visaoNoturna, zoomLongoAlcance, estabilizadorImagem, conectividade )
	VALUES ( 17, 'Esse corrupti laboriosam ea assumenda facilis qui. Eius ', 'IP69I', FALSE, TRUE, FALSE, TRUE, 'Consectetur molestiae commodi qui ' );
INSERT INTO camera ( id, fonteAlimentacao, certificacaoIP, resistenteQueda, visaoNoturna, zoomLongoAlcance, estabilizadorImagem, conectividade )
	VALUES ( 7, 'Nisi eaque assumenda a illum. Quos esse aut consequat', 'IP237U', TRUE, TRUE, TRUE, FALSE, 'Dignissimos saepe aperiam debitis pariatur. Possimus veniam ex' );
INSERT INTO camera ( id, fonteAlimentacao, certificacaoIP, resistenteQueda, visaoNoturna, zoomLongoAlcance, estabilizadorImagem, conectividade )
	VALUES ( 3, 'Consequuntur quibusdam est. Ipsum volu', 'IP869c', TRUE, FALSE, TRUE, TRUE, 'Est molestiae optio perferendis iure dolo' );
INSERT INTO camera ( id, fonteAlimentacao, certificacaoIP, resistenteQueda, visaoNoturna, zoomLongoAlcance, estabilizadorImagem, conectividade )
	VALUES ( 8, 'Natus ex animi non est et delectus. Exercitationem f', 'IP508', FALSE, TRUE, TRUE, TRUE, 'Maxime est quae deleniti ipsa. Vol' );
INSERT INTO camera ( id, fonteAlimentacao, certificacaoIP, resistenteQueda, visaoNoturna, zoomLongoAlcance, estabilizadorImagem, conectividade )
	VALUES ( 15, 'Magni illum reprehenderit perspiciatis illo nisi eaque.', 'IP272', TRUE, FALSE, FALSE, FALSE, 'Dolorem in labore explicabo ut consectetur. Ex nulla odio nesc' );
INSERT INTO camera ( id, fonteAlimentacao, certificacaoIP, resistenteQueda, visaoNoturna, zoomLongoAlcance, estabilizadorImagem, conectividade )
	VALUES ( 6, 'Asperiores minima eius voluptatem impedit facer', 'IP12Y', TRUE, FALSE, TRUE, FALSE, 'Consectetur quis sunt assumenda amet.Impedit er' );
INSERT INTO camera ( id, fonteAlimentacao, certificacaoIP, resistenteQueda, visaoNoturna, zoomLongoAlcance, estabilizadorImagem, conectividade )
	VALUES ( 10, 'Eos doloribus exercitationem libero prov', 'IP57l', FALSE, FALSE, FALSE, FALSE, 'Fugiat sit aliquam accusamus dolor. Eaque t' );
INSERT INTO camera ( id, fonteAlimentacao, certificacaoIP, resistenteQueda, visaoNoturna, zoomLongoAlcance, estabilizadorImagem, conectividade )
	VALUES ( 12, 'Optio voluptatibus soluta debitis. Aliqu', 'IP10', FALSE, TRUE, TRUE, TRUE, 'Hic architecto molestias illo possimu' );
INSERT INTO camera ( id, fonteAlimentacao, certificacaoIP, resistenteQueda, visaoNoturna, zoomLongoAlcance, estabilizadorImagem, conectividade )
	VALUES ( 18, 'Soluta voluptate quas magni illo minus. Esse cons', 'IP61g', TRUE, FALSE, TRUE, FALSE, 'Itaque nobis soluta dolorem. Quos nihil offici' );
INSERT INTO camera ( id, fonteAlimentacao, certificacaoIP, resistenteQueda, visaoNoturna, zoomLongoAlcance, estabilizadorImagem, conectividade )
	VALUES ( 4, 'Ab dicta nisi doloremque quaerat velit. Voluptates', 'IP467u', TRUE, FALSE, FALSE, TRUE, 'Earum quis laudantium libero. Aspernatur praesentium eum nequ' );
INSERT INTO camera ( id, fonteAlimentacao, certificacaoIP, resistenteQueda, visaoNoturna, zoomLongoAlcance, estabilizadorImagem, conectividade )
	VALUES ( 2, 'Non maxime quia facilis blanditiis maxi', 'IP735A', TRUE, FALSE, TRUE, TRUE, 'Quaerat totam et neque voluptas. Iste maxime nisi.Vo' );
INSERT INTO camera ( id, fonteAlimentacao, certificacaoIP, resistenteQueda, visaoNoturna, zoomLongoAlcance, estabilizadorImagem, conectividade )
	VALUES ( 5, 'Voluptatibus dignissimos ab veritatis. Commodi magni harum volu', 'IP77', FALSE, TRUE, TRUE, FALSE, 'Cum voluptates dolorem blanditiis. Ea corp' );
INSERT INTO camera ( id, fonteAlimentacao, certificacaoIP, resistenteQueda, visaoNoturna, zoomLongoAlcance, estabilizadorImagem, conectividade )
	VALUES ( 11, 'Aspernatur ducimus adipisci repell', 'IP691', TRUE, FALSE, FALSE, FALSE, 'Tenetur aliquam nisi molestias in. Officia perferendis reic' );
INSERT INTO camera ( id, fonteAlimentacao, certificacaoIP, resistenteQueda, visaoNoturna, zoomLongoAlcance, estabilizadorImagem, conectividade )
	VALUES ( 9, 'Animi nemo consectetur deserunt cumque perferendis', 'IP52D', FALSE, FALSE, TRUE, FALSE, 'Consequatur cupiditate vel doloremque ' );

/* TABLE registros */
INSERT INTO registros ( idDrone, registro )
	VALUES ( 20, 'Tenetur o' );
INSERT INTO registros ( idDrone, registro )
	VALUES ( 11, 'Odit volu' );
INSERT INTO registros ( idDrone, registro )
	VALUES ( 5, 'Asperiore' );
INSERT INTO registros ( idDrone, registro )
	VALUES ( 14, 'Commodi a' );
INSERT INTO registros ( idDrone, registro )
	VALUES ( 18, 'Molestiae' );
INSERT INTO registros ( idDrone, registro )
	VALUES ( 2, 'Quisquam ' );
INSERT INTO registros ( idDrone, registro )
	VALUES ( 3, 'Sint alia' );
INSERT INTO registros ( idDrone, registro )
	VALUES ( 20, 'Perspicia' );
INSERT INTO registros ( idDrone, registro )
	VALUES ( 13, 'Eveniet i' );
INSERT INTO registros ( idDrone, registro )
	VALUES ( 15, 'Natus neq' );
INSERT INTO registros ( idDrone, registro )
	VALUES ( 20, 'Exercitat' );
INSERT INTO registros ( idDrone, registro )
	VALUES ( 19, 'Optio vol' );
INSERT INTO registros ( idDrone, registro )
	VALUES ( 15, 'Aperiam c' );
INSERT INTO registros ( idDrone, registro )
	VALUES ( 9, 'Dolorum r' );
INSERT INTO registros ( idDrone, registro )
	VALUES ( 1, 'Architect' );
INSERT INTO registros ( idDrone, registro )
	VALUES ( 8, 'Eveniet n' );
INSERT INTO registros ( idDrone, registro )
	VALUES ( 13, 'Dolor com' );
INSERT INTO registros ( idDrone, registro )
	VALUES ( 7, 'Enim labo' );
INSERT INTO registros ( idDrone, registro )
	VALUES ( 5, 'Illo repu' );
INSERT INTO registros ( idDrone, registro )
	VALUES ( 20, 'Repellend' );

/* TABLE cameraAerea */
INSERT INTO cameraAerea ( camera, drone, data, quantidade )
	VALUES ( 17, 19, to_date ('2008-08-29', 'YYYY-MM-DD'), 302645 );
INSERT INTO cameraAerea ( camera, drone, data, quantidade )
	VALUES ( 4, 11, to_date ('2008-07-22', 'YYYY-MM-DD'), 375402 );
INSERT INTO cameraAerea ( camera, drone, data, quantidade )
	VALUES ( 7, 2, to_date ('2005-05-15', 'YYYY-MM-DD'), 760227 );
INSERT INTO cameraAerea ( camera, drone, data, quantidade )
	VALUES ( 14, 5, to_date ('2004-08-01', 'YYYY-MM-DD'), 432763 );
INSERT INTO cameraAerea ( camera, drone, data, quantidade )
	VALUES ( 15, 18, to_date ('2004-02-01', 'YYYY-MM-DD'), 478753 );
INSERT INTO cameraAerea ( camera, drone, data, quantidade )
	VALUES ( 16, 17, to_date ('2018-02-03', 'YYYY-MM-DD'), 529455 );
INSERT INTO cameraAerea ( camera, drone, data, quantidade )
	VALUES ( 17, 14, to_date ('2018-07-12', 'YYYY-MM-DD'), 299360 );
INSERT INTO cameraAerea ( camera, drone, data, quantidade )
	VALUES ( 9, 2, to_date ('2018-06-27', 'YYYY-MM-DD'), 579579 );
INSERT INTO cameraAerea ( camera, drone, data, quantidade )
	VALUES ( 1, 18, to_date ('2004-02-16', 'YYYY-MM-DD'), 596412 );
INSERT INTO cameraAerea ( camera, drone, data, quantidade )
	VALUES ( 3, 3, to_date ('2014-05-19', 'YYYY-MM-DD'), 243613 );
INSERT INTO cameraAerea ( camera, drone, data, quantidade )
	VALUES ( 19, 6, to_date ('2013-04-20', 'YYYY-MM-DD'), 515080 );
INSERT INTO cameraAerea ( camera, drone, data, quantidade )
	VALUES ( 19, 5, to_date ('2005-06-04', 'YYYY-MM-DD'), 391925 );
INSERT INTO cameraAerea ( camera, drone, data, quantidade )
	VALUES ( 8, 18, to_date ('2007-11-21', 'YYYY-MM-DD'), 597254 );
INSERT INTO cameraAerea ( camera, drone, data, quantidade )
	VALUES ( 19, 10, to_date ('2004-05-27', 'YYYY-MM-DD'), 605978 );
INSERT INTO cameraAerea ( camera, drone, data, quantidade )
	VALUES ( 15, 18, to_date ('2017-07-09', 'YYYY-MM-DD'), 282622 );
INSERT INTO cameraAerea ( camera, drone, data, quantidade )
	VALUES ( 12, 12, to_date ('2011-08-26', 'YYYY-MM-DD'), 508572 );
INSERT INTO cameraAerea ( camera, drone, data, quantidade )
	VALUES ( 17, 20, to_date ('2006-06-05', 'YYYY-MM-DD'), 384777 );
INSERT INTO cameraAerea ( camera, drone, data, quantidade )
	VALUES ( 11, 19, to_date ('2000-04-08', 'YYYY-MM-DD'), 737175 );
INSERT INTO cameraAerea ( camera, drone, data, quantidade )
	VALUES ( 18, 15, to_date ('2016-06-03', 'YYYY-MM-DD'), 566437 );
INSERT INTO cameraAerea ( camera, drone, data, quantidade )
	VALUES ( 17, 16, to_date ('2015-03-04', 'YYYY-MM-DD'), 480778 );

/* TABLE musico */
INSERT INTO musico ( cpf, nome )
	VALUES ( '656.471.042-14', 'Dr. Heitor das Neves' );
INSERT INTO musico ( cpf, nome )
	VALUES ( '112.731.990-55', 'Gustavo Henrique Vieira' );
INSERT INTO musico ( cpf, nome )
	VALUES ( '518.004.193-13', 'Pedro Miguel Fogaça' );
INSERT INTO musico ( cpf, nome )
	VALUES ( '952.003.137-83', 'Raquel da Costa' );
INSERT INTO musico ( cpf, nome )
	VALUES ( '177.211.693-03', 'Dr. Carlos Eduardo Costa' );
INSERT INTO musico ( cpf, nome )
	VALUES ( '771.885.245-42', 'Felipe Rodrigues' );
INSERT INTO musico ( cpf, nome )
	VALUES ( '135.703.393-81', 'Isis Vieira' );
INSERT INTO musico ( cpf, nome )
	VALUES ( '760.030.146-10', 'Isabel Jesus' );
INSERT INTO musico ( cpf, nome )
	VALUES ( '723.124.329-06', 'Sofia Martins' );
INSERT INTO musico ( cpf, nome )
	VALUES ( '102.554.060-64', 'Leandro Cavalcanti' );
INSERT INTO musico ( cpf, nome )
	VALUES ( '683.023.872-44', 'Sofia Nogueira' );
INSERT INTO musico ( cpf, nome )
	VALUES ( '630.516.603-11', 'Pedro Santos' );
INSERT INTO musico ( cpf, nome )
	VALUES ( '742.742.085-64', 'Luana Silva' );
INSERT INTO musico ( cpf, nome )
	VALUES ( '863.654.202-87', 'Dr. Luiz Felipe Castro' );
INSERT INTO musico ( cpf, nome )
	VALUES ( '959.774.865-91', 'Letícia Martins' );
INSERT INTO musico ( cpf, nome )
	VALUES ( '585.341.204-75', 'Isaac Fogaça' );
INSERT INTO musico ( cpf, nome )
	VALUES ( '037.532.774-34', 'Alexandre Monteiro' );
INSERT INTO musico ( cpf, nome )
	VALUES ( '510.641.664-24', 'Dra. Isabelly Castro' );
INSERT INTO musico ( cpf, nome )
	VALUES ( '777.622.537-48', 'Srta. Ana Carolina Santos' );
INSERT INTO musico ( cpf, nome )
	VALUES ( '663.980.413-00', 'Dra. Mariane Moraes' );

/* TABLE banda */
/* NULL INSERTION FOR ATTRIBUTEestiloMusicalAT TABLEbanda */
INSERT INTO banda ( nome, dataCriacao, estiloMusical, tipo )
	VALUES ( 'Olivia Correia', to_date ('2007-12-15', 'YYYY-MM-DD'), NULL, 'PARTICULAR' );
INSERT INTO banda ( nome, dataCriacao, estiloMusical, tipo )
	VALUES ( 'Arthur Vieira', to_date ('2002-07-22', 'YYYY-MM-DD'), 'Dolorem tenetur delectus laborum optio lauda', 'PARTICULAR' );
INSERT INTO banda ( nome, dataCriacao, estiloMusical, tipo )
	VALUES ( 'João Miguel das Neves', to_date ('2018-08-02', 'YYYY-MM-DD'), 'Asperiores placeat exercitationem porro.Ut iure ', 'CONTRATADA' );
INSERT INTO banda ( nome, dataCriacao, estiloMusical, tipo )
	VALUES ( 'Nina Almeida', to_date ('2000-04-07', 'YYYY-MM-DD'), 'Eum autem nostrum. Alias reiciendis maiores voluptat', 'CONTRATADA' );
INSERT INTO banda ( nome, dataCriacao, estiloMusical, tipo )
	VALUES ( 'Luiz Henrique Nunes', to_date ('2014-06-30', 'YYYY-MM-DD'), 'Unde asperiores ipsam natus. Occaecati', 'CONTRATADA' );
INSERT INTO banda ( nome, dataCriacao, estiloMusical, tipo )
	VALUES ( 'Levi Gonçalves', to_date ('2010-04-20', 'YYYY-MM-DD'), 'Blanditiis veritatis mollitia perfe', 'PARTICULAR' );
INSERT INTO banda ( nome, dataCriacao, estiloMusical, tipo )
	VALUES ( 'Dra. Luiza Almeida', to_date ('2000-12-23', 'YYYY-MM-DD'), 'Quis repellendus excepturi. Hic alias m', 'PARTICULAR' );
INSERT INTO banda ( nome, dataCriacao, estiloMusical, tipo )
	VALUES ( 'Sophie Ribeiro', to_date ('2004-07-27', 'YYYY-MM-DD'), 'Voluptates voluptatum cumque rerum nesciunt.Iusto quae suscipi', 'PARTICULAR' );
INSERT INTO banda ( nome, dataCriacao, estiloMusical, tipo )
	VALUES ( 'Emilly da Costa', to_date ('2002-05-05', 'YYYY-MM-DD'), 'Odio cumque quidem iure quaerat. S', 'CONTRATADA' );
INSERT INTO banda ( nome, dataCriacao, estiloMusical, tipo )
	VALUES ( 'Sophia das Neves', to_date ('2002-08-04', 'YYYY-MM-DD'), 'Itaque sequi magnam facilis quis reprehenderit qu', 'PARTICULAR' );
INSERT INTO banda ( nome, dataCriacao, estiloMusical, tipo )
	VALUES ( 'Maria Vitória da Cruz', to_date ('2003-12-21', 'YYYY-MM-DD'), 'Expedita molestiae sed unde error. A fac', 'CONTRATADA' );
INSERT INTO banda ( nome, dataCriacao, estiloMusical, tipo )
	VALUES ( 'Marina Pires', to_date ('2009-04-06', 'YYYY-MM-DD'), 'Repudiandae deleniti deserunt sunt facilis reprehende', 'PARTICULAR' );
INSERT INTO banda ( nome, dataCriacao, estiloMusical, tipo )
	VALUES ( 'Cauê Carvalho', to_date ('2009-03-17', 'YYYY-MM-DD'), 'Excepturi mollitia ab. Maxime quos pr', 'CONTRATADA' );
INSERT INTO banda ( nome, dataCriacao, estiloMusical, tipo )
	VALUES ( 'Eloah Viana', to_date ('2009-05-18', 'YYYY-MM-DD'), 'Magni ullam tempora labore facilis. Dolore perspiciatis accu', 'CONTRATADA' );
INSERT INTO banda ( nome, dataCriacao, estiloMusical, tipo )
	VALUES ( 'Daniela Freitas', to_date ('2004-11-07', 'YYYY-MM-DD'), 'Harum autem saepe exercitationem. Pariatur', 'PARTICULAR' );
INSERT INTO banda ( nome, dataCriacao, estiloMusical, tipo )
	VALUES ( 'Maria Eduarda Gomes', to_date ('2001-08-30', 'YYYY-MM-DD'), 'Repudiandae quas error corrupti et ipsa. Aliquid illum e', 'PARTICULAR' );
INSERT INTO banda ( nome, dataCriacao, estiloMusical, tipo )
	VALUES ( 'Pedro Miguel Viana', to_date ('2012-11-20', 'YYYY-MM-DD'), 'Laboriosam hic recusandae voluptatum. Suscipit distinct', 'CONTRATADA' );
INSERT INTO banda ( nome, dataCriacao, estiloMusical, tipo )
	VALUES ( 'Marcelo Cunha', to_date ('2005-11-07', 'YYYY-MM-DD'), 'Aliquam ullam animi dolorem doloribus', 'PARTICULAR' );
INSERT INTO banda ( nome, dataCriacao, estiloMusical, tipo )
	VALUES ( 'Isadora Nunes', to_date ('2014-08-23', 'YYYY-MM-DD'), 'Iure optio dolorum temporibus re', 'PARTICULAR' );
INSERT INTO banda ( nome, dataCriacao, estiloMusical, tipo )
	VALUES ( 'Erick da Rocha', to_date ('2006-04-24', 'YYYY-MM-DD'), 'Magni nam omnis enim numquam. Saepe delectu', 'CONTRATADA' );
INSERT INTO banda ( nome, dataCriacao, estiloMusical, tipo )
	VALUES ( 'Ana Carolina Araújo', to_date ('2015-08-30', 'YYYY-MM-DD'), 'Animi nulla necessitatibus molestias ', 'PARTICULAR' );

/* TABLE compoe */
INSERT INTO compoe ( cpfMusico, nomeBanda, dataCriacaoBanda )
	VALUES ( '037.532.774-34', 'Luiz Henrique Nunes', to_date ('2014-06-30', 'YYYY-MM-DD') );
INSERT INTO compoe ( cpfMusico, nomeBanda, dataCriacaoBanda )
	VALUES ( '760.030.146-10', 'Isadora Nunes', to_date ('2014-08-23', 'YYYY-MM-DD') );
INSERT INTO compoe ( cpfMusico, nomeBanda, dataCriacaoBanda )
	VALUES ( '723.124.329-06', 'Dra. Luiza Almeida', to_date ('2000-12-23', 'YYYY-MM-DD') );
INSERT INTO compoe ( cpfMusico, nomeBanda, dataCriacaoBanda )
	VALUES ( '177.211.693-03', 'Marcelo Cunha', to_date ('2005-11-07', 'YYYY-MM-DD') );
INSERT INTO compoe ( cpfMusico, nomeBanda, dataCriacaoBanda )
	VALUES ( '177.211.693-03', 'Levi Gonçalves', to_date ('2010-04-20', 'YYYY-MM-DD') );
INSERT INTO compoe ( cpfMusico, nomeBanda, dataCriacaoBanda )
	VALUES ( '663.980.413-00', 'Daniela Freitas', to_date ('2004-11-07', 'YYYY-MM-DD') );
INSERT INTO compoe ( cpfMusico, nomeBanda, dataCriacaoBanda )
	VALUES ( '959.774.865-91', 'Marcelo Cunha', to_date ('2005-11-07', 'YYYY-MM-DD') );
INSERT INTO compoe ( cpfMusico, nomeBanda, dataCriacaoBanda )
	VALUES ( '518.004.193-13', 'Arthur Vieira', to_date ('2002-07-22', 'YYYY-MM-DD') );
INSERT INTO compoe ( cpfMusico, nomeBanda, dataCriacaoBanda )
	VALUES ( '510.641.664-24', 'Eloah Viana', to_date ('2009-05-18', 'YYYY-MM-DD') );
INSERT INTO compoe ( cpfMusico, nomeBanda, dataCriacaoBanda )
	VALUES ( '777.622.537-48', 'Cauê Carvalho', to_date ('2009-03-17', 'YYYY-MM-DD') );
INSERT INTO compoe ( cpfMusico, nomeBanda, dataCriacaoBanda )
	VALUES ( '112.731.990-55', 'Marcelo Cunha', to_date ('2005-11-07', 'YYYY-MM-DD') );
INSERT INTO compoe ( cpfMusico, nomeBanda, dataCriacaoBanda )
	VALUES ( '656.471.042-14', 'Isadora Nunes', to_date ('2014-08-23', 'YYYY-MM-DD') );
INSERT INTO compoe ( cpfMusico, nomeBanda, dataCriacaoBanda )
	VALUES ( '102.554.060-64', 'Levi Gonçalves', to_date ('2010-04-20', 'YYYY-MM-DD') );
INSERT INTO compoe ( cpfMusico, nomeBanda, dataCriacaoBanda )
	VALUES ( '585.341.204-75', 'Nina Almeida', to_date ('2000-04-07', 'YYYY-MM-DD') );
INSERT INTO compoe ( cpfMusico, nomeBanda, dataCriacaoBanda )
	VALUES ( '510.641.664-24', 'Marina Pires', to_date ('2009-04-06', 'YYYY-MM-DD') );
INSERT INTO compoe ( cpfMusico, nomeBanda, dataCriacaoBanda )
	VALUES ( '135.703.393-81', 'Luiz Henrique Nunes', to_date ('2014-06-30', 'YYYY-MM-DD') );
INSERT INTO compoe ( cpfMusico, nomeBanda, dataCriacaoBanda )
	VALUES ( '630.516.603-11', 'João Miguel das Neves', to_date ('2018-08-02', 'YYYY-MM-DD') );
INSERT INTO compoe ( cpfMusico, nomeBanda, dataCriacaoBanda )
	VALUES ( '959.774.865-91', 'Erick da Rocha', to_date ('2006-04-24', 'YYYY-MM-DD') );
INSERT INTO compoe ( cpfMusico, nomeBanda, dataCriacaoBanda )
	VALUES ( '177.211.693-03', 'Maria Eduarda Gomes', to_date ('2001-08-30', 'YYYY-MM-DD') );
INSERT INTO compoe ( cpfMusico, nomeBanda, dataCriacaoBanda )
	VALUES ( '656.471.042-14', 'Pedro Miguel Viana', to_date ('2012-11-20', 'YYYY-MM-DD') );

/* TABLE festaNoCruzeiro */
/* NULL INSERTION FOR ATTRIBUTEnumeroConvidadosAT TABLEfestaNoCruzeiro */
INSERT INTO festaNoCruzeiro ( IMO, dataInicio, dataFim, numeroConvidados, nome )
	VALUES ( 613845, to_date ('2000-05-16', 'YYYY-MM-DD'), to_date ('2015-07-16', 'YYYY-MM-DD'), NULL, 'Ana Clara Pereira' );
/* NULL INSERTION FOR ATTRIBUTEdataFimAT TABLEfestaNoCruzeiro */
INSERT INTO festaNoCruzeiro ( IMO, dataInicio, dataFim, numeroConvidados, nome )
	VALUES ( 607339, to_date ('2003-06-19', 'YYYY-MM-DD'), NULL, 510551, 'Sra. Yasmin Ribeiro' );
INSERT INTO festaNoCruzeiro ( IMO, dataInicio, dataFim, numeroConvidados, nome )
	VALUES ( 220167, to_date ('2005-03-24', 'YYYY-MM-DD'), to_date ('2006-09-18', 'YYYY-MM-DD'), 256543, 'Evelyn Castro' );
INSERT INTO festaNoCruzeiro ( IMO, dataInicio, dataFim, numeroConvidados, nome )
	VALUES ( 695154, to_date ('2012-02-01', 'YYYY-MM-DD'), to_date ('2003-07-22', 'YYYY-MM-DD'), 720637, 'Marina Ferreira' );
INSERT INTO festaNoCruzeiro ( IMO, dataInicio, dataFim, numeroConvidados, nome )
	VALUES ( 877879, to_date ('2009-05-25', 'YYYY-MM-DD'), to_date ('2010-02-02', 'YYYY-MM-DD'), 774175, 'Catarina das Neves' );
INSERT INTO festaNoCruzeiro ( IMO, dataInicio, dataFim, numeroConvidados, nome )
	VALUES ( 406144, to_date ('2014-12-28', 'YYYY-MM-DD'), to_date ('2004-01-09', 'YYYY-MM-DD'), 117342, 'Pedro Miguel Barros' );
INSERT INTO festaNoCruzeiro ( IMO, dataInicio, dataFim, numeroConvidados, nome )
	VALUES ( 695336, to_date ('2013-12-27', 'YYYY-MM-DD'), to_date ('2016-02-28', 'YYYY-MM-DD'), 461286, 'Emanuella Azevedo' );
INSERT INTO festaNoCruzeiro ( IMO, dataInicio, dataFim, numeroConvidados, nome )
	VALUES ( 214910, to_date ('2003-08-16', 'YYYY-MM-DD'), to_date ('2010-03-18', 'YYYY-MM-DD'), 850199, 'Lavínia da Cunha' );
INSERT INTO festaNoCruzeiro ( IMO, dataInicio, dataFim, numeroConvidados, nome )
	VALUES ( 546473, to_date ('2007-12-12', 'YYYY-MM-DD'), to_date ('2009-02-26', 'YYYY-MM-DD'), 220459, 'Vitor Barros' );
INSERT INTO festaNoCruzeiro ( IMO, dataInicio, dataFim, numeroConvidados, nome )
	VALUES ( 107068, to_date ('2004-10-16', 'YYYY-MM-DD'), to_date ('2001-06-26', 'YYYY-MM-DD'), 315707, 'Breno Monteiro' );
INSERT INTO festaNoCruzeiro ( IMO, dataInicio, dataFim, numeroConvidados, nome )
	VALUES ( 684227, to_date ('2013-10-11', 'YYYY-MM-DD'), to_date ('2010-01-07', 'YYYY-MM-DD'), 225094, 'Alice Moraes' );
INSERT INTO festaNoCruzeiro ( IMO, dataInicio, dataFim, numeroConvidados, nome )
	VALUES ( 144224, to_date ('2001-06-12', 'YYYY-MM-DD'), to_date ('2006-06-28', 'YYYY-MM-DD'), 774860, 'Alana Ferreira' );
INSERT INTO festaNoCruzeiro ( IMO, dataInicio, dataFim, numeroConvidados, nome )
	VALUES ( 208094, to_date ('2007-05-18', 'YYYY-MM-DD'), to_date ('2016-04-20', 'YYYY-MM-DD'), 586851, 'Luiz Henrique Jesus' );
INSERT INTO festaNoCruzeiro ( IMO, dataInicio, dataFim, numeroConvidados, nome )
	VALUES ( 565861, to_date ('2016-04-10', 'YYYY-MM-DD'), to_date ('2001-01-28', 'YYYY-MM-DD'), 406273, 'Srta. Lavínia da Mata' );
INSERT INTO festaNoCruzeiro ( IMO, dataInicio, dataFim, numeroConvidados, nome )
	VALUES ( 784695, to_date ('2009-05-18', 'YYYY-MM-DD'), to_date ('2004-02-10', 'YYYY-MM-DD'), 111183, 'Gustavo Peixoto' );
INSERT INTO festaNoCruzeiro ( IMO, dataInicio, dataFim, numeroConvidados, nome )
	VALUES ( 487747, to_date ('2009-12-22', 'YYYY-MM-DD'), to_date ('2003-09-23', 'YYYY-MM-DD'), 620638, 'Maria Fernanda Almeida' );
INSERT INTO festaNoCruzeiro ( IMO, dataInicio, dataFim, numeroConvidados, nome )
	VALUES ( 462847, to_date ('2010-03-13', 'YYYY-MM-DD'), to_date ('2011-07-02', 'YYYY-MM-DD'), 851779, 'Stephany Santos' );
INSERT INTO festaNoCruzeiro ( IMO, dataInicio, dataFim, numeroConvidados, nome )
	VALUES ( 247860, to_date ('2016-08-25', 'YYYY-MM-DD'), to_date ('2004-06-18', 'YYYY-MM-DD'), 410614, 'Matheus Lima' );
INSERT INTO festaNoCruzeiro ( IMO, dataInicio, dataFim, numeroConvidados, nome )
	VALUES ( 675843, to_date ('2004-01-24', 'YYYY-MM-DD'), to_date ('2002-04-19', 'YYYY-MM-DD'), 508497, 'Dra. Laís Mendes' );
INSERT INTO festaNoCruzeiro ( IMO, dataInicio, dataFim, numeroConvidados, nome )
	VALUES ( 441196, to_date ('2009-12-03', 'YYYY-MM-DD'), to_date ('2001-07-07', 'YYYY-MM-DD'), 715244, 'Marcos Vinicius Caldeira' );
INSERT INTO festaNoCruzeiro ( IMO, dataInicio, dataFim, numeroConvidados, nome )
	VALUES ( 746591, to_date ('2007-04-06', 'YYYY-MM-DD'), to_date ('2016-06-13', 'YYYY-MM-DD'), 793583, 'Rafael Barbosa' );
INSERT INTO festaNoCruzeiro ( IMO, dataInicio, dataFim, numeroConvidados, nome )
	VALUES ( 422498, to_date ('2015-07-28', 'YYYY-MM-DD'), to_date ('2017-08-27', 'YYYY-MM-DD'), 840700, 'Sr. Pedro Lucas Pereira' );

/* TABLE locaisCruzeiro */
INSERT INTO locaisCruzeiro ( IMO, dataFesta, local )
	VALUES ( 247860, to_date ('2016-08-25', 'YYYY-MM-DD'), 'Est ipsum illum quaerat eveniet. Iste laboriosam nulla reiciendis' );
INSERT INTO locaisCruzeiro ( IMO, dataFesta, local )
	VALUES ( 695336, to_date ('2013-12-27', 'YYYY-MM-DD'), 'Itaque odio omnis repudiandae. Magnam error beatae reiciendis aut. Repellendus veritatis deserunt iure.Occaecati seq' );
INSERT INTO locaisCruzeiro ( IMO, dataFesta, local )
	VALUES ( 422498, to_date ('2015-07-28', 'YYYY-MM-DD'), 'Fugiat incidunt vitae nulla. Deleniti quasi libero sapiente animi quaerat iusto.Qui quae ' );
INSERT INTO locaisCruzeiro ( IMO, dataFesta, local )
	VALUES ( 144224, to_date ('2001-06-12', 'YYYY-MM-DD'), 'Laboriosam numquam dolore deserunt voluptatum nemo. Pariatur labore voluptas consequuntur eveniet voluptate.' );
INSERT INTO locaisCruzeiro ( IMO, dataFesta, local )
	VALUES ( 784695, to_date ('2009-05-18', 'YYYY-MM-DD'), 'Deserunt ut voluptatum quas ut similique tempore odio. Unde ducimus deleniti voluptatem.' );
INSERT INTO locaisCruzeiro ( IMO, dataFesta, local )
	VALUES ( 406144, to_date ('2014-12-28', 'YYYY-MM-DD'), 'Amet voluptate quisquam occaecati tempora saepe quidem. Dolorum odit odit earum amet.' );
INSERT INTO locaisCruzeiro ( IMO, dataFesta, local )
	VALUES ( 214910, to_date ('2003-08-16', 'YYYY-MM-DD'), 'Libero rem optio eos sint delectus optio. Laborum molestiae nulla porro culp' );
INSERT INTO locaisCruzeiro ( IMO, dataFesta, local )
	VALUES ( 546473, to_date ('2007-12-12', 'YYYY-MM-DD'), 'Animi soluta unde.Consequatur voluptatibus ullam quod fugit cul' );
INSERT INTO locaisCruzeiro ( IMO, dataFesta, local )
	VALUES ( 675843, to_date ('2004-01-24', 'YYYY-MM-DD'), 'Molestias commodi quaerat quaerat. Voluptatibus alias veniam aliquid mollitia repudian' );
INSERT INTO locaisCruzeiro ( IMO, dataFesta, local )
	VALUES ( 220167, to_date ('2005-03-24', 'YYYY-MM-DD'), 'Eos quos quidem delectus corrupti cum dolores. Temporibus beatae voluptatibus eligendi inventore. Quo est quis cumque vel. N' );
INSERT INTO locaisCruzeiro ( IMO, dataFesta, local )
	VALUES ( 441196, to_date ('2009-12-03', 'YYYY-MM-DD'), 'Omnis quidem qui consectetur. Debitis quam deserunt corrupti.Dolorem debitis iure a numqua' );
INSERT INTO locaisCruzeiro ( IMO, dataFesta, local )
	VALUES ( 487747, to_date ('2009-12-22', 'YYYY-MM-DD'), 'Sunt laudantium vel corporis atque sunt. Blanditiis possimus expedita animi iure. Debitis impedit eum animi ' );
INSERT INTO locaisCruzeiro ( IMO, dataFesta, local )
	VALUES ( 462847, to_date ('2010-03-13', 'YYYY-MM-DD'), 'Dignissimos doloribus ducimus possimus modi nam. Aspernatur perspiciatis nobis culpa ar' );
INSERT INTO locaisCruzeiro ( IMO, dataFesta, local )
	VALUES ( 684227, to_date ('2013-10-11', 'YYYY-MM-DD'), 'Non tempora a sequi dolor voluptatibus fugiat laborum.Distinctio consequuntur qui a' );
INSERT INTO locaisCruzeiro ( IMO, dataFesta, local )
	VALUES ( 695154, to_date ('2012-02-01', 'YYYY-MM-DD'), 'Ad sequi hic reprehenderit quibusdam corporis. Eaque illo fuga quod. Omnis a aspernatur ve' );
INSERT INTO locaisCruzeiro ( IMO, dataFesta, local )
	VALUES ( 746591, to_date ('2007-04-06', 'YYYY-MM-DD'), 'Quidem totam error dolores. Officia voluptates fugiat distinctio. Suscipit rerum iste ad aliquam rem' );
INSERT INTO locaisCruzeiro ( IMO, dataFesta, local )
	VALUES ( 107068, to_date ('2004-10-16', 'YYYY-MM-DD'), 'Eveniet enim esse voluptas officia unde repellat.Deleniti ratione et ab necessitatibus ipsum iste. Maiores quia oc' );
INSERT INTO locaisCruzeiro ( IMO, dataFesta, local )
	VALUES ( 208094, to_date ('2007-05-18', 'YYYY-MM-DD'), 'Tempora corrupti at doloremque. Reiciendis temporibus eum animi quo repellat in earum.' );
INSERT INTO locaisCruzeiro ( IMO, dataFesta, local )
	VALUES ( 877879, to_date ('2009-05-25', 'YYYY-MM-DD'), 'Dolorem voluptatum recusandae pariatur quasi. Illum odit ea similique exercitationem. Tempo' );
INSERT INTO locaisCruzeiro ( IMO, dataFesta, local )
	VALUES ( 565861, to_date ('2016-04-10', 'YYYY-MM-DD'), 'Accusantium molestias suscipit consequatur aliquam. Quam tempore velit at quaera' );

/* TABLE show */
/* NULL INSERTION FOR ATTRIBUTEcontratoAT TABLEshow */
INSERT INTO show ( IMO, dataFesta, nomeBanda, dataCriacaoBanda, data, horaInicio, terminoPrevisto, contrato )
	VALUES ( 675843, to_date ('2004-01-24', 'YYYY-MM-DD'), 'Maria Vitória da Cruz', to_date ('2003-12-21', 'YYYY-MM-DD'), to_date ('2005-03-09', 'YYYY-MM-DD'), '00:06:47', to_timestamp ('2002-11-12 13:14:01', 'YYYY-MM-DD HH24:MI:SS'), NULL );
/* NULL INSERTION FOR ATTRIBUTEterminoPrevistoAT TABLEshow */
INSERT INTO show ( IMO, dataFesta, nomeBanda, dataCriacaoBanda, data, horaInicio, terminoPrevisto, contrato )
	VALUES ( 441196, to_date ('2009-12-03', 'YYYY-MM-DD'), 'Dra. Luiza Almeida', to_date ('2000-12-23', 'YYYY-MM-DD'), to_date ('2014-07-16', 'YYYY-MM-DD'), '13:44:01', NULL, 'Odit ea aliquam doloremque sit nihil est. Error ut in su' );
INSERT INTO show ( IMO, dataFesta, nomeBanda, dataCriacaoBanda, data, horaInicio, terminoPrevisto, contrato )
	VALUES ( 877879, to_date ('2009-05-25', 'YYYY-MM-DD'), 'Isadora Nunes', to_date ('2014-08-23', 'YYYY-MM-DD'), to_date ('2012-04-15', 'YYYY-MM-DD'), '02:26:26', to_timestamp ('2002-08-04 05:51:51', 'YYYY-MM-DD HH24:MI:SS'), 'In perferendis eum delectus. Exped' );
INSERT INTO show ( IMO, dataFesta, nomeBanda, dataCriacaoBanda, data, horaInicio, terminoPrevisto, contrato )
	VALUES ( 107068, to_date ('2004-10-16', 'YYYY-MM-DD'), 'Cauê Carvalho', to_date ('2009-03-17', 'YYYY-MM-DD'), to_date ('2013-03-20', 'YYYY-MM-DD'), '01:29:48', to_timestamp ('2010-08-17 02:30:28', 'YYYY-MM-DD HH24:MI:SS'), 'Eum tenetur libero iusto sit sun' );
INSERT INTO show ( IMO, dataFesta, nomeBanda, dataCriacaoBanda, data, horaInicio, terminoPrevisto, contrato )
	VALUES ( 406144, to_date ('2014-12-28', 'YYYY-MM-DD'), 'Marcelo Cunha', to_date ('2005-11-07', 'YYYY-MM-DD'), to_date ('2014-07-23', 'YYYY-MM-DD'), '07:32:00', to_timestamp ('2013-06-11 05:41:41', 'YYYY-MM-DD HH24:MI:SS'), 'Nam quaerat repellat neque non modi o' );
INSERT INTO show ( IMO, dataFesta, nomeBanda, dataCriacaoBanda, data, horaInicio, terminoPrevisto, contrato )
	VALUES ( 144224, to_date ('2001-06-12', 'YYYY-MM-DD'), 'Nina Almeida', to_date ('2000-04-07', 'YYYY-MM-DD'), to_date ('2011-11-28', 'YYYY-MM-DD'), '13:55:32', to_timestamp ('2000-09-17 23:41:22', 'YYYY-MM-DD HH24:MI:SS'), 'Alias tenetur nesciunt odit. Asperiores numquam voluptatem labor' );
INSERT INTO show ( IMO, dataFesta, nomeBanda, dataCriacaoBanda, data, horaInicio, terminoPrevisto, contrato )
	VALUES ( 546473, to_date ('2007-12-12', 'YYYY-MM-DD'), 'Marina Pires', to_date ('2009-04-06', 'YYYY-MM-DD'), to_date ('2003-08-05', 'YYYY-MM-DD'), '03:37:28', to_timestamp ('2004-07-17 19:27:38', 'YYYY-MM-DD HH24:MI:SS'), 'Suscipit doloribus at accusantium adipisc' );
INSERT INTO show ( IMO, dataFesta, nomeBanda, dataCriacaoBanda, data, horaInicio, terminoPrevisto, contrato )
	VALUES ( 220167, to_date ('2005-03-24', 'YYYY-MM-DD'), 'Ana Carolina Araújo', to_date ('2015-08-30', 'YYYY-MM-DD'), to_date ('2012-08-29', 'YYYY-MM-DD'), '18:54:29', to_timestamp ('2004-12-16 03:52:26', 'YYYY-MM-DD HH24:MI:SS'), 'Vitae cumque cum id quis excepturi quod. Quam' );
INSERT INTO show ( IMO, dataFesta, nomeBanda, dataCriacaoBanda, data, horaInicio, terminoPrevisto, contrato )
	VALUES ( 746591, to_date ('2007-04-06', 'YYYY-MM-DD'), 'Arthur Vieira', to_date ('2002-07-22', 'YYYY-MM-DD'), to_date ('2011-05-17', 'YYYY-MM-DD'), '17:31:46', to_timestamp ('2008-02-07 02:44:36', 'YYYY-MM-DD HH24:MI:SS'), 'Illo sed alias necessitatibus sequi invent' );
INSERT INTO show ( IMO, dataFesta, nomeBanda, dataCriacaoBanda, data, horaInicio, terminoPrevisto, contrato )
	VALUES ( 406144, to_date ('2014-12-28', 'YYYY-MM-DD'), 'Daniela Freitas', to_date ('2004-11-07', 'YYYY-MM-DD'), to_date ('2009-11-14', 'YYYY-MM-DD'), '08:03:16', to_timestamp ('2004-02-09 09:39:57', 'YYYY-MM-DD HH24:MI:SS'), 'Libero eum repudiandae fugit.Vel nulla rem illum enim. Ut pe' );
INSERT INTO show ( IMO, dataFesta, nomeBanda, dataCriacaoBanda, data, horaInicio, terminoPrevisto, contrato )
	VALUES ( 746591, to_date ('2007-04-06', 'YYYY-MM-DD'), 'Sophia das Neves', to_date ('2002-08-04', 'YYYY-MM-DD'), to_date ('2004-04-24', 'YYYY-MM-DD'), '05:16:10', to_timestamp ('2003-07-06 23:26:22', 'YYYY-MM-DD HH24:MI:SS'), 'Soluta occaecati dolore velit. Maxime excepturi et harum. Labor' );
INSERT INTO show ( IMO, dataFesta, nomeBanda, dataCriacaoBanda, data, horaInicio, terminoPrevisto, contrato )
	VALUES ( 406144, to_date ('2014-12-28', 'YYYY-MM-DD'), 'Erick da Rocha', to_date ('2006-04-24', 'YYYY-MM-DD'), to_date ('2009-08-27', 'YYYY-MM-DD'), '04:10:09', to_timestamp ('2005-03-11 04:27:08', 'YYYY-MM-DD HH24:MI:SS'), 'Ut reprehenderit quo aliquam. Accusamus labore cum dolor po' );
INSERT INTO show ( IMO, dataFesta, nomeBanda, dataCriacaoBanda, data, horaInicio, terminoPrevisto, contrato )
	VALUES ( 695154, to_date ('2012-02-01', 'YYYY-MM-DD'), 'Levi Gonçalves', to_date ('2010-04-20', 'YYYY-MM-DD'), to_date ('2004-02-03', 'YYYY-MM-DD'), '11:56:51', to_timestamp ('2001-11-28 04:25:06', 'YYYY-MM-DD HH24:MI:SS'), 'Ut et ipsa commodi suscipit culpa autem' );
INSERT INTO show ( IMO, dataFesta, nomeBanda, dataCriacaoBanda, data, horaInicio, terminoPrevisto, contrato )
	VALUES ( 487747, to_date ('2009-12-22', 'YYYY-MM-DD'), 'João Miguel das Neves', to_date ('2018-08-02', 'YYYY-MM-DD'), to_date ('2001-08-12', 'YYYY-MM-DD'), '17:52:26', to_timestamp ('2008-06-06 05:25:04', 'YYYY-MM-DD HH24:MI:SS'), 'Maiores vel doloremque distinctio sunt occaecati r' );
INSERT INTO show ( IMO, dataFesta, nomeBanda, dataCriacaoBanda, data, horaInicio, terminoPrevisto, contrato )
	VALUES ( 565861, to_date ('2016-04-10', 'YYYY-MM-DD'), 'Eloah Viana', to_date ('2009-05-18', 'YYYY-MM-DD'), to_date ('2000-02-19', 'YYYY-MM-DD'), '18:18:27', to_timestamp ('2009-11-07 09:55:41', 'YYYY-MM-DD HH24:MI:SS'), 'Nihil tempore deserunt at ratione fugit ' );
INSERT INTO show ( IMO, dataFesta, nomeBanda, dataCriacaoBanda, data, horaInicio, terminoPrevisto, contrato )
	VALUES ( 546473, to_date ('2007-12-12', 'YYYY-MM-DD'), 'Maria Eduarda Gomes', to_date ('2001-08-30', 'YYYY-MM-DD'), to_date ('2002-08-30', 'YYYY-MM-DD'), '18:38:23', to_timestamp ('2000-10-11 12:06:51', 'YYYY-MM-DD HH24:MI:SS'), 'Adipisci itaque commodi doloribus ipsam' );
INSERT INTO show ( IMO, dataFesta, nomeBanda, dataCriacaoBanda, data, horaInicio, terminoPrevisto, contrato )
	VALUES ( 247860, to_date ('2016-08-25', 'YYYY-MM-DD'), 'Sophia das Neves', to_date ('2002-08-04', 'YYYY-MM-DD'), to_date ('2009-09-20', 'YYYY-MM-DD'), '10:42:11', to_timestamp ('2018-12-29 08:37:16', 'YYYY-MM-DD HH24:MI:SS'), 'Fuga at debitis corporis itaque. Tenetur nesciunt at il' );
INSERT INTO show ( IMO, dataFesta, nomeBanda, dataCriacaoBanda, data, horaInicio, terminoPrevisto, contrato )
	VALUES ( 214910, to_date ('2003-08-16', 'YYYY-MM-DD'), 'Cauê Carvalho', to_date ('2009-03-17', 'YYYY-MM-DD'), to_date ('2000-10-27', 'YYYY-MM-DD'), '23:47:27', to_timestamp ('2002-03-21 18:47:22', 'YYYY-MM-DD HH24:MI:SS'), 'Iure occaecati saepe molestiae mai' );
INSERT INTO show ( IMO, dataFesta, nomeBanda, dataCriacaoBanda, data, horaInicio, terminoPrevisto, contrato )
	VALUES ( 462847, to_date ('2010-03-13', 'YYYY-MM-DD'), 'Luiz Henrique Nunes', to_date ('2014-06-30', 'YYYY-MM-DD'), to_date ('2000-07-06', 'YYYY-MM-DD'), '09:58:22', to_timestamp ('2008-04-29 16:08:40', 'YYYY-MM-DD HH24:MI:SS'), 'Tempore et itaque veritatis nobis totam ipsum.' );
INSERT INTO show ( IMO, dataFesta, nomeBanda, dataCriacaoBanda, data, horaInicio, terminoPrevisto, contrato )
	VALUES ( 684227, to_date ('2013-10-11', 'YYYY-MM-DD'), 'Ana Carolina Araújo', to_date ('2015-08-30', 'YYYY-MM-DD'), to_date ('2009-06-01', 'YYYY-MM-DD'), '00:26:27', to_timestamp ('2014-04-02 19:22:44', 'YYYY-MM-DD HH24:MI:SS'), 'Vel minima eius aliquid. Maxime dele' );
INSERT INTO show ( IMO, dataFesta, nomeBanda, dataCriacaoBanda, data, horaInicio, terminoPrevisto, contrato )
	VALUES ( 208094, to_date ('2007-05-18', 'YYYY-MM-DD'), 'Dra. Luiza Almeida', to_date ('2000-12-23', 'YYYY-MM-DD'), to_date ('2011-09-02', 'YYYY-MM-DD'), '18:18:03', to_timestamp ('2012-11-09 13:35:41', 'YYYY-MM-DD HH24:MI:SS'), 'Iste corrupti rerum perferendis nostrum ut. Fac' );
INSERT INTO show ( IMO, dataFesta, nomeBanda, dataCriacaoBanda, data, horaInicio, terminoPrevisto, contrato )
	VALUES ( 695336, to_date ('2013-12-27', 'YYYY-MM-DD'), 'João Miguel das Neves', to_date ('2018-08-02', 'YYYY-MM-DD'), to_date ('2010-09-24', 'YYYY-MM-DD'), '20:37:32', to_timestamp ('2002-06-27 14:57:14', 'YYYY-MM-DD HH24:MI:SS'), 'Ipsum quis et omnis. Eos aliquid q' );

/* TABLE showSonorizacao */
INSERT INTO showSonorizacao ( showId, sonorizacaoId )
	VALUES ( 4, 11 );
INSERT INTO showSonorizacao ( showId, sonorizacaoId )
	VALUES ( 11, 8 );
INSERT INTO showSonorizacao ( showId, sonorizacaoId )
	VALUES ( 10, 19 );
INSERT INTO showSonorizacao ( showId, sonorizacaoId )
	VALUES ( 11, 14 );
INSERT INTO showSonorizacao ( showId, sonorizacaoId )
	VALUES ( 11, 4 );
INSERT INTO showSonorizacao ( showId, sonorizacaoId )
	VALUES ( 2, 15 );
INSERT INTO showSonorizacao ( showId, sonorizacaoId )
	VALUES ( 5, 15 );
INSERT INTO showSonorizacao ( showId, sonorizacaoId )
	VALUES ( 12, 12 );
INSERT INTO showSonorizacao ( showId, sonorizacaoId )
	VALUES ( 16, 2 );
INSERT INTO showSonorizacao ( showId, sonorizacaoId )
	VALUES ( 4, 9 );
INSERT INTO showSonorizacao ( showId, sonorizacaoId )
	VALUES ( 3, 8 );
INSERT INTO showSonorizacao ( showId, sonorizacaoId )
	VALUES ( 20, 10 );
INSERT INTO showSonorizacao ( showId, sonorizacaoId )
	VALUES ( 13, 19 );
INSERT INTO showSonorizacao ( showId, sonorizacaoId )
	VALUES ( 8, 6 );
INSERT INTO showSonorizacao ( showId, sonorizacaoId )
	VALUES ( 6, 3 );
INSERT INTO showSonorizacao ( showId, sonorizacaoId )
	VALUES ( 14, 16 );
INSERT INTO showSonorizacao ( showId, sonorizacaoId )
	VALUES ( 14, 18 );
INSERT INTO showSonorizacao ( showId, sonorizacaoId )
	VALUES ( 18, 1 );
INSERT INTO showSonorizacao ( showId, sonorizacaoId )
	VALUES ( 1, 11 );
INSERT INTO showSonorizacao ( showId, sonorizacaoId )
	VALUES ( 6, 7 );

/* TABLE album */
INSERT INTO album ( IMOFesta, dataFesta )
	VALUES ( 214910, to_date ('2003-08-16', 'YYYY-MM-DD') );
INSERT INTO album ( IMOFesta, dataFesta )
	VALUES ( 406144, to_date ('2014-12-28', 'YYYY-MM-DD') );
INSERT INTO album ( IMOFesta, dataFesta )
	VALUES ( 208094, to_date ('2007-05-18', 'YYYY-MM-DD') );
INSERT INTO album ( IMOFesta, dataFesta )
	VALUES ( 107068, to_date ('2004-10-16', 'YYYY-MM-DD') );
INSERT INTO album ( IMOFesta, dataFesta )
	VALUES ( 462847, to_date ('2010-03-13', 'YYYY-MM-DD') );
INSERT INTO album ( IMOFesta, dataFesta )
	VALUES ( 784695, to_date ('2009-05-18', 'YYYY-MM-DD') );
INSERT INTO album ( IMOFesta, dataFesta )
	VALUES ( 565861, to_date ('2016-04-10', 'YYYY-MM-DD') );
INSERT INTO album ( IMOFesta, dataFesta )
	VALUES ( 675843, to_date ('2004-01-24', 'YYYY-MM-DD') );
INSERT INTO album ( IMOFesta, dataFesta )
	VALUES ( 695336, to_date ('2013-12-27', 'YYYY-MM-DD') );
INSERT INTO album ( IMOFesta, dataFesta )
	VALUES ( 220167, to_date ('2005-03-24', 'YYYY-MM-DD') );
INSERT INTO album ( IMOFesta, dataFesta )
	VALUES ( 247860, to_date ('2016-08-25', 'YYYY-MM-DD') );
INSERT INTO album ( IMOFesta, dataFesta )
	VALUES ( 877879, to_date ('2009-05-25', 'YYYY-MM-DD') );
INSERT INTO album ( IMOFesta, dataFesta )
	VALUES ( 746591, to_date ('2007-04-06', 'YYYY-MM-DD') );
INSERT INTO album ( IMOFesta, dataFesta )
	VALUES ( 546473, to_date ('2007-12-12', 'YYYY-MM-DD') );
INSERT INTO album ( IMOFesta, dataFesta )
	VALUES ( 684227, to_date ('2013-10-11', 'YYYY-MM-DD') );
INSERT INTO album ( IMOFesta, dataFesta )
	VALUES ( 144224, to_date ('2001-06-12', 'YYYY-MM-DD') );
INSERT INTO album ( IMOFesta, dataFesta )
	VALUES ( 695154, to_date ('2012-02-01', 'YYYY-MM-DD') );
INSERT INTO album ( IMOFesta, dataFesta )
	VALUES ( 441196, to_date ('2009-12-03', 'YYYY-MM-DD') );
INSERT INTO album ( IMOFesta, dataFesta )
	VALUES ( 422498, to_date ('2015-07-28', 'YYYY-MM-DD') );
INSERT INTO album ( IMOFesta, dataFesta )
	VALUES ( 487747, to_date ('2009-12-22', 'YYYY-MM-DD') );

/* TABLE makingof */
INSERT INTO makingof ( IMOFesta, dataFesta )
	VALUES ( 695336, to_date ('2013-12-27', 'YYYY-MM-DD') );
INSERT INTO makingof ( IMOFesta, dataFesta )
	VALUES ( 247860, to_date ('2016-08-25', 'YYYY-MM-DD') );
INSERT INTO makingof ( IMOFesta, dataFesta )
	VALUES ( 784695, to_date ('2009-05-18', 'YYYY-MM-DD') );
INSERT INTO makingof ( IMOFesta, dataFesta )
	VALUES ( 144224, to_date ('2001-06-12', 'YYYY-MM-DD') );
INSERT INTO makingof ( IMOFesta, dataFesta )
	VALUES ( 441196, to_date ('2009-12-03', 'YYYY-MM-DD') );
INSERT INTO makingof ( IMOFesta, dataFesta )
	VALUES ( 746591, to_date ('2007-04-06', 'YYYY-MM-DD') );
INSERT INTO makingof ( IMOFesta, dataFesta )
	VALUES ( 220167, to_date ('2005-03-24', 'YYYY-MM-DD') );
INSERT INTO makingof ( IMOFesta, dataFesta )
	VALUES ( 675843, to_date ('2004-01-24', 'YYYY-MM-DD') );
INSERT INTO makingof ( IMOFesta, dataFesta )
	VALUES ( 695154, to_date ('2012-02-01', 'YYYY-MM-DD') );
INSERT INTO makingof ( IMOFesta, dataFesta )
	VALUES ( 546473, to_date ('2007-12-12', 'YYYY-MM-DD') );
INSERT INTO makingof ( IMOFesta, dataFesta )
	VALUES ( 208094, to_date ('2007-05-18', 'YYYY-MM-DD') );
INSERT INTO makingof ( IMOFesta, dataFesta )
	VALUES ( 107068, to_date ('2004-10-16', 'YYYY-MM-DD') );
INSERT INTO makingof ( IMOFesta, dataFesta )
	VALUES ( 877879, to_date ('2009-05-25', 'YYYY-MM-DD') );
INSERT INTO makingof ( IMOFesta, dataFesta )
	VALUES ( 565861, to_date ('2016-04-10', 'YYYY-MM-DD') );
INSERT INTO makingof ( IMOFesta, dataFesta )
	VALUES ( 422498, to_date ('2015-07-28', 'YYYY-MM-DD') );
INSERT INTO makingof ( IMOFesta, dataFesta )
	VALUES ( 487747, to_date ('2009-12-22', 'YYYY-MM-DD') );
INSERT INTO makingof ( IMOFesta, dataFesta )
	VALUES ( 214910, to_date ('2003-08-16', 'YYYY-MM-DD') );
INSERT INTO makingof ( IMOFesta, dataFesta )
	VALUES ( 684227, to_date ('2013-10-11', 'YYYY-MM-DD') );
INSERT INTO makingof ( IMOFesta, dataFesta )
	VALUES ( 406144, to_date ('2014-12-28', 'YYYY-MM-DD') );
INSERT INTO makingof ( IMOFesta, dataFesta )
	VALUES ( 462847, to_date ('2010-03-13', 'YYYY-MM-DD') );

/* TABLE opComCamera */
INSERT INTO opComCamera ( cpfOpCamera, data, camera, tipo )
	VALUES ( '887.571.842-83', to_date ('2007-07-28', 'YYYY-MM-DD'), 28949377, 'CINEGRAFISTA' );
INSERT INTO opComCamera ( cpfOpCamera, data, camera, tipo )
	VALUES ( '812.071.546-38', to_date ('2002-10-07', 'YYYY-MM-DD'), 43638096, 'PARQUE' );
INSERT INTO opComCamera ( cpfOpCamera, data, camera, tipo )
	VALUES ( '335.756.462-82', to_date ('2017-07-27', 'YYYY-MM-DD'), 52956149, 'FOTOGRAFO' );
INSERT INTO opComCamera ( cpfOpCamera, data, camera, tipo )
	VALUES ( '335.756.462-82', to_date ('2013-01-26', 'YYYY-MM-DD'), 82212393, 'FOTOGRAFO' );
INSERT INTO opComCamera ( cpfOpCamera, data, camera, tipo )
	VALUES ( '151.577.867-60', to_date ('2018-04-24', 'YYYY-MM-DD'), 60212456, 'FOTOGRAFO' );
INSERT INTO opComCamera ( cpfOpCamera, data, camera, tipo )
	VALUES ( '463.638.965-25', to_date ('2001-11-12', 'YYYY-MM-DD'), 66255214, 'CINEGRAFISTA' );
INSERT INTO opComCamera ( cpfOpCamera, data, camera, tipo )
	VALUES ( '270.274.957-70', to_date ('2015-08-09', 'YYYY-MM-DD'), 40822900, 'FOTOGRAFO' );
INSERT INTO opComCamera ( cpfOpCamera, data, camera, tipo )
	VALUES ( '197.150.083-52', to_date ('2005-12-08', 'YYYY-MM-DD'), 61384404, 'FOTOGRAFO' );
INSERT INTO opComCamera ( cpfOpCamera, data, camera, tipo )
	VALUES ( '197.150.083-52', to_date ('2009-04-06', 'YYYY-MM-DD'), 19517040, 'CINEGRAFISTA' );
INSERT INTO opComCamera ( cpfOpCamera, data, camera, tipo )
	VALUES ( '489.655.378-01', to_date ('2003-10-24', 'YYYY-MM-DD'), 68404596, 'CINEGRAFISTA' );
INSERT INTO opComCamera ( cpfOpCamera, data, camera, tipo )
	VALUES ( '237.184.783-93', to_date ('2009-01-07', 'YYYY-MM-DD'), 36925346, 'FOTOGRAFO' );
INSERT INTO opComCamera ( cpfOpCamera, data, camera, tipo )
	VALUES ( '151.577.867-60', to_date ('2001-03-09', 'YYYY-MM-DD'), 30644075, 'FOTOGRAFO' );
INSERT INTO opComCamera ( cpfOpCamera, data, camera, tipo )
	VALUES ( '979.525.427-91', to_date ('2014-02-18', 'YYYY-MM-DD'), 63542883, 'PARQUE' );
INSERT INTO opComCamera ( cpfOpCamera, data, camera, tipo )
	VALUES ( '578.237.094-58', to_date ('2011-04-28', 'YYYY-MM-DD'), 17280346, 'CINEGRAFISTA' );
INSERT INTO opComCamera ( cpfOpCamera, data, camera, tipo )
	VALUES ( '335.756.462-82', to_date ('2016-10-01', 'YYYY-MM-DD'), 71836352, 'CINEGRAFISTA' );
INSERT INTO opComCamera ( cpfOpCamera, data, camera, tipo )
	VALUES ( '790.123.106-38', to_date ('2002-12-19', 'YYYY-MM-DD'), 26518899, 'FOTOGRAFO' );
INSERT INTO opComCamera ( cpfOpCamera, data, camera, tipo )
	VALUES ( '335.756.462-82', to_date ('2010-05-25', 'YYYY-MM-DD'), 10591149, 'PARQUE' );
INSERT INTO opComCamera ( cpfOpCamera, data, camera, tipo )
	VALUES ( '260.374.126-16', to_date ('2004-06-21', 'YYYY-MM-DD'), 45792336, 'PARQUE' );
INSERT INTO opComCamera ( cpfOpCamera, data, camera, tipo )
	VALUES ( '335.756.462-82', to_date ('2012-07-15', 'YYYY-MM-DD'), 46661132, 'FOTOGRAFO' );
INSERT INTO opComCamera ( cpfOpCamera, data, camera, tipo )
	VALUES ( '578.237.094-58', to_date ('2004-08-27', 'YYYY-MM-DD'), 30767963, 'FOTOGRAFO' );

/* TABLE fotografoCruzeiro */
INSERT INTO fotografoCruzeiro ( cpfOpCamera, data, categoria, idAlbum )
	VALUES ( '578.237.094-58', to_date ('2004-08-27', 'YYYY-MM-DD'), 'ESPECIALISTA', 12 );
INSERT INTO fotografoCruzeiro ( cpfOpCamera, data, categoria, idAlbum )
	VALUES ( '197.150.083-52', to_date ('2005-12-08', 'YYYY-MM-DD'), 'ESPECIALISTA', 5 );
INSERT INTO fotografoCruzeiro ( cpfOpCamera, data, categoria, idAlbum )
	VALUES ( '790.123.106-38', to_date ('2002-12-19', 'YYYY-MM-DD'), 'JUNIOR', 20 );
INSERT INTO fotografoCruzeiro ( cpfOpCamera, data, categoria, idAlbum )
	VALUES ( '197.150.083-52', to_date ('2009-04-06', 'YYYY-MM-DD'), 'JUNIOR', 11 );
INSERT INTO fotografoCruzeiro ( cpfOpCamera, data, categoria, idAlbum )
	VALUES ( '237.184.783-93', to_date ('2009-01-07', 'YYYY-MM-DD'), 'ESPECIALISTA', 8 );
INSERT INTO fotografoCruzeiro ( cpfOpCamera, data, categoria, idAlbum )
	VALUES ( '260.374.126-16', to_date ('2004-06-21', 'YYYY-MM-DD'), 'ESPECIALISTA', 9 );
INSERT INTO fotografoCruzeiro ( cpfOpCamera, data, categoria, idAlbum )
	VALUES ( '151.577.867-60', to_date ('2018-04-24', 'YYYY-MM-DD'), 'ESPECIALISTA', 5 );
INSERT INTO fotografoCruzeiro ( cpfOpCamera, data, categoria, idAlbum )
	VALUES ( '335.756.462-82', to_date ('2013-01-26', 'YYYY-MM-DD'), 'JUNIOR', 10 );
INSERT INTO fotografoCruzeiro ( cpfOpCamera, data, categoria, idAlbum )
	VALUES ( '489.655.378-01', to_date ('2003-10-24', 'YYYY-MM-DD'), 'ESPECIALISTA', 16 );
INSERT INTO fotografoCruzeiro ( cpfOpCamera, data, categoria, idAlbum )
	VALUES ( '335.756.462-82', to_date ('2016-10-01', 'YYYY-MM-DD'), 'TECNICO', 17 );
INSERT INTO fotografoCruzeiro ( cpfOpCamera, data, categoria, idAlbum )
	VALUES ( '578.237.094-58', to_date ('2011-04-28', 'YYYY-MM-DD'), 'JUNIOR', 19 );
INSERT INTO fotografoCruzeiro ( cpfOpCamera, data, categoria, idAlbum )
	VALUES ( '335.756.462-82', to_date ('2010-05-25', 'YYYY-MM-DD'), 'TECNICO', 1 );
INSERT INTO fotografoCruzeiro ( cpfOpCamera, data, categoria, idAlbum )
	VALUES ( '335.756.462-82', to_date ('2017-07-27', 'YYYY-MM-DD'), 'JUNIOR', 5 );
INSERT INTO fotografoCruzeiro ( cpfOpCamera, data, categoria, idAlbum )
	VALUES ( '463.638.965-25', to_date ('2001-11-12', 'YYYY-MM-DD'), 'TECNICO', 1 );
INSERT INTO fotografoCruzeiro ( cpfOpCamera, data, categoria, idAlbum )
	VALUES ( '979.525.427-91', to_date ('2014-02-18', 'YYYY-MM-DD'), 'ESPECIALISTA', 2 );
INSERT INTO fotografoCruzeiro ( cpfOpCamera, data, categoria, idAlbum )
	VALUES ( '887.571.842-83', to_date ('2007-07-28', 'YYYY-MM-DD'), 'TECNICO', 8 );
INSERT INTO fotografoCruzeiro ( cpfOpCamera, data, categoria, idAlbum )
	VALUES ( '151.577.867-60', to_date ('2001-03-09', 'YYYY-MM-DD'), 'JUNIOR', 9 );
INSERT INTO fotografoCruzeiro ( cpfOpCamera, data, categoria, idAlbum )
	VALUES ( '812.071.546-38', to_date ('2002-10-07', 'YYYY-MM-DD'), 'ESPECIALISTA', 17 );
INSERT INTO fotografoCruzeiro ( cpfOpCamera, data, categoria, idAlbum )
	VALUES ( '270.274.957-70', to_date ('2015-08-09', 'YYYY-MM-DD'), 'ESPECIALISTA', 8 );
INSERT INTO fotografoCruzeiro ( cpfOpCamera, data, categoria, idAlbum )
	VALUES ( '335.756.462-82', to_date ('2012-07-15', 'YYYY-MM-DD'), 'TECNICO', 6 );

/* TABLE cinegrafistaCruzeiro */
INSERT INTO cinegrafistaCruzeiro ( cpfOpCamera, data, idMakingof )
	VALUES ( '335.756.462-82', to_date ('2016-10-01', 'YYYY-MM-DD'), 6 );
INSERT INTO cinegrafistaCruzeiro ( cpfOpCamera, data, idMakingof )
	VALUES ( '489.655.378-01', to_date ('2003-10-24', 'YYYY-MM-DD'), 16 );
INSERT INTO cinegrafistaCruzeiro ( cpfOpCamera, data, idMakingof )
	VALUES ( '335.756.462-82', to_date ('2013-01-26', 'YYYY-MM-DD'), 11 );
INSERT INTO cinegrafistaCruzeiro ( cpfOpCamera, data, idMakingof )
	VALUES ( '578.237.094-58', to_date ('2004-08-27', 'YYYY-MM-DD'), 17 );
INSERT INTO cinegrafistaCruzeiro ( cpfOpCamera, data, idMakingof )
	VALUES ( '979.525.427-91', to_date ('2014-02-18', 'YYYY-MM-DD'), 1 );
INSERT INTO cinegrafistaCruzeiro ( cpfOpCamera, data, idMakingof )
	VALUES ( '335.756.462-82', to_date ('2012-07-15', 'YYYY-MM-DD'), 17 );
INSERT INTO cinegrafistaCruzeiro ( cpfOpCamera, data, idMakingof )
	VALUES ( '335.756.462-82', to_date ('2017-07-27', 'YYYY-MM-DD'), 12 );
INSERT INTO cinegrafistaCruzeiro ( cpfOpCamera, data, idMakingof )
	VALUES ( '335.756.462-82', to_date ('2010-05-25', 'YYYY-MM-DD'), 5 );
INSERT INTO cinegrafistaCruzeiro ( cpfOpCamera, data, idMakingof )
	VALUES ( '578.237.094-58', to_date ('2011-04-28', 'YYYY-MM-DD'), 6 );
INSERT INTO cinegrafistaCruzeiro ( cpfOpCamera, data, idMakingof )
	VALUES ( '260.374.126-16', to_date ('2004-06-21', 'YYYY-MM-DD'), 8 );
INSERT INTO cinegrafistaCruzeiro ( cpfOpCamera, data, idMakingof )
	VALUES ( '790.123.106-38', to_date ('2002-12-19', 'YYYY-MM-DD'), 14 );
INSERT INTO cinegrafistaCruzeiro ( cpfOpCamera, data, idMakingof )
	VALUES ( '463.638.965-25', to_date ('2001-11-12', 'YYYY-MM-DD'), 6 );
INSERT INTO cinegrafistaCruzeiro ( cpfOpCamera, data, idMakingof )
	VALUES ( '237.184.783-93', to_date ('2009-01-07', 'YYYY-MM-DD'), 7 );
INSERT INTO cinegrafistaCruzeiro ( cpfOpCamera, data, idMakingof )
	VALUES ( '812.071.546-38', to_date ('2002-10-07', 'YYYY-MM-DD'), 5 );
INSERT INTO cinegrafistaCruzeiro ( cpfOpCamera, data, idMakingof )
	VALUES ( '887.571.842-83', to_date ('2007-07-28', 'YYYY-MM-DD'), 13 );
INSERT INTO cinegrafistaCruzeiro ( cpfOpCamera, data, idMakingof )
	VALUES ( '270.274.957-70', to_date ('2015-08-09', 'YYYY-MM-DD'), 1 );
INSERT INTO cinegrafistaCruzeiro ( cpfOpCamera, data, idMakingof )
	VALUES ( '151.577.867-60', to_date ('2001-03-09', 'YYYY-MM-DD'), 5 );
INSERT INTO cinegrafistaCruzeiro ( cpfOpCamera, data, idMakingof )
	VALUES ( '197.150.083-52', to_date ('2009-04-06', 'YYYY-MM-DD'), 17 );
INSERT INTO cinegrafistaCruzeiro ( cpfOpCamera, data, idMakingof )
	VALUES ( '151.577.867-60', to_date ('2018-04-24', 'YYYY-MM-DD'), 11 );
INSERT INTO cinegrafistaCruzeiro ( cpfOpCamera, data, idMakingof )
	VALUES ( '197.150.083-52', to_date ('2005-12-08', 'YYYY-MM-DD'), 9 );

/* TABLE parque */
INSERT INTO parque ( cnpj, nome, mapaFilePath, endereco )
	VALUES ( '74.696.715/9367-55', 'João Guilherme Gonçalves', 'Minus illo in porro impedit. Provident nostrum tenetur cupiditate. Quos min', 'Lagoa Juan Ferreira, 33 Acaiaca 75668-141 FariasFernandes do Sul / RN' );
INSERT INTO parque ( cnpj, nome, mapaFilePath, endereco )
	VALUES ( '24.493.060/0162-45', 'Sr. Luiz Gustavo Carvalho', 'Quis vero eveniet numquam. Eveniet nam sunt quo quisquam perspiciatis eius. Eaque fugiat soluta omnis.Iure occae', 'Lago João da Rocha, 62 Mala E Cuia 63976-203 Ferreira / MA' );
INSERT INTO parque ( cnpj, nome, mapaFilePath, endereco )
	VALUES ( '27.212.089/2348-34', 'Sra. Kamilly FariasFernandes', 'Accusamus explicabo iure culpa. Totam mollitia minima quis nemo ea laboriosam.Nemo repellat velit fug', 'Conjunto Rafaela Novaes, 24 Confisco 76992-316 Correia / PR' );
INSERT INTO parque ( cnpj, nome, mapaFilePath, endereco )
	VALUES ( '10.762.562/0328-80', 'Fernanda Sales', 'Tempora laborum error totam harum omnis. Unde sequi aliquam deleniti. Consequatur rerum dolore eos fugit perferendis ill', 'Trecho das Neves, 50 Vila Suzana Primeira Seção 10024-102 Silveira Paulista / DF' );
INSERT INTO parque ( cnpj, nome, mapaFilePath, endereco )
	VALUES ( '85.126.205/3041-95', 'Luiz Otávio Aragão', 'Suscipit ipsa autem dignissimos veritatis. Amet laboriosam voluptas aperiam modi saepe. Praesentium qui consequatu', 'Recanto Melissa Santos, 21 Conjunto Capitão Eduardo 20242330 Cardoso, / PA' );
INSERT INTO parque ( cnpj, nome, mapaFilePath, endereco )
	VALUES ( '98.442.398/1718-06', 'Thiago Barros', 'Fuga fugiat ab enim officia quisquam. Illum molestiae inventore inventore. Nemo inventor', 'Viela de Nascimento, 83 Dom Bosco 51656-315 Rocha de da Costa / BA' );
INSERT INTO parque ( cnpj, nome, mapaFilePath, endereco )
	VALUES ( '96.104.561/9636-17', 'Vinicius Viana', 'Quos ratione quia nemo nostrum neque saepe optio. Magni ut explicabo adipisci architecto.Deserunt ipsum eos minus. Animi s', 'Área de Sales, 961 Vila Batik 26346475 Azevedo Verde / RN' );
INSERT INTO parque ( cnpj, nome, mapaFilePath, endereco )
	VALUES ( '69.285.541/9484-67', 'João Miguel da Costa', 'Rerum debitis provident consequuntur animi corporis. Esse numquam ', 'Fazenda de da Conceição, 82 Zilah Sposito 10780-292 Ferreira / PA' );
INSERT INTO parque ( cnpj, nome, mapaFilePath, endereco )
	VALUES ( '07.152.815/3089-02', 'Enrico Ferreira', 'Alias vel soluta modi. Rem molestias iure sequi ratione facere unde. Minus veritatis iusto esse similique quos amet.', 'Morro Yasmin Castro, 54 Grota 08665-586 Aragão / ES' );
INSERT INTO parque ( cnpj, nome, mapaFilePath, endereco )
	VALUES ( '93.402.592/7788-37', 'Isaac Azevedo', 'Quisquam officia similique doloribus occaecati vero fugiat. Odio totam ipsa numquam doloribus. Illum im', 'Feira de Gonçalves, 6 Vila Real 1ª Seção 60404-196 Sales / PI' );
INSERT INTO parque ( cnpj, nome, mapaFilePath, endereco )
	VALUES ( '46.044.256/6861-31', 'Helena Caldeira', 'Laborum autem perferendis quam aspernatur. Consequuntur ut illum nisi iusto ', 'Trecho de Ribeiro, 30 Delta 03302-843 da Mota de Castro / MA' );
INSERT INTO parque ( cnpj, nome, mapaFilePath, endereco )
	VALUES ( '15.632.730/7596-94', 'Sra. Evelyn Barros', 'Error eligendi ducimus odit delectus. Nobis ullam recusandae quos iure at ex.Rem magni in quidem. Illum quod r', 'Condomínio de Martins, 4 Sport Club 87744707 Rodrigues / AC' );
INSERT INTO parque ( cnpj, nome, mapaFilePath, endereco )
	VALUES ( '16.231.484/0684-30', 'Eloah Silveira', 'Nam culpa corporis. Minus natus ducimus aut laborum tempora officiis et. Repellat quos labore.Velit iste eveniet nemo placea', 'Largo de Cunha, 424 Rio Branco 73348-479 Dias do Galho / SP' );
INSERT INTO parque ( cnpj, nome, mapaFilePath, endereco )
	VALUES ( '17.262.018/0146-90', 'Dr. Joaquim Pereira', 'Aperiam voluptates quisquam repellat nihil dolorum vero. Aperiam architecto quia commodi debitis quia modi. Eius sapiente plac', 'Vereda Aragão, 203 Ouro Preto 77123524 Azevedo da Prata / PA' );
INSERT INTO parque ( cnpj, nome, mapaFilePath, endereco )
	VALUES ( '79.094.252/2525-24', 'João Felipe Ramos', 'Delectus natus fugiat harum quidem optio. Nam quas perspiciatis dolorum atque.Qui est similique nam. Amet', 'Loteamento Alves, 12 São Geraldo 81556-177 Pereira / MG' );
INSERT INTO parque ( cnpj, nome, mapaFilePath, endereco )
	VALUES ( '13.232.540/1686-02', 'Ana Carolina Viana', 'Itaque eos voluptatibus reiciendis.Accusamus soluta tenetur dolorum cupiditate. Quod quod in fug', 'Rua Anthony Lopes, 50 Bonsucesso 74213526 Caldeira da Praia / AC' );
INSERT INTO parque ( cnpj, nome, mapaFilePath, endereco )
	VALUES ( '70.795.127/0530-96', 'Sra. Clara Novaes', 'Corrupti nostrum nobis nisi illum labore. Quis eligendi a accusamus maxime dignissimos similique. Maiores facere ea.Est ', 'Largo de Azevedo, 59 Vila Madre Gertrudes 4ª Seção 64162472 da Cunha / PI' );
INSERT INTO parque ( cnpj, nome, mapaFilePath, endereco )
	VALUES ( '02.485.045/1717-80', 'Sr. Carlos Eduardo Monteiro', 'Laudantium cumque voluptatem beatae nisi. Nostrum unde perspiciatis', 'Área Duarte, 641 Custodinha 07068-756 Azevedo de Castro / AC' );
INSERT INTO parque ( cnpj, nome, mapaFilePath, endereco )
	VALUES ( '09.915.051/8814-10', 'Sarah Freitas', 'Dolor quas dolorem asperiores ipsum.Cumque explicabo alias cupiditate pariatur unde iure libero. Nulla aliquam provident e', 'Lagoa Joaquim Aragão, 7 Barreiro 56939778 Carvalho do Oeste / GO' );
INSERT INTO parque ( cnpj, nome, mapaFilePath, endereco )
	VALUES ( '20.310.882/8682-79', 'Enzo Gabriel Pinto', 'Explicabo enim cupiditate. Beatae odio saepe.Reiciendis molestiae mollitia iusto quas cumque. Aperiam incidunt veniam re', 'Vereda Ana da Rosa, 17 Vila Batik 17064732 Sales / PA' );

/* TABLE festaNoParque */
/* NULL INSERTION FOR ATTRIBUTEdataFimAT TABLEfestaNoParque */
INSERT INTO festaNoParque ( cnpjParque, dataInicio, dataFim, numeroConvidados, nome )
	VALUES ( '20.310.882/8682-79', to_date ('2014-03-17', 'YYYY-MM-DD'), NULL, 244773, 'Maria Julia da Rosa' );
INSERT INTO festaNoParque ( cnpjParque, dataInicio, dataFim, numeroConvidados, nome )
	VALUES ( '93.402.592/7788-37', to_date ('2010-10-20', 'YYYY-MM-DD'), to_date ('2002-03-10', 'YYYY-MM-DD'), 336578, 'Vitor Barros' );
INSERT INTO festaNoParque ( cnpjParque, dataInicio, dataFim, numeroConvidados, nome )
	VALUES ( '74.696.715/9367-55', to_date ('2018-11-22', 'YYYY-MM-DD'), to_date ('2012-10-12', 'YYYY-MM-DD'), 431084, 'Vitor Gabriel Monteiro' );
INSERT INTO festaNoParque ( cnpjParque, dataInicio, dataFim, numeroConvidados, nome )
	VALUES ( '17.262.018/0146-90', to_date ('2004-04-29', 'YYYY-MM-DD'), to_date ('2004-09-14', 'YYYY-MM-DD'), 834713, 'Davi Barbosa' );
INSERT INTO festaNoParque ( cnpjParque, dataInicio, dataFim, numeroConvidados, nome )
	VALUES ( '13.232.540/1686-02', to_date ('2005-05-10', 'YYYY-MM-DD'), to_date ('2018-07-02', 'YYYY-MM-DD'), 585837, 'Luiz Felipe Ribeiro' );
INSERT INTO festaNoParque ( cnpjParque, dataInicio, dataFim, numeroConvidados, nome )
	VALUES ( '96.104.561/9636-17', to_date ('2016-08-15', 'YYYY-MM-DD'), to_date ('2008-11-26', 'YYYY-MM-DD'), 155252, 'Agatha Novaes' );
INSERT INTO festaNoParque ( cnpjParque, dataInicio, dataFim, numeroConvidados, nome )
	VALUES ( '13.232.540/1686-02', to_date ('2018-05-01', 'YYYY-MM-DD'), to_date ('2008-04-15', 'YYYY-MM-DD'), 623317, 'Vinicius Barros' );
INSERT INTO festaNoParque ( cnpjParque, dataInicio, dataFim, numeroConvidados, nome )
	VALUES ( '69.285.541/9484-67', to_date ('2014-08-28', 'YYYY-MM-DD'), to_date ('2017-04-08', 'YYYY-MM-DD'), 581980, 'Luiz Miguel Dias' );
INSERT INTO festaNoParque ( cnpjParque, dataInicio, dataFim, numeroConvidados, nome )
	VALUES ( '85.126.205/3041-95', to_date ('2017-12-04', 'YYYY-MM-DD'), to_date ('2015-10-04', 'YYYY-MM-DD'), 458393, 'Clarice Dias' );
INSERT INTO festaNoParque ( cnpjParque, dataInicio, dataFim, numeroConvidados, nome )
	VALUES ( '20.310.882/8682-79', to_date ('2007-06-04', 'YYYY-MM-DD'), to_date ('2001-02-10', 'YYYY-MM-DD'), 483321, 'Luana Aragão' );
INSERT INTO festaNoParque ( cnpjParque, dataInicio, dataFim, numeroConvidados, nome )
	VALUES ( '10.762.562/0328-80', to_date ('2018-01-29', 'YYYY-MM-DD'), to_date ('2005-05-21', 'YYYY-MM-DD'), 233631, 'Felipe Cardoso' );
INSERT INTO festaNoParque ( cnpjParque, dataInicio, dataFim, numeroConvidados, nome )
	VALUES ( '85.126.205/3041-95', to_date ('2008-07-25', 'YYYY-MM-DD'), to_date ('2009-08-26', 'YYYY-MM-DD'), 644440, 'Gabrielly Araújo' );
INSERT INTO festaNoParque ( cnpjParque, dataInicio, dataFim, numeroConvidados, nome )
	VALUES ( '07.152.815/3089-02', to_date ('2011-05-22', 'YYYY-MM-DD'), to_date ('2016-08-11', 'YYYY-MM-DD'), 211040, 'Laís Costa' );
INSERT INTO festaNoParque ( cnpjParque, dataInicio, dataFim, numeroConvidados, nome )
	VALUES ( '07.152.815/3089-02', to_date ('2016-06-13', 'YYYY-MM-DD'), to_date ('2001-06-23', 'YYYY-MM-DD'), 870002, 'Luiz Felipe da Costa' );
INSERT INTO festaNoParque ( cnpjParque, dataInicio, dataFim, numeroConvidados, nome )
	VALUES ( '02.485.045/1717-80', to_date ('2014-09-19', 'YYYY-MM-DD'), to_date ('2004-04-20', 'YYYY-MM-DD'), 372007, 'Sra. Sophie Ribeiro' );
INSERT INTO festaNoParque ( cnpjParque, dataInicio, dataFim, numeroConvidados, nome )
	VALUES ( '09.915.051/8814-10', to_date ('2011-02-11', 'YYYY-MM-DD'), to_date ('2011-01-12', 'YYYY-MM-DD'), 677322, 'Dr. Vicente Gonçalves' );
INSERT INTO festaNoParque ( cnpjParque, dataInicio, dataFim, numeroConvidados, nome )
	VALUES ( '17.262.018/0146-90', to_date ('2010-11-02', 'YYYY-MM-DD'), to_date ('2000-06-09', 'YYYY-MM-DD'), 238098, 'Maria Alice Nunes' );
INSERT INTO festaNoParque ( cnpjParque, dataInicio, dataFim, numeroConvidados, nome )
	VALUES ( '79.094.252/2525-24', to_date ('2012-03-02', 'YYYY-MM-DD'), to_date ('2014-09-26', 'YYYY-MM-DD'), 126095, 'Ana Luiza Carvalho' );
INSERT INTO festaNoParque ( cnpjParque, dataInicio, dataFim, numeroConvidados, nome )
	VALUES ( '20.310.882/8682-79', to_date ('2000-02-18', 'YYYY-MM-DD'), to_date ('2011-02-03', 'YYYY-MM-DD'), 309826, 'Emilly Viana' );
INSERT INTO festaNoParque ( cnpjParque, dataInicio, dataFim, numeroConvidados, nome )
	VALUES ( '02.485.045/1717-80', to_date ('2003-02-16', 'YYYY-MM-DD'), to_date ('2010-02-06', 'YYYY-MM-DD'), 153316, 'Maria Julia Moraes' );
INSERT INTO festaNoParque ( cnpjParque, dataInicio, dataFim, numeroConvidados, nome )
	VALUES ( '96.104.561/9636-17', to_date ('2001-01-06', 'YYYY-MM-DD'), to_date ('2004-05-14', 'YYYY-MM-DD'), 753327, 'Sr. Gustavo Peixoto' );

/* TABLE atracao */
INSERT INTO atracao ( cnpjParque, dataFesta, numero, nome, poligono )
	VALUES ( '07.152.815/3089-02', to_date ('2011-05-22', 'YYYY-MM-DD'), 761632, 'Clarice Ribeiro', '{{162588, 418712, 793662}, {435070, 542019, 177436}, {540661, 891806, 342520}, {300146, 116133, 780475}, {546820, 317185, 641702}, {380852, 780989, 840600}, {400390, 145597, 468020}, {124534, 802558, 843623}, {404932, 528077, 137282}, {789675, 316640, 595457}}' );
INSERT INTO atracao ( cnpjParque, dataFesta, numero, nome, poligono )
	VALUES ( '85.126.205/3041-95', to_date ('2008-07-25', 'YYYY-MM-DD'), 392025, 'Maria Luiza Rocha', '{{172072, 517485, 794778}, {591690, 337639, 500780}, {230522, 426275, 458905}, {334936, 628429, 337455}, {147833, 877323, 832971}, {127277, 131386, 319396}, {237527, 502464, 475988}, {341969, 605505, 828594}, {104350, 823795, 692946}, {179056, 790795, 271400}}' );
INSERT INTO atracao ( cnpjParque, dataFesta, numero, nome, poligono )
	VALUES ( '02.485.045/1717-80', to_date ('2014-09-19', 'YYYY-MM-DD'), 763202, 'Heitor da Mota', '{{779527, 188529, 799343}, {878960, 842369, 125630}, {307080, 439510, 248484}, {553207, 120127, 617258}, {726908, 787435, 447438}, {407185, 517601, 818439}, {612575, 544053, 769074}, {335471, 815179, 404137}, {800739, 768167, 155419}, {571268, 484984, 545870}}' );
INSERT INTO atracao ( cnpjParque, dataFesta, numero, nome, poligono )
	VALUES ( '69.285.541/9484-67', to_date ('2014-08-28', 'YYYY-MM-DD'), 200289, 'Srta. Lorena Oliveira', '{{813325, 334481, 858682}, {129985, 511196, 100623}, {758782, 685636, 418520}, {104385, 653667, 610191}, {881227, 444271, 545547}, {204970, 881651, 355327}, {272175, 849640, 278614}, {183104, 504832, 883221}, {270260, 828894, 724629}, {532978, 313032, 107903}}' );
INSERT INTO atracao ( cnpjParque, dataFesta, numero, nome, poligono )
	VALUES ( '09.915.051/8814-10', to_date ('2011-02-11', 'YYYY-MM-DD'), 648828, 'Sr. Luiz Miguel Santos', '{{856203, 567514, 775383}, {873426, 550416, 674626}, {379950, 541103, 629739}, {537364, 379327, 782953}, {841207, 545920, 618537}, {717958, 297938, 772212}, {201046, 468901, 164956}, {356984, 624098, 763251}, {383289, 705516, 434316}, {377447, 651918, 768892}}' );
INSERT INTO atracao ( cnpjParque, dataFesta, numero, nome, poligono )
	VALUES ( '93.402.592/7788-37', to_date ('2010-10-20', 'YYYY-MM-DD'), 898634, 'Thales Souza', '{{230980, 346633, 438747}, {175244, 829316, 707777}, {388113, 619009, 109372}, {707375, 367877, 728520}, {158733, 632407, 749648}, {288883, 627809, 150454}, {400371, 501128, 570420}, {785127, 805207, 766545}, {579213, 145990, 371162}, {522931, 169150, 225032}}' );
INSERT INTO atracao ( cnpjParque, dataFesta, numero, nome, poligono )
	VALUES ( '02.485.045/1717-80', to_date ('2014-09-19', 'YYYY-MM-DD'), 225407, 'Vitor Hugo Barros', '{{254330, 517085, 504404}, {481107, 561420, 343948}, {740363, 312760, 704350}, {180940, 428262, 643324}, {650367, 384614, 246393}, {424044, 892988, 499368}, {533399, 873559, 892419}, {364505, 632232, 586911}, {388324, 433458, 465505}, {506771, 709867, 414513}}' );
INSERT INTO atracao ( cnpjParque, dataFesta, numero, nome, poligono )
	VALUES ( '74.696.715/9367-55', to_date ('2018-11-22', 'YYYY-MM-DD'), 113094, 'Catarina Moura', '{{806456, 655258, 643423}, {134861, 151343, 449382}, {853745, 516437, 193272}, {120600, 643553, 595279}, {231091, 522034, 880535}, {364791, 528150, 757188}, {662103, 136188, 227023}, {879436, 722931, 609095}, {706693, 840983, 113377}, {689877, 528040, 703607}}' );
INSERT INTO atracao ( cnpjParque, dataFesta, numero, nome, poligono )
	VALUES ( '74.696.715/9367-55', to_date ('2018-11-22', 'YYYY-MM-DD'), 121816, 'Heloísa FariasFernandes', '{{568465, 607499, 200641}, {417668, 238024, 620218}, {385198, 801949, 341645}, {299063, 648673, 205302}, {163286, 808596, 482852}, {564441, 447256, 769458}, {191450, 140681, 243389}, {500309, 842277, 497682}, {259644, 144193, 769611}, {135749, 761407, 299397}}' );
INSERT INTO atracao ( cnpjParque, dataFesta, numero, nome, poligono )
	VALUES ( '69.285.541/9484-67', to_date ('2014-08-28', 'YYYY-MM-DD'), 702823, 'João Felipe Porto', '{{884543, 361173, 684559}, {799852, 400192, 508070}, {469080, 889315, 122778}, {629103, 642727, 838023}, {617198, 220529, 366735}, {123853, 812332, 575498}, {575678, 492906, 819347}, {368535, 723508, 368853}, {553383, 867503, 509207}, {847125, 597944, 700026}}' );
INSERT INTO atracao ( cnpjParque, dataFesta, numero, nome, poligono )
	VALUES ( '09.915.051/8814-10', to_date ('2011-02-11', 'YYYY-MM-DD'), 135325, 'Kamilly Moraes', '{{170152, 102579, 385525}, {650540, 571237, 576758}, {850665, 450367, 668614}, {835835, 130471, 659834}, {658041, 221490, 865677}, {876606, 483674, 611723}, {777230, 400095, 701323}, {364155, 129568, 251457}, {442461, 444131, 270381}, {186176, 754163, 291718}}' );
INSERT INTO atracao ( cnpjParque, dataFesta, numero, nome, poligono )
	VALUES ( '13.232.540/1686-02', to_date ('2005-05-10', 'YYYY-MM-DD'), 666979, 'Ana Júlia Lopes', '{{379811, 794647, 186303}, {328475, 489402, 606640}, {289647, 282884, 759390}, {635678, 684591, 320420}, {781575, 640882, 608510}, {372422, 367045, 563029}, {422953, 736750, 519047}, {179499, 615806, 235968}, {790709, 500367, 666245}, {563166, 658790, 860954}}' );
INSERT INTO atracao ( cnpjParque, dataFesta, numero, nome, poligono )
	VALUES ( '02.485.045/1717-80', to_date ('2014-09-19', 'YYYY-MM-DD'), 314076, 'Rafael da Luz', '{{394550, 440811, 196476}, {621218, 379749, 216229}, {134464, 669962, 504087}, {521383, 872545, 456946}, {312464, 142594, 214763}, {479710, 233416, 395314}, {556541, 133153, 780560}, {128745, 605554, 117158}, {849064, 412257, 141238}, {516752, 629269, 284699}}' );
INSERT INTO atracao ( cnpjParque, dataFesta, numero, nome, poligono )
	VALUES ( '85.126.205/3041-95', to_date ('2017-12-04', 'YYYY-MM-DD'), 811001, 'Dra. Nicole da Rosa', '{{897930, 269986, 516725}, {752995, 309579, 304134}, {385292, 349938, 835043}, {252765, 425575, 469787}, {261313, 445081, 787323}, {696588, 297053, 153847}, {164575, 793855, 243671}, {472141, 598205, 127571}, {803981, 533210, 452221}, {775211, 619653, 387235}}' );
INSERT INTO atracao ( cnpjParque, dataFesta, numero, nome, poligono )
	VALUES ( '93.402.592/7788-37', to_date ('2010-10-20', 'YYYY-MM-DD'), 634330, 'Maria Sophia Carvalho', '{{453791, 830114, 567754}, {705522, 470191, 108353}, {715112, 685349, 378905}, {109427, 445926, 732848}, {120157, 388100, 543237}, {633129, 710136, 158851}, {161515, 282003, 773497}, {720481, 594460, 710559}, {645032, 250789, 871724}, {338698, 227690, 410313}}' );
INSERT INTO atracao ( cnpjParque, dataFesta, numero, nome, poligono )
	VALUES ( '96.104.561/9636-17', to_date ('2001-01-06', 'YYYY-MM-DD'), 108979, 'Alice Mendes', '{{859032, 123267, 872312}, {601357, 322465, 192964}, {238197, 141587, 644395}, {519536, 304711, 638417}, {880669, 593150, 289193}, {326237, 203813, 672209}, {489174, 393404, 471858}, {884282, 206804, 151528}, {234428, 458980, 517919}, {811218, 644886, 102382}}' );
INSERT INTO atracao ( cnpjParque, dataFesta, numero, nome, poligono )
	VALUES ( '85.126.205/3041-95', to_date ('2017-12-04', 'YYYY-MM-DD'), 470105, 'Maria Vitória Azevedo', '{{442772, 768921, 454531}, {340746, 292429, 468557}, {556344, 142084, 793933}, {158197, 870921, 593559}, {631594, 705396, 268277}, {633624, 484857, 554408}, {128679, 163108, 323461}, {363290, 178255, 246685}, {388684, 523831, 600161}, {575517, 469899, 350563}}' );
INSERT INTO atracao ( cnpjParque, dataFesta, numero, nome, poligono )
	VALUES ( '13.232.540/1686-02', to_date ('2005-05-10', 'YYYY-MM-DD'), 136056, 'Henrique Mendes', '{{445709, 843397, 712623}, {548200, 205368, 431012}, {257100, 248112, 122252}, {541760, 528026, 419642}, {681946, 291016, 168984}, {399988, 550006, 864975}, {574265, 293903, 542103}, {868290, 279569, 362142}, {100572, 169908, 600672}, {556190, 548631, 747485}}' );
INSERT INTO atracao ( cnpjParque, dataFesta, numero, nome, poligono )
	VALUES ( '74.696.715/9367-55', to_date ('2018-11-22', 'YYYY-MM-DD'), 212765, 'Sr. Antônio Nunes', '{{743102, 885240, 151013}, {131260, 283327, 141820}, {756510, 131376, 770090}, {443127, 810287, 229167}, {850934, 770850, 355537}, {257746, 484976, 839283}, {283164, 701385, 579195}, {704529, 633510, 461526}, {428217, 463630, 404830}, {288116, 703196, 661353}}' );
INSERT INTO atracao ( cnpjParque, dataFesta, numero, nome, poligono )
	VALUES ( '17.262.018/0146-90', to_date ('2004-04-29', 'YYYY-MM-DD'), 416452, 'Gabrielly Martins', '{{633839, 538462, 306639}, {288296, 211331, 809174}, {867924, 178259, 549382}, {363499, 727684, 732326}, {389027, 281451, 345602}, {439497, 835097, 149134}, {567788, 894758, 387684}, {823598, 531832, 195600}, {730947, 389378, 100411}, {889369, 815143, 790102}}' );

/* TABLE opParque */
INSERT INTO opParque ( cpfOpCamera, data, idCameraSecundaria, cnpjParque, dataInicioParque, cpfAssistente )
	VALUES ( '790.123.106-38', to_date ('2002-12-19', 'YYYY-MM-DD'), 12, '02.485.045/1717-80', to_date ('2014-09-19', 'YYYY-MM-DD'), '812.071.546-38' );
INSERT INTO opParque ( cpfOpCamera, data, idCameraSecundaria, cnpjParque, dataInicioParque, cpfAssistente )
	VALUES ( '237.184.783-93', to_date ('2009-01-07', 'YYYY-MM-DD'), 1, '85.126.205/3041-95', to_date ('2017-12-04', 'YYYY-MM-DD'), '335.756.462-82' );
INSERT INTO opParque ( cpfOpCamera, data, idCameraSecundaria, cnpjParque, dataInicioParque, cpfAssistente )
	VALUES ( '151.577.867-60', to_date ('2001-03-09', 'YYYY-MM-DD'), 16, '07.152.815/3089-02', to_date ('2016-06-13', 'YYYY-MM-DD'), '489.655.378-01' );
INSERT INTO opParque ( cpfOpCamera, data, idCameraSecundaria, cnpjParque, dataInicioParque, cpfAssistente )
	VALUES ( '151.577.867-60', to_date ('2018-04-24', 'YYYY-MM-DD'), 16, '10.762.562/0328-80', to_date ('2018-01-29', 'YYYY-MM-DD'), '270.274.957-70' );
INSERT INTO opParque ( cpfOpCamera, data, idCameraSecundaria, cnpjParque, dataInicioParque, cpfAssistente )
	VALUES ( '463.638.965-25', to_date ('2001-11-12', 'YYYY-MM-DD'), 12, '69.285.541/9484-67', to_date ('2014-08-28', 'YYYY-MM-DD'), '260.374.126-16' );
INSERT INTO opParque ( cpfOpCamera, data, idCameraSecundaria, cnpjParque, dataInicioParque, cpfAssistente )
	VALUES ( '237.184.783-93', to_date ('2009-01-07', 'YYYY-MM-DD'), 4, '10.762.562/0328-80', to_date ('2018-01-29', 'YYYY-MM-DD'), '463.638.965-25' );
INSERT INTO opParque ( cpfOpCamera, data, idCameraSecundaria, cnpjParque, dataInicioParque, cpfAssistente )
	VALUES ( '489.655.378-01', to_date ('2003-10-24', 'YYYY-MM-DD'), 20, '20.310.882/8682-79', to_date ('2000-02-18', 'YYYY-MM-DD'), '578.237.094-58' );
INSERT INTO opParque ( cpfOpCamera, data, idCameraSecundaria, cnpjParque, dataInicioParque, cpfAssistente )
	VALUES ( '578.237.094-58', to_date ('2011-04-28', 'YYYY-MM-DD'), 11, '85.126.205/3041-95', to_date ('2008-07-25', 'YYYY-MM-DD'), '426.909.183-65' );
INSERT INTO opParque ( cpfOpCamera, data, idCameraSecundaria, cnpjParque, dataInicioParque, cpfAssistente )
	VALUES ( '489.655.378-01', to_date ('2003-10-24', 'YYYY-MM-DD'), 2, '85.126.205/3041-95', to_date ('2017-12-04', 'YYYY-MM-DD'), '197.150.083-52' );
INSERT INTO opParque ( cpfOpCamera, data, idCameraSecundaria, cnpjParque, dataInicioParque, cpfAssistente )
	VALUES ( '197.150.083-52', to_date ('2005-12-08', 'YYYY-MM-DD'), 9, '17.262.018/0146-90', to_date ('2010-11-02', 'YYYY-MM-DD'), '489.655.378-01' );
INSERT INTO opParque ( cpfOpCamera, data, idCameraSecundaria, cnpjParque, dataInicioParque, cpfAssistente )
	VALUES ( '887.571.842-83', to_date ('2007-07-28', 'YYYY-MM-DD'), 1, '17.262.018/0146-90', to_date ('2004-04-29', 'YYYY-MM-DD'), '747.462.479-71' );
INSERT INTO opParque ( cpfOpCamera, data, idCameraSecundaria, cnpjParque, dataInicioParque, cpfAssistente )
	VALUES ( '335.756.462-82', to_date ('2010-05-25', 'YYYY-MM-DD'), 1, '13.232.540/1686-02', to_date ('2018-05-01', 'YYYY-MM-DD'), '979.525.427-91' );
INSERT INTO opParque ( cpfOpCamera, data, idCameraSecundaria, cnpjParque, dataInicioParque, cpfAssistente )
	VALUES ( '335.756.462-82', to_date ('2017-07-27', 'YYYY-MM-DD'), 2, '09.915.051/8814-10', to_date ('2011-02-11', 'YYYY-MM-DD'), '979.525.427-91' );
INSERT INTO opParque ( cpfOpCamera, data, idCameraSecundaria, cnpjParque, dataInicioParque, cpfAssistente )
	VALUES ( '237.184.783-93', to_date ('2009-01-07', 'YYYY-MM-DD'), 7, '17.262.018/0146-90', to_date ('2010-11-02', 'YYYY-MM-DD'), '259.582.620-49' );
INSERT INTO opParque ( cpfOpCamera, data, idCameraSecundaria, cnpjParque, dataInicioParque, cpfAssistente )
	VALUES ( '578.237.094-58', to_date ('2011-04-28', 'YYYY-MM-DD'), 13, '85.126.205/3041-95', to_date ('2017-12-04', 'YYYY-MM-DD'), '294.405.579-59' );
INSERT INTO opParque ( cpfOpCamera, data, idCameraSecundaria, cnpjParque, dataInicioParque, cpfAssistente )
	VALUES ( '197.150.083-52', to_date ('2005-12-08', 'YYYY-MM-DD'), 6, '13.232.540/1686-02', to_date ('2005-05-10', 'YYYY-MM-DD'), '463.638.965-25' );
INSERT INTO opParque ( cpfOpCamera, data, idCameraSecundaria, cnpjParque, dataInicioParque, cpfAssistente )
	VALUES ( '335.756.462-82', to_date ('2017-07-27', 'YYYY-MM-DD'), 17, '96.104.561/9636-17', to_date ('2001-01-06', 'YYYY-MM-DD'), '463.638.965-25' );
INSERT INTO opParque ( cpfOpCamera, data, idCameraSecundaria, cnpjParque, dataInicioParque, cpfAssistente )
	VALUES ( '197.150.083-52', to_date ('2009-04-06', 'YYYY-MM-DD'), 16, '93.402.592/7788-37', to_date ('2010-10-20', 'YYYY-MM-DD'), '979.525.427-91' );
INSERT INTO opParque ( cpfOpCamera, data, idCameraSecundaria, cnpjParque, dataInicioParque, cpfAssistente )
	VALUES ( '260.374.126-16', to_date ('2004-06-21', 'YYYY-MM-DD'), 11, '96.104.561/9636-17', to_date ('2016-08-15', 'YYYY-MM-DD'), '812.071.546-38' );
INSERT INTO opParque ( cpfOpCamera, data, idCameraSecundaria, cnpjParque, dataInicioParque, cpfAssistente )
	VALUES ( '812.071.546-38', to_date ('2002-10-07', 'YYYY-MM-DD'), 11, '07.152.815/3089-02', to_date ('2011-05-22', 'YYYY-MM-DD'), '062.640.732-50' );

/* TABLE pontoInstalacao */
/* NULL INSERTION FOR ATTRIBUTEfonteAlimentacaoAT TABLEpontoInstalacao */
INSERT INTO pontoInstalacao ( cnpjParque, coordenadas, descricao, conectividade, iluminacao, contatoAgua, fonteAlimentacao )
	VALUES ( '20.310.882/8682-79', '{612903, 324207, 415314}', 'Sint nam molestiae expedita. Earum autem voluptate nemo nemo. Officiis aperiam dolorem voluptatibus nostrum ducimus numquam.', 'Provident dolores su', 'BAIXA', FALSE, NULL );
/* NULL INSERTION FOR ATTRIBUTEcontatoAguaAT TABLEpontoInstalacao */
INSERT INTO pontoInstalacao ( cnpjParque, coordenadas, descricao, conectividade, iluminacao, contatoAgua, fonteAlimentacao )
	VALUES ( '69.285.541/9484-67', '{378514, 894545, 135014}', 'Eligendi magnam quis repudiandae nesciunt possimus. Accusantium iure voluptatem sint aut reprehenderit eum. Natus accusantium ap', 'Eaque totam non natus vitae lab', 'MEDIA', NULL, 'Sapiente et laudantium ad' );
/* NULL INSERTION FOR ATTRIBUTEiluminacaoAT TABLEpontoInstalacao */
INSERT INTO pontoInstalacao ( cnpjParque, coordenadas, descricao, conectividade, iluminacao, contatoAgua, fonteAlimentacao )
	VALUES ( '93.402.592/7788-37', '{174904, 401990, 254307}', 'Quibusdam nihil voluptas aut quod. Earum accusantium beatae tenetur. Quo molestias optio. Soluta quam quidem quisquam enim venia', 'Consequatur ut ipsam.Optio ', NULL, TRUE, 'Aliquam omnis adipisci' );
/* NULL INSERTION FOR ATTRIBUTEconectividadeAT TABLEpontoInstalacao */
INSERT INTO pontoInstalacao ( cnpjParque, coordenadas, descricao, conectividade, iluminacao, contatoAgua, fonteAlimentacao )
	VALUES ( '17.262.018/0146-90', '{294706, 242894, 264395}', 'Deleniti dolorum maiores dolores totam iusto. Ad sapiente id ratione quia iste.', NULL, 'MEDIA', FALSE, 'Consequatur placea' );
/* NULL INSERTION FOR ATTRIBUTEdescricaoAT TABLEpontoInstalacao */
INSERT INTO pontoInstalacao ( cnpjParque, coordenadas, descricao, conectividade, iluminacao, contatoAgua, fonteAlimentacao )
	VALUES ( '46.044.256/6861-31', '{445423, 116377, 591470}', NULL, 'Quod beatae officia', 'BAIXA', FALSE, 'Ipsam iure dicta nec' );
INSERT INTO pontoInstalacao ( cnpjParque, coordenadas, descricao, conectividade, iluminacao, contatoAgua, fonteAlimentacao )
	VALUES ( '46.044.256/6861-31', '{337365, 615077, 887916}', 'Maiores laudantium nisi. Dignissimos debitis nam incidunt ullam enim. Eveniet necessitatibus dolorem amet cumque deleniti velit.', 'Possimus deserunt prae', 'BAIXA', TRUE, 'Nisi incidunt nisi. Illum alias' );
INSERT INTO pontoInstalacao ( cnpjParque, coordenadas, descricao, conectividade, iluminacao, contatoAgua, fonteAlimentacao )
	VALUES ( '24.493.060/0162-45', '{465996, 462358, 501697}', 'Maxime numquam consectetur esse laudantium error laborum. Sint deleniti velit nulla dolor quia nisi atque. Rem magnam quam dolor', 'Voluptate saepe ip', 'MEDIA', TRUE, 'Quia iste sed nisi dolores. Di' );
INSERT INTO pontoInstalacao ( cnpjParque, coordenadas, descricao, conectividade, iluminacao, contatoAgua, fonteAlimentacao )
	VALUES ( '02.485.045/1717-80', '{866994, 293202, 507983}', 'Suscipit adipisci modi. Sed magni recusandae ipsam iusto. Culpa quam dolore rerum itaque tenetur assumenda. Facilis impedit dolo', 'Atque sunt in quas iusto. Aliq', 'ALTA', FALSE, 'Adipisci sunt modi' );
INSERT INTO pontoInstalacao ( cnpjParque, coordenadas, descricao, conectividade, iluminacao, contatoAgua, fonteAlimentacao )
	VALUES ( '79.094.252/2525-24', '{160075, 440418, 498373}', 'Maiores consequuntur nisi nulla. Minima neque eum dolores minima eligendi. Aspernatur dolores adipisci ipsum qui doloremque dolo', 'Aspernatur volup', 'BAIXA', TRUE, 'Vitae officiis eveniet repr' );
INSERT INTO pontoInstalacao ( cnpjParque, coordenadas, descricao, conectividade, iluminacao, contatoAgua, fonteAlimentacao )
	VALUES ( '17.262.018/0146-90', '{354411, 407556, 897978}', 'Temporibus alias laboriosam vero consectetur soluta deserunt. Sit exercitationem nihil veritatis. Tempore fugiat vitae commodi o', 'Quam magni odio doloribus a', 'MEDIA', FALSE, 'Est cupiditate dicta ' );
INSERT INTO pontoInstalacao ( cnpjParque, coordenadas, descricao, conectividade, iluminacao, contatoAgua, fonteAlimentacao )
	VALUES ( '27.212.089/2348-34', '{234229, 211280, 554249}', 'Voluptas harum error sit pariatur esse.', 'Dolorum doloribus ipsa arch', 'BAIXA', TRUE, 'Maiores rem nostrum explicabo. ' );
INSERT INTO pontoInstalacao ( cnpjParque, coordenadas, descricao, conectividade, iluminacao, contatoAgua, fonteAlimentacao )
	VALUES ( '02.485.045/1717-80', '{338674, 779226, 515458}', 'Recusandae maxime et dolor hic. Reiciendis nobis mollitia rerum provident natus. Impedit itaque ipsam perferendis reiciendis mai', 'Et non cumque minus. Porro even', 'ALTA', FALSE, 'Ipsum accusamus earum hic. ' );
INSERT INTO pontoInstalacao ( cnpjParque, coordenadas, descricao, conectividade, iluminacao, contatoAgua, fonteAlimentacao )
	VALUES ( '98.442.398/1718-06', '{322467, 101566, 205879}', 'Eos doloremque illum enim facere. Commodi velit nemo doloribus cumque dolorem quibusdam debitis. Vel ipsa tempore rem harum. Inv', 'Quisquam eaque ea odio quasi', 'MEDIA', TRUE, 'Reiciendis impedit q' );
INSERT INTO pontoInstalacao ( cnpjParque, coordenadas, descricao, conectividade, iluminacao, contatoAgua, fonteAlimentacao )
	VALUES ( '85.126.205/3041-95', '{886104, 546990, 779103}', 'Saepe mollitia error sit. Quaerat fugit provident odio vero laudantium. Quas non ex nam eius. Sed sapiente velit eaque.', 'Corrupti cum neque nobis pers', 'MEDIA', TRUE, 'Enim soluta quas sint rep' );
INSERT INTO pontoInstalacao ( cnpjParque, coordenadas, descricao, conectividade, iluminacao, contatoAgua, fonteAlimentacao )
	VALUES ( '93.402.592/7788-37', '{325561, 875442, 151796}', 'Alias quam quis rem iure minus veniam. Dolor nam maxime vel illo. Eos distinctio non ea accusamus voluptatem maiores.', 'Quam laborum commodi ', 'MEDIA', FALSE, 'Architecto quis ' );
INSERT INTO pontoInstalacao ( cnpjParque, coordenadas, descricao, conectividade, iluminacao, contatoAgua, fonteAlimentacao )
	VALUES ( '69.285.541/9484-67', '{322740, 378428, 370535}', 'Totam dignissimos ea temporibus laudantium aliquam quidem. Omnis cupiditate quaerat nemo deleniti consequuntur.', 'Asperiores nemo velit v', 'BAIXA', TRUE, 'Harum laboriosam' );
INSERT INTO pontoInstalacao ( cnpjParque, coordenadas, descricao, conectividade, iluminacao, contatoAgua, fonteAlimentacao )
	VALUES ( '27.212.089/2348-34', '{744974, 193282, 174939}', 'Quos vitae itaque adipisci quo voluptates. Voluptas deleniti cumque saepe ipsam cumque. Perspiciatis laborum quae placeat volupt', 'Nam ducimus cons', 'MEDIA', TRUE, 'Commodi alias tempora quibus' );
INSERT INTO pontoInstalacao ( cnpjParque, coordenadas, descricao, conectividade, iluminacao, contatoAgua, fonteAlimentacao )
	VALUES ( '74.696.715/9367-55', '{353183, 179923, 137173}', 'Et voluptate quasi perspiciatis. Molestiae tempora id consectetur dolor reiciendis ex. Provident id tempore nemo ducimus error e', 'Placeat asperiores numquam sapie', 'BAIXA', FALSE, 'Quasi officia facer' );
INSERT INTO pontoInstalacao ( cnpjParque, coordenadas, descricao, conectividade, iluminacao, contatoAgua, fonteAlimentacao )
	VALUES ( '96.104.561/9636-17', '{499802, 278724, 679422}', 'Laboriosam voluptatum doloremque laudantium molestiae. Sint ad dignissimos iure eos sit molestias nemo. Dolore fugiat quam ad at', 'Rem deleniti eum rem', 'ALTA', FALSE, 'Quam illum sapiente. Tempo' );
INSERT INTO pontoInstalacao ( cnpjParque, coordenadas, descricao, conectividade, iluminacao, contatoAgua, fonteAlimentacao )
	VALUES ( '15.632.730/7596-94', '{770217, 466193, 462421}', 'Ab rem sequi. Ad modi explicabo autem natus laudantium. Magni sapiente tempora rem molestiae ex hic ab. Illum consectetur qui au', 'Nobis dolore occaecati quae adi', 'BAIXA', TRUE, 'Facere repellendus aperiam maio' );
INSERT INTO pontoInstalacao ( cnpjParque, coordenadas, descricao, conectividade, iluminacao, contatoAgua, fonteAlimentacao )
	VALUES ( '10.762.562/0328-80', '{600103, 690930, 692181}', 'Doloribus quae ea. Atque iste similique delectus rem. Vitae voluptatum earum saepe accusantium ut totam.', 'Voluptatum nulla adipisci n', 'BAIXA', FALSE, 'Ipsam doloribus optio si' );
INSERT INTO pontoInstalacao ( cnpjParque, coordenadas, descricao, conectividade, iluminacao, contatoAgua, fonteAlimentacao )
	VALUES ( '02.485.045/1717-80', '{447117, 666554, 198201}', 'Vitae asperiores natus cumque. Blanditiis eveniet molestiae et mollitia. Eaque autem blanditiis voluptatum voluptate repellendus', 'Laborum ipsam inven', 'MEDIA', FALSE, 'Molestiae quis dol' );
INSERT INTO pontoInstalacao ( cnpjParque, coordenadas, descricao, conectividade, iluminacao, contatoAgua, fonteAlimentacao )
	VALUES ( '15.632.730/7596-94', '{663577, 609920, 827496}', 'Ullam tempore ipsam repellat reprehenderit officia. Hic accusantium nemo repellendus enim. Earum libero debitis nobis corporis s', 'Repellat officiis vitae dolores ', 'BAIXA', TRUE, 'Minima quod soluta' );
INSERT INTO pontoInstalacao ( cnpjParque, coordenadas, descricao, conectividade, iluminacao, contatoAgua, fonteAlimentacao )
	VALUES ( '16.231.484/0684-30', '{409670, 460594, 391815}', 'Impedit illo nesciunt sit est. Quisquam consectetur cupiditate aperiam dolore harum. Atque animi quasi cupiditate. Provident iur', 'Soluta pariatur id repe', 'MEDIA', TRUE, 'Suscipit nam ad laudanti' );
INSERT INTO pontoInstalacao ( cnpjParque, coordenadas, descricao, conectividade, iluminacao, contatoAgua, fonteAlimentacao )
	VALUES ( '17.262.018/0146-90', '{333693, 822086, 295710}', 'Ratione harum quos temporibus nisi. Porro provident cumque eaque expedita alias. Velit perspiciatis eveniet accusantium.', 'A cumque neque ap', 'ALTA', TRUE, 'Provident dignissimos reprehe' );

/* TABLE pontoCamera */
INSERT INTO pontoCamera ( idCamera, cnpjParque, coordenadas, data, quantidade )
	VALUES ( 17, '69.285.541/9484-67', '{322740, 378428, 370535}', to_date ('2004-06-16', 'YYYY-MM-DD'), 897935 );
INSERT INTO pontoCamera ( idCamera, cnpjParque, coordenadas, data, quantidade )
	VALUES ( 5, '02.485.045/1717-80', '{338674, 779226, 515458}', to_date ('2002-08-17', 'YYYY-MM-DD'), 779925 );
INSERT INTO pontoCamera ( idCamera, cnpjParque, coordenadas, data, quantidade )
	VALUES ( 5, '10.762.562/0328-80', '{600103, 690930, 692181}', to_date ('2017-03-23', 'YYYY-MM-DD'), 435750 );
INSERT INTO pontoCamera ( idCamera, cnpjParque, coordenadas, data, quantidade )
	VALUES ( 3, '98.442.398/1718-06', '{322467, 101566, 205879}', to_date ('2012-07-07', 'YYYY-MM-DD'), 506598 );
INSERT INTO pontoCamera ( idCamera, cnpjParque, coordenadas, data, quantidade )
	VALUES ( 11, '02.485.045/1717-80', '{447117, 666554, 198201}', to_date ('2008-09-14', 'YYYY-MM-DD'), 821450 );
INSERT INTO pontoCamera ( idCamera, cnpjParque, coordenadas, data, quantidade )
	VALUES ( 11, '79.094.252/2525-24', '{160075, 440418, 498373}', to_date ('2005-01-23', 'YYYY-MM-DD'), 825310 );
INSERT INTO pontoCamera ( idCamera, cnpjParque, coordenadas, data, quantidade )
	VALUES ( 5, '96.104.561/9636-17', '{499802, 278724, 679422}', to_date ('2006-08-09', 'YYYY-MM-DD'), 392672 );
INSERT INTO pontoCamera ( idCamera, cnpjParque, coordenadas, data, quantidade )
	VALUES ( 10, '16.231.484/0684-30', '{409670, 460594, 391815}', to_date ('2001-08-24', 'YYYY-MM-DD'), 718449 );
INSERT INTO pontoCamera ( idCamera, cnpjParque, coordenadas, data, quantidade )
	VALUES ( 3, '16.231.484/0684-30', '{409670, 460594, 391815}', to_date ('2010-04-19', 'YYYY-MM-DD'), 570737 );
INSERT INTO pontoCamera ( idCamera, cnpjParque, coordenadas, data, quantidade )
	VALUES ( 18, '17.262.018/0146-90', '{333693, 822086, 295710}', to_date ('2009-09-15', 'YYYY-MM-DD'), 396105 );
INSERT INTO pontoCamera ( idCamera, cnpjParque, coordenadas, data, quantidade )
	VALUES ( 18, '02.485.045/1717-80', '{447117, 666554, 198201}', to_date ('2013-06-21', 'YYYY-MM-DD'), 755041 );
INSERT INTO pontoCamera ( idCamera, cnpjParque, coordenadas, data, quantidade )
	VALUES ( 2, '27.212.089/2348-34', '{744974, 193282, 174939}', to_date ('2001-04-21', 'YYYY-MM-DD'), 869517 );
INSERT INTO pontoCamera ( idCamera, cnpjParque, coordenadas, data, quantidade )
	VALUES ( 15, '74.696.715/9367-55', '{353183, 179923, 137173}', to_date ('2018-09-01', 'YYYY-MM-DD'), 575095 );
INSERT INTO pontoCamera ( idCamera, cnpjParque, coordenadas, data, quantidade )
	VALUES ( 6, '16.231.484/0684-30', '{409670, 460594, 391815}', to_date ('2005-05-27', 'YYYY-MM-DD'), 640557 );
INSERT INTO pontoCamera ( idCamera, cnpjParque, coordenadas, data, quantidade )
	VALUES ( 12, '17.262.018/0146-90', '{354411, 407556, 897978}', to_date ('2010-02-23', 'YYYY-MM-DD'), 886108 );
INSERT INTO pontoCamera ( idCamera, cnpjParque, coordenadas, data, quantidade )
	VALUES ( 10, '02.485.045/1717-80', '{338674, 779226, 515458}', to_date ('2018-11-16', 'YYYY-MM-DD'), 801093 );
INSERT INTO pontoCamera ( idCamera, cnpjParque, coordenadas, data, quantidade )
	VALUES ( 7, '02.485.045/1717-80', '{447117, 666554, 198201}', to_date ('2004-06-15', 'YYYY-MM-DD'), 552077 );
INSERT INTO pontoCamera ( idCamera, cnpjParque, coordenadas, data, quantidade )
	VALUES ( 19, '27.212.089/2348-34', '{744974, 193282, 174939}', to_date ('2017-03-26', 'YYYY-MM-DD'), 348602 );
INSERT INTO pontoCamera ( idCamera, cnpjParque, coordenadas, data, quantidade )
	VALUES ( 16, '96.104.561/9636-17', '{499802, 278724, 679422}', to_date ('2005-10-17', 'YYYY-MM-DD'), 207581 );
INSERT INTO pontoCamera ( idCamera, cnpjParque, coordenadas, data, quantidade )
	VALUES ( 5, '93.402.592/7788-37', '{325561, 875442, 151796}', to_date ('2004-11-15', 'YYYY-MM-DD'), 277503 );

/* TABLE pontoEstrutura */
INSERT INTO pontoEstrutura ( idEstruturacao, cnpjParque, coordenadas, data, quantidade )
	VALUES ( 4, '69.285.541/9484-67', '{322740, 378428, 370535}', to_date ('2006-02-12', 'YYYY-MM-DD'), 841391 );
INSERT INTO pontoEstrutura ( idEstruturacao, cnpjParque, coordenadas, data, quantidade )
	VALUES ( 15, '93.402.592/7788-37', '{325561, 875442, 151796}', to_date ('2015-07-10', 'YYYY-MM-DD'), 406705 );
INSERT INTO pontoEstrutura ( idEstruturacao, cnpjParque, coordenadas, data, quantidade )
	VALUES ( 17, '02.485.045/1717-80', '{338674, 779226, 515458}', to_date ('2003-09-02', 'YYYY-MM-DD'), 331992 );
INSERT INTO pontoEstrutura ( idEstruturacao, cnpjParque, coordenadas, data, quantidade )
	VALUES ( 6, '93.402.592/7788-37', '{325561, 875442, 151796}', to_date ('2016-02-20', 'YYYY-MM-DD'), 719232 );
INSERT INTO pontoEstrutura ( idEstruturacao, cnpjParque, coordenadas, data, quantidade )
	VALUES ( 10, '79.094.252/2525-24', '{160075, 440418, 498373}', to_date ('2004-12-05', 'YYYY-MM-DD'), 638470 );
INSERT INTO pontoEstrutura ( idEstruturacao, cnpjParque, coordenadas, data, quantidade )
	VALUES ( 13, '98.442.398/1718-06', '{322467, 101566, 205879}', to_date ('2017-07-12', 'YYYY-MM-DD'), 749275 );
INSERT INTO pontoEstrutura ( idEstruturacao, cnpjParque, coordenadas, data, quantidade )
	VALUES ( 1, '02.485.045/1717-80', '{447117, 666554, 198201}', to_date ('2014-08-12', 'YYYY-MM-DD'), 167769 );
INSERT INTO pontoEstrutura ( idEstruturacao, cnpjParque, coordenadas, data, quantidade )
	VALUES ( 18, '46.044.256/6861-31', '{337365, 615077, 887916}', to_date ('2005-01-25', 'YYYY-MM-DD'), 483189 );
INSERT INTO pontoEstrutura ( idEstruturacao, cnpjParque, coordenadas, data, quantidade )
	VALUES ( 16, '74.696.715/9367-55', '{353183, 179923, 137173}', to_date ('2003-01-09', 'YYYY-MM-DD'), 340842 );
INSERT INTO pontoEstrutura ( idEstruturacao, cnpjParque, coordenadas, data, quantidade )
	VALUES ( 7, '96.104.561/9636-17', '{499802, 278724, 679422}', to_date ('2004-07-27', 'YYYY-MM-DD'), 361382 );
INSERT INTO pontoEstrutura ( idEstruturacao, cnpjParque, coordenadas, data, quantidade )
	VALUES ( 13, '16.231.484/0684-30', '{409670, 460594, 391815}', to_date ('2015-06-25', 'YYYY-MM-DD'), 776787 );
INSERT INTO pontoEstrutura ( idEstruturacao, cnpjParque, coordenadas, data, quantidade )
	VALUES ( 20, '79.094.252/2525-24', '{160075, 440418, 498373}', to_date ('2002-06-08', 'YYYY-MM-DD'), 656307 );
INSERT INTO pontoEstrutura ( idEstruturacao, cnpjParque, coordenadas, data, quantidade )
	VALUES ( 12, '74.696.715/9367-55', '{353183, 179923, 137173}', to_date ('2013-08-05', 'YYYY-MM-DD'), 155092 );
INSERT INTO pontoEstrutura ( idEstruturacao, cnpjParque, coordenadas, data, quantidade )
	VALUES ( 6, '24.493.060/0162-45', '{465996, 462358, 501697}', to_date ('2017-11-04', 'YYYY-MM-DD'), 363357 );
INSERT INTO pontoEstrutura ( idEstruturacao, cnpjParque, coordenadas, data, quantidade )
	VALUES ( 18, '27.212.089/2348-34', '{744974, 193282, 174939}', to_date ('2014-06-30', 'YYYY-MM-DD'), 376004 );
INSERT INTO pontoEstrutura ( idEstruturacao, cnpjParque, coordenadas, data, quantidade )
	VALUES ( 7, '27.212.089/2348-34', '{234229, 211280, 554249}', to_date ('2018-05-22', 'YYYY-MM-DD'), 434929 );
INSERT INTO pontoEstrutura ( idEstruturacao, cnpjParque, coordenadas, data, quantidade )
	VALUES ( 1, '85.126.205/3041-95', '{886104, 546990, 779103}', to_date ('2009-03-05', 'YYYY-MM-DD'), 873104 );
INSERT INTO pontoEstrutura ( idEstruturacao, cnpjParque, coordenadas, data, quantidade )
	VALUES ( 10, '24.493.060/0162-45', '{465996, 462358, 501697}', to_date ('2017-06-18', 'YYYY-MM-DD'), 365789 );
INSERT INTO pontoEstrutura ( idEstruturacao, cnpjParque, coordenadas, data, quantidade )
	VALUES ( 19, '85.126.205/3041-95', '{886104, 546990, 779103}', to_date ('2000-01-20', 'YYYY-MM-DD'), 367880 );
INSERT INTO pontoEstrutura ( idEstruturacao, cnpjParque, coordenadas, data, quantidade )
	VALUES ( 14, '02.485.045/1717-80', '{447117, 666554, 198201}', to_date ('2006-02-23', 'YYYY-MM-DD'), 515939 );

/* TABLE pontoSom */
/* NULL INSERTION FOR ATTRIBUTEnumeroGrafoAT TABLEpontoSom */
INSERT INTO pontoSom ( idSonorizacao, cnpjParque, coordenadas, data, quantidade, numeroGrafo )
	VALUES ( 9, '85.126.205/3041-95', '{886104, 546990, 779103}', to_date ('2014-02-24', 'YYYY-MM-DD'), 161819, NULL );
/* NULL INSERTION FOR ATTRIBUTEdataAT TABLEpontoSom */
INSERT INTO pontoSom ( idSonorizacao, cnpjParque, coordenadas, data, quantidade, numeroGrafo )
	VALUES ( 8, '46.044.256/6861-31', '{337365, 615077, 887916}', NULL, 143188, 412153 );
INSERT INTO pontoSom ( idSonorizacao, cnpjParque, coordenadas, data, quantidade, numeroGrafo )
	VALUES ( 13, '02.485.045/1717-80', '{866994, 293202, 507983}', to_date ('2006-04-01', 'YYYY-MM-DD'), 209905, 896918 );
INSERT INTO pontoSom ( idSonorizacao, cnpjParque, coordenadas, data, quantidade, numeroGrafo )
	VALUES ( 17, '96.104.561/9636-17', '{499802, 278724, 679422}', to_date ('2009-10-26', 'YYYY-MM-DD'), 498168, 647619 );
INSERT INTO pontoSom ( idSonorizacao, cnpjParque, coordenadas, data, quantidade, numeroGrafo )
	VALUES ( 13, '69.285.541/9484-67', '{322740, 378428, 370535}', to_date ('2009-07-09', 'YYYY-MM-DD'), 694728, 174008 );
INSERT INTO pontoSom ( idSonorizacao, cnpjParque, coordenadas, data, quantidade, numeroGrafo )
	VALUES ( 11, '10.762.562/0328-80', '{600103, 690930, 692181}', to_date ('2013-02-06', 'YYYY-MM-DD'), 512439, 402858 );
INSERT INTO pontoSom ( idSonorizacao, cnpjParque, coordenadas, data, quantidade, numeroGrafo )
	VALUES ( 17, '16.231.484/0684-30', '{409670, 460594, 391815}', to_date ('2007-06-30', 'YYYY-MM-DD'), 269256, 783750 );
INSERT INTO pontoSom ( idSonorizacao, cnpjParque, coordenadas, data, quantidade, numeroGrafo )
	VALUES ( 18, '79.094.252/2525-24', '{160075, 440418, 498373}', to_date ('2013-02-10', 'YYYY-MM-DD'), 375875, 468488 );
INSERT INTO pontoSom ( idSonorizacao, cnpjParque, coordenadas, data, quantidade, numeroGrafo )
	VALUES ( 4, '15.632.730/7596-94', '{663577, 609920, 827496}', to_date ('2004-06-12', 'YYYY-MM-DD'), 351095, 812780 );
INSERT INTO pontoSom ( idSonorizacao, cnpjParque, coordenadas, data, quantidade, numeroGrafo )
	VALUES ( 10, '17.262.018/0146-90', '{354411, 407556, 897978}', to_date ('2004-01-22', 'YYYY-MM-DD'), 233704, 588013 );
INSERT INTO pontoSom ( idSonorizacao, cnpjParque, coordenadas, data, quantidade, numeroGrafo )
	VALUES ( 17, '10.762.562/0328-80', '{600103, 690930, 692181}', to_date ('2010-03-02', 'YYYY-MM-DD'), 807556, 603422 );
INSERT INTO pontoSom ( idSonorizacao, cnpjParque, coordenadas, data, quantidade, numeroGrafo )
	VALUES ( 17, '85.126.205/3041-95', '{886104, 546990, 779103}', to_date ('2007-07-06', 'YYYY-MM-DD'), 349594, 548328 );
INSERT INTO pontoSom ( idSonorizacao, cnpjParque, coordenadas, data, quantidade, numeroGrafo )
	VALUES ( 10, '17.262.018/0146-90', '{354411, 407556, 897978}', to_date ('2008-12-07', 'YYYY-MM-DD'), 280135, 295741 );
INSERT INTO pontoSom ( idSonorizacao, cnpjParque, coordenadas, data, quantidade, numeroGrafo )
	VALUES ( 18, '98.442.398/1718-06', '{322467, 101566, 205879}', to_date ('2011-09-20', 'YYYY-MM-DD'), 549275, 592643 );
INSERT INTO pontoSom ( idSonorizacao, cnpjParque, coordenadas, data, quantidade, numeroGrafo )
	VALUES ( 4, '15.632.730/7596-94', '{663577, 609920, 827496}', to_date ('2005-09-12', 'YYYY-MM-DD'), 692276, 696991 );
INSERT INTO pontoSom ( idSonorizacao, cnpjParque, coordenadas, data, quantidade, numeroGrafo )
	VALUES ( 13, '98.442.398/1718-06', '{322467, 101566, 205879}', to_date ('2004-06-20', 'YYYY-MM-DD'), 624395, 599091 );
INSERT INTO pontoSom ( idSonorizacao, cnpjParque, coordenadas, data, quantidade, numeroGrafo )
	VALUES ( 18, '96.104.561/9636-17', '{499802, 278724, 679422}', to_date ('2002-06-13', 'YYYY-MM-DD'), 659903, 197696 );
INSERT INTO pontoSom ( idSonorizacao, cnpjParque, coordenadas, data, quantidade, numeroGrafo )
	VALUES ( 3, '69.285.541/9484-67', '{322740, 378428, 370535}', to_date ('2004-07-29', 'YYYY-MM-DD'), 170485, 308424 );
INSERT INTO pontoSom ( idSonorizacao, cnpjParque, coordenadas, data, quantidade, numeroGrafo )
	VALUES ( 20, '46.044.256/6861-31', '{337365, 615077, 887916}', to_date ('2002-11-02', 'YYYY-MM-DD'), 774850, 667026 );
INSERT INTO pontoSom ( idSonorizacao, cnpjParque, coordenadas, data, quantidade, numeroGrafo )
	VALUES ( 7, '02.485.045/1717-80', '{338674, 779226, 515458}', to_date ('2015-09-15', 'YYYY-MM-DD'), 711218, 731231 );
INSERT INTO pontoSom ( idSonorizacao, cnpjParque, coordenadas, data, quantidade, numeroGrafo )
	VALUES ( 5, '15.632.730/7596-94', '{770217, 466193, 462421}', to_date ('2013-01-04', 'YYYY-MM-DD'), 236208, 794449 );
INSERT INTO pontoSom ( idSonorizacao, cnpjParque, coordenadas, data, quantidade, numeroGrafo )
	VALUES ( 8, '17.262.018/0146-90', '{333693, 822086, 295710}', to_date ('2017-05-14', 'YYYY-MM-DD'), 288395, 853785 );

/* TABLE opera */
INSERT INTO opera ( cnpjParque, dataFesta, cpfPiloto, idDrone )
	VALUES ( '13.232.540/1686-02', to_date ('2018-05-01', 'YYYY-MM-DD'), '151.577.867-60', 42363062 );
INSERT INTO opera ( cnpjParque, dataFesta, cpfPiloto, idDrone )
	VALUES ( '85.126.205/3041-95', to_date ('2008-07-25', 'YYYY-MM-DD'), '151.577.867-60', 17808664 );
INSERT INTO opera ( cnpjParque, dataFesta, cpfPiloto, idDrone )
	VALUES ( '09.915.051/8814-10', to_date ('2011-02-11', 'YYYY-MM-DD'), '270.274.957-70', 65126430 );
INSERT INTO opera ( cnpjParque, dataFesta, cpfPiloto, idDrone )
	VALUES ( '07.152.815/3089-02', to_date ('2011-05-22', 'YYYY-MM-DD'), '260.374.126-16', 70478439 );
INSERT INTO opera ( cnpjParque, dataFesta, cpfPiloto, idDrone )
	VALUES ( '07.152.815/3089-02', to_date ('2016-06-13', 'YYYY-MM-DD'), '270.274.957-70', 81580010 );
INSERT INTO opera ( cnpjParque, dataFesta, cpfPiloto, idDrone )
	VALUES ( '93.402.592/7788-37', to_date ('2010-10-20', 'YYYY-MM-DD'), '294.405.579-59', 28325918 );
INSERT INTO opera ( cnpjParque, dataFesta, cpfPiloto, idDrone )
	VALUES ( '85.126.205/3041-95', to_date ('2008-07-25', 'YYYY-MM-DD'), '237.184.783-93', 36566071 );
INSERT INTO opera ( cnpjParque, dataFesta, cpfPiloto, idDrone )
	VALUES ( '07.152.815/3089-02', to_date ('2016-06-13', 'YYYY-MM-DD'), '558.105.063-81', 69687126 );
INSERT INTO opera ( cnpjParque, dataFesta, cpfPiloto, idDrone )
	VALUES ( '93.402.592/7788-37', to_date ('2010-10-20', 'YYYY-MM-DD'), '197.150.083-52', 22239967 );
INSERT INTO opera ( cnpjParque, dataFesta, cpfPiloto, idDrone )
	VALUES ( '10.762.562/0328-80', to_date ('2018-01-29', 'YYYY-MM-DD'), '489.655.378-01', 72007115 );
INSERT INTO opera ( cnpjParque, dataFesta, cpfPiloto, idDrone )
	VALUES ( '17.262.018/0146-90', to_date ('2010-11-02', 'YYYY-MM-DD'), '763.502.159-79', 29469751 );
INSERT INTO opera ( cnpjParque, dataFesta, cpfPiloto, idDrone )
	VALUES ( '13.232.540/1686-02', to_date ('2018-05-01', 'YYYY-MM-DD'), '259.582.620-49', 88784740 );
INSERT INTO opera ( cnpjParque, dataFesta, cpfPiloto, idDrone )
	VALUES ( '79.094.252/2525-24', to_date ('2012-03-02', 'YYYY-MM-DD'), '578.237.094-58', 46695267 );
INSERT INTO opera ( cnpjParque, dataFesta, cpfPiloto, idDrone )
	VALUES ( '79.094.252/2525-24', to_date ('2012-03-02', 'YYYY-MM-DD'), '062.640.732-50', 12448414 );
INSERT INTO opera ( cnpjParque, dataFesta, cpfPiloto, idDrone )
	VALUES ( '10.762.562/0328-80', to_date ('2018-01-29', 'YYYY-MM-DD'), '887.571.842-83', 13189520 );
INSERT INTO opera ( cnpjParque, dataFesta, cpfPiloto, idDrone )
	VALUES ( '20.310.882/8682-79', to_date ('2007-06-04', 'YYYY-MM-DD'), '260.374.126-16', 46237558 );
INSERT INTO opera ( cnpjParque, dataFesta, cpfPiloto, idDrone )
	VALUES ( '13.232.540/1686-02', to_date ('2018-05-01', 'YYYY-MM-DD'), '335.756.462-82', 80929318 );
INSERT INTO opera ( cnpjParque, dataFesta, cpfPiloto, idDrone )
	VALUES ( '85.126.205/3041-95', to_date ('2017-12-04', 'YYYY-MM-DD'), '270.274.957-70', 60871473 );
INSERT INTO opera ( cnpjParque, dataFesta, cpfPiloto, idDrone )
	VALUES ( '96.104.561/9636-17', to_date ('2001-01-06', 'YYYY-MM-DD'), '260.374.126-16', 24454978 );
INSERT INTO opera ( cnpjParque, dataFesta, cpfPiloto, idDrone )
	VALUES ( '69.285.541/9484-67', to_date ('2014-08-28', 'YYYY-MM-DD'), '270.274.957-70', 69715540 );

/* TABLE auxilia */
INSERT INTO auxilia ( cnpjParque, dataFesta, cpfPiloto, cpfCopiloto )
	VALUES ( '69.285.541/9484-67', to_date ('2014-08-28', 'YYYY-MM-DD'), '558.105.063-81', '489.655.378-01' );
INSERT INTO auxilia ( cnpjParque, dataFesta, cpfPiloto, cpfCopiloto )
	VALUES ( '13.232.540/1686-02', to_date ('2005-05-10', 'YYYY-MM-DD'), '426.909.183-65', '197.150.083-52' );
INSERT INTO auxilia ( cnpjParque, dataFesta, cpfPiloto, cpfCopiloto )
	VALUES ( '13.232.540/1686-02', to_date ('2005-05-10', 'YYYY-MM-DD'), '237.184.783-93', '151.577.867-60' );
INSERT INTO auxilia ( cnpjParque, dataFesta, cpfPiloto, cpfCopiloto )
	VALUES ( '07.152.815/3089-02', to_date ('2016-06-13', 'YYYY-MM-DD'), '259.582.620-49', '790.123.106-38' );
INSERT INTO auxilia ( cnpjParque, dataFesta, cpfPiloto, cpfCopiloto )
	VALUES ( '13.232.540/1686-02', to_date ('2018-05-01', 'YYYY-MM-DD'), '979.525.427-91', '763.502.159-79' );
INSERT INTO auxilia ( cnpjParque, dataFesta, cpfPiloto, cpfCopiloto )
	VALUES ( '17.262.018/0146-90', to_date ('2004-04-29', 'YYYY-MM-DD'), '887.571.842-83', '979.525.427-91' );
INSERT INTO auxilia ( cnpjParque, dataFesta, cpfPiloto, cpfCopiloto )
	VALUES ( '79.094.252/2525-24', to_date ('2012-03-02', 'YYYY-MM-DD'), '489.655.378-01', '062.640.732-50' );
INSERT INTO auxilia ( cnpjParque, dataFesta, cpfPiloto, cpfCopiloto )
	VALUES ( '85.126.205/3041-95', to_date ('2017-12-04', 'YYYY-MM-DD'), '151.577.867-60', '558.105.063-81' );
INSERT INTO auxilia ( cnpjParque, dataFesta, cpfPiloto, cpfCopiloto )
	VALUES ( '20.310.882/8682-79', to_date ('2007-06-04', 'YYYY-MM-DD'), '259.582.620-49', '812.071.546-38' );
INSERT INTO auxilia ( cnpjParque, dataFesta, cpfPiloto, cpfCopiloto )
	VALUES ( '17.262.018/0146-90', to_date ('2004-04-29', 'YYYY-MM-DD'), '790.123.106-38', '463.638.965-25' );
INSERT INTO auxilia ( cnpjParque, dataFesta, cpfPiloto, cpfCopiloto )
	VALUES ( '09.915.051/8814-10', to_date ('2011-02-11', 'YYYY-MM-DD'), '426.909.183-65', '294.405.579-59' );
INSERT INTO auxilia ( cnpjParque, dataFesta, cpfPiloto, cpfCopiloto )
	VALUES ( '02.485.045/1717-80', to_date ('2003-02-16', 'YYYY-MM-DD'), '812.071.546-38', '426.909.183-65' );
INSERT INTO auxilia ( cnpjParque, dataFesta, cpfPiloto, cpfCopiloto )
	VALUES ( '10.762.562/0328-80', to_date ('2018-01-29', 'YYYY-MM-DD'), '270.274.957-70', '335.756.462-82' );
INSERT INTO auxilia ( cnpjParque, dataFesta, cpfPiloto, cpfCopiloto )
	VALUES ( '13.232.540/1686-02', to_date ('2018-05-01', 'YYYY-MM-DD'), '197.150.083-52', '270.274.957-70' );
INSERT INTO auxilia ( cnpjParque, dataFesta, cpfPiloto, cpfCopiloto )
	VALUES ( '96.104.561/9636-17', to_date ('2001-01-06', 'YYYY-MM-DD'), '335.756.462-82', '747.462.479-71' );
INSERT INTO auxilia ( cnpjParque, dataFesta, cpfPiloto, cpfCopiloto )
	VALUES ( '69.285.541/9484-67', to_date ('2014-08-28', 'YYYY-MM-DD'), '747.462.479-71', '887.571.842-83' );
INSERT INTO auxilia ( cnpjParque, dataFesta, cpfPiloto, cpfCopiloto )
	VALUES ( '93.402.592/7788-37', to_date ('2010-10-20', 'YYYY-MM-DD'), '237.184.783-93', '260.374.126-16' );
INSERT INTO auxilia ( cnpjParque, dataFesta, cpfPiloto, cpfCopiloto )
	VALUES ( '85.126.205/3041-95', to_date ('2017-12-04', 'YYYY-MM-DD'), '463.638.965-25', '259.582.620-49' );
INSERT INTO auxilia ( cnpjParque, dataFesta, cpfPiloto, cpfCopiloto )
	VALUES ( '79.094.252/2525-24', to_date ('2012-03-02', 'YYYY-MM-DD'), '294.405.579-59', '237.184.783-93' );
INSERT INTO auxilia ( cnpjParque, dataFesta, cpfPiloto, cpfCopiloto )
	VALUES ( '20.310.882/8682-79', to_date ('2007-06-04', 'YYYY-MM-DD'), '062.640.732-50', '578.237.094-58' );

/* TABLE manutencao */
INSERT INTO manutencao ( cpfTecnico, idEquipamento, data )
	VALUES ( '578.237.094-58', 5, to_date ('2007-03-20', 'YYYY-MM-DD') );
INSERT INTO manutencao ( cpfTecnico, idEquipamento, data )
	VALUES ( '260.374.126-16', 6, to_date ('2016-11-17', 'YYYY-MM-DD') );
INSERT INTO manutencao ( cpfTecnico, idEquipamento, data )
	VALUES ( '979.525.427-91', 11, to_date ('2006-09-09', 'YYYY-MM-DD') );
INSERT INTO manutencao ( cpfTecnico, idEquipamento, data )
	VALUES ( '335.756.462-82', 20, to_date ('2015-04-15', 'YYYY-MM-DD') );
INSERT INTO manutencao ( cpfTecnico, idEquipamento, data )
	VALUES ( '426.909.183-65', 14, to_date ('2009-06-28', 'YYYY-MM-DD') );
INSERT INTO manutencao ( cpfTecnico, idEquipamento, data )
	VALUES ( '558.105.063-81', 5, to_date ('2013-01-13', 'YYYY-MM-DD') );
INSERT INTO manutencao ( cpfTecnico, idEquipamento, data )
	VALUES ( '259.582.620-49', 13, to_date ('2012-08-08', 'YYYY-MM-DD') );
INSERT INTO manutencao ( cpfTecnico, idEquipamento, data )
	VALUES ( '463.638.965-25', 1, to_date ('2010-05-20', 'YYYY-MM-DD') );
INSERT INTO manutencao ( cpfTecnico, idEquipamento, data )
	VALUES ( '489.655.378-01', 13, to_date ('2013-11-12', 'YYYY-MM-DD') );
INSERT INTO manutencao ( cpfTecnico, idEquipamento, data )
	VALUES ( '237.184.783-93', 1, to_date ('2004-05-03', 'YYYY-MM-DD') );
INSERT INTO manutencao ( cpfTecnico, idEquipamento, data )
	VALUES ( '260.374.126-16', 8, to_date ('2004-10-12', 'YYYY-MM-DD') );
INSERT INTO manutencao ( cpfTecnico, idEquipamento, data )
	VALUES ( '558.105.063-81', 4, to_date ('2006-07-04', 'YYYY-MM-DD') );
INSERT INTO manutencao ( cpfTecnico, idEquipamento, data )
	VALUES ( '270.274.957-70', 9, to_date ('2017-03-20', 'YYYY-MM-DD') );
INSERT INTO manutencao ( cpfTecnico, idEquipamento, data )
	VALUES ( '335.756.462-82', 18, to_date ('2007-01-01', 'YYYY-MM-DD') );
INSERT INTO manutencao ( cpfTecnico, idEquipamento, data )
	VALUES ( '151.577.867-60', 7, to_date ('2015-05-18', 'YYYY-MM-DD') );
INSERT INTO manutencao ( cpfTecnico, idEquipamento, data )
	VALUES ( '260.374.126-16', 10, to_date ('2003-02-21', 'YYYY-MM-DD') );
INSERT INTO manutencao ( cpfTecnico, idEquipamento, data )
	VALUES ( '747.462.479-71', 16, to_date ('2001-12-16', 'YYYY-MM-DD') );
INSERT INTO manutencao ( cpfTecnico, idEquipamento, data )
	VALUES ( '151.577.867-60', 14, to_date ('2015-09-16', 'YYYY-MM-DD') );
INSERT INTO manutencao ( cpfTecnico, idEquipamento, data )
	VALUES ( '747.462.479-71', 8, to_date ('2011-12-14', 'YYYY-MM-DD') );
INSERT INTO manutencao ( cpfTecnico, idEquipamento, data )
	VALUES ( '062.640.732-50', 16, to_date ('2016-04-25', 'YYYY-MM-DD') );

/* TABLE NUMBER TOTAL: 36 */
END TRANSACTION;
