/* TOTAL OF 0 ERRORS WHILE BUILDING METADATA STRUCTURE. */
BEGIN TRANSACTION;
/* TABLE funcionario */
INSERT INTO funcionario ( telefoneCsv, equipe, nome, cargo, endereco, cpf, RG )
	VALUES ( '+55 (011) 6404 9830', 671787, 'Davi Lucca Moraes', 'PILOTO', 'Passarela Martins, 877 Marieta 1ª Seção 74955-560 Azevedo / PB', '027.162.848-44', '42093675161' );
INSERT INTO funcionario ( telefoneCsv, equipe, nome, cargo, endereco, cpf, RG )
	VALUES ( '+55 21 1569 3974', 555713, 'Bruno Silva', 'PILOTO', 'Aeroporto de Caldeira, 98 Vila Trinta E Um De Março 97638515 Vieira do Galho / SP', '921.950.940-86', '67184930584' );
INSERT INTO funcionario ( telefoneCsv, equipe, nome, cargo, endereco, cpf, RG )
	VALUES ( '21 9606-2964', 631996, 'Sr. Calebe da Mata', 'PILOTO', 'Condomínio Luiz Fernando da Conceição, 81 Paquetá 68674-346 Jesus / ES', '461.757.542-43', '25867194094' );
INSERT INTO funcionario ( telefoneCsv, equipe, nome, cargo, endereco, cpf, RG )
	VALUES ( '+55 (081) 5287-7270', 351896, 'João Porto', 'TECNICO', 'Estrada Kamilly Pinto, 40 São Tomaz 80836093 Nunes / AM', '922.807.168-08', '43780165244' );
INSERT INTO funcionario ( telefoneCsv, equipe, nome, cargo, endereco, cpf, RG )
	VALUES ( '(061) 4427 7504', 299138, 'Paulo Martins', 'OPCAMERA', 'Conjunto Maria da Paz, 21 João Alfredo 15471-836 da Mata dos Dourados / RS', '559.158.417-02', '12458037941' );
INSERT INTO funcionario ( telefoneCsv, equipe, nome, cargo, endereco, cpf, RG )
	VALUES ( '+55 (061) 3614 2629', 672468, 'André Cunha', 'COPILOTO', 'Via Davi Lucas da Paz, 283 Barro Preto 98918-086 Costela / SP', '774.267.034-51', '58630941766' );
INSERT INTO funcionario ( telefoneCsv, equipe, nome, cargo, endereco, cpf, RG )
	VALUES ( '(041) 2769-3918', 237154, 'Sra. Ana Beatriz da Mota', 'ASSISTENTE', 'Trecho de Porto, 3 Fazendinha 23375044 Cavalcanti / PB', '809.952.320-37', '58967413246' );
INSERT INTO funcionario ( telefoneCsv, equipe, nome, cargo, endereco, cpf, RG )
	VALUES ( '+55 11 7702-2216', 331552, 'Maria Julia da Mota', 'ASSISTENTE', 'Vila Maria Alice da Mota, 22 Vila Da Amizade 00346-701 da Conceição do Campo / RJ', '042.540.641-53', '49865703157' );
INSERT INTO funcionario ( telefoneCsv, equipe, nome, cargo, endereco, cpf, RG )
	VALUES ( '(051) 8356-7761', 183673, 'Larissa Freitas', 'PILOTO', 'Rua Pinto, 87 Vila Nova Dos Milionarios 85249438 Caldeira / GO', '480.422.370-88', '16827049396' );
INSERT INTO funcionario ( telefoneCsv, equipe, nome, cargo, endereco, cpf, RG )
	VALUES ( '11 9656-0786', 653682, 'Luiz Fernando Cavalcanti', 'ASSISTENTE', 'Praça Moura, 22 Copacabana 92888597 da Conceição / AP', '649.110.168-22', '87146952355' );
INSERT INTO funcionario ( telefoneCsv, equipe, nome, cargo, endereco, cpf, RG )
	VALUES ( '(061) 7807 7800', 899180, 'Enrico Castro', 'PILOTO', 'Morro de Viana, 4 São Gabriel 49927-213 Barbosa do Sul / MS', '098.964.468-71', '83759102441' );
INSERT INTO funcionario ( telefoneCsv, equipe, nome, cargo, endereco, cpf, RG )
	VALUES ( '+55 71 2118-4336', 885265, 'Ana Beatriz Teixeira', 'TECNICO', 'Viaduto Marcelo Mendes, 10 Vila Batik 26293631 Carvalho da Serra / TO', '973.785.332-66', '63981705211' );
INSERT INTO funcionario ( telefoneCsv, equipe, nome, cargo, endereco, cpf, RG )
	VALUES ( '+55 71 3332-3978', 479909, 'Eloah Teixeira', 'TECNICO', 'Favela da Mota, 99 Coração Eucarístico 89706175 Monteiro do Oeste / SP', '689.353.993-29', '23709164869' );
INSERT INTO funcionario ( telefoneCsv, equipe, nome, cargo, endereco, cpf, RG )
	VALUES ( '31 1970 8565', 107346, 'Dr. Lucas Gabriel Jesus', 'TECNICO', 'Avenida de Cardoso,, 89 Santana Do Cafezal 95799-378 Souza / PI', '003.792.611-73', '19275643873' );
INSERT INTO funcionario ( telefoneCsv, equipe, nome, cargo, endereco, cpf, RG )
	VALUES ( '+55 (051) 2870 8272', 282230, 'Caio Correia', 'TECNICO', 'Estação Pires, 193 Vila Ipiranga 97271-328 Vieira do Sul / AL', '464.373.438-47', '18045639784' );
INSERT INTO funcionario ( telefoneCsv, equipe, nome, cargo, endereco, cpf, RG )
	VALUES ( '+55 (051) 1154-3357', 558851, 'Ana Laura Gomes', 'COPILOTO', 'Passarela Maysa Rezende, 16 Maria Goretti 83845-365 Viana de Minas / CE', '059.330.483-11', '97301842597' );
INSERT INTO funcionario ( telefoneCsv, equipe, nome, cargo, endereco, cpf, RG )
	VALUES ( '+55 (071) 8500-3816', 189073, 'Ian Alves', 'COPILOTO', 'Feira Luiz Miguel Nunes, 66 Cônego Pinheiro 1ª Seção 37211-625 Freitas dos Dourados / GO', '961.647.751-79', '19476352817' );
INSERT INTO funcionario ( telefoneCsv, equipe, nome, cargo, endereco, cpf, RG )
	VALUES ( '9975-7571', 667521, 'Paulo da Rocha', 'OPCAMERA', 'Passarela de Pinto Dom Cabral 10121-099 Lima da Praia / AP', '191.220.769-38', '45298670318' );
INSERT INTO funcionario ( telefoneCsv, equipe, nome, cargo, endereco, cpf, RG )
	VALUES ( '+55 21 1422-4011', 259455, 'Kamilly Martins', 'ASSISTENTE', 'Avenida de Silveira, 60 Vila Nova Gameleira 3ª Seção 52222-853 Sales Verde / AM', '741.227.419-70', '03891276559' );
INSERT INTO funcionario ( telefoneCsv, equipe, nome, cargo, endereco, cpf, RG )
	VALUES ( '+55 61 7758-4720', 498531, 'Dr. Vinicius da Mata', 'OPCAMERA', 'Viela Melo, 69 Castanheira 12696051 Pinto das Flores / SE', '541.729.094-74', '87509321611' );
INSERT INTO funcionario ( telefoneCsv, equipe, nome, cargo, endereco, cpf, RG )
	VALUES ( '11 8381-6531', 627334, 'Lucas Gabriel das Neves', 'OPCAMERA', 'Estrada Fogaça, 98 Xodo-Marize 26319-296 Porto das Pedras / AC', '679.750.535-36', '92540638783' );
INSERT INTO funcionario ( telefoneCsv, equipe, nome, cargo, endereco, cpf, RG )
	VALUES ( '11 6713-1039', 630549, 'Leonardo Pereira', 'TECNICO', 'Vereda Benjamin Alves, 94 Nova Vista 83671-517 da Costa / TO', '025.100.117-88', '97831604278' );
INSERT INTO funcionario ( telefoneCsv, equipe, nome, cargo, endereco, cpf, RG )
	VALUES ( '81 0444 7509', 760810, 'Juan Viana', 'TECNICO', 'Estação de Souza Vila Da Amizade 68333-855 Moura do Amparo / PA', '338.698.478-71', '03249687111' );
INSERT INTO funcionario ( telefoneCsv, equipe, nome, cargo, endereco, cpf, RG )
	VALUES ( '+55 (071) 7930 6407', 746359, 'João Lucas Teixeira', 'OPCAMERA', 'Fazenda Araújo, 24 Vila Cemig 98697975 Rezende de Goiás / AP', '985.878.089-45', '62719845094' );
INSERT INTO funcionario ( telefoneCsv, equipe, nome, cargo, endereco, cpf, RG )
	VALUES ( '(081) 8837-3558', 453497, 'Luigi Duarte', 'OPCAMERA', 'Passarela Miguel Cardoso, São João Batista 76655-507 Correia dos Dourados / PR', '505.705.748-21', '06473251871' );
INSERT INTO funcionario ( telefoneCsv, equipe, nome, cargo, endereco, cpf, RG )
	VALUES ( '+55 11 2305-7342', 226652, 'Guilherme Barros', 'ASSISTENTE', 'Rodovia Murilo Monteiro, 417 Vila São Francisco 71075463 Aragão de Fogaça / PE', '712.091.557-99', '01837594619' );
INSERT INTO funcionario ( telefoneCsv, equipe, nome, cargo, endereco, cpf, RG )
	VALUES ( '+55 (071) 7769-9776', 879662, 'Lucas Barros', 'OPCAMERA', 'Rodovia Enzo Ribeiro, 157 Conjunto Minas Caixa 06255-346 Costa de Minas / CE', '536.492.252-81', '41096872511' );
INSERT INTO funcionario ( telefoneCsv, equipe, nome, cargo, endereco, cpf, RG )
	VALUES ( '+55 (011) 4733 0642', 680561, 'Manuela das Neves', 'TECNICO', 'Vereda Costela, 31 Santa Isabel 36055689 das Neves / DF', '188.547.450-93', '65902874319' );
INSERT INTO funcionario ( telefoneCsv, equipe, nome, cargo, endereco, cpf, RG )
	VALUES ( '+55 (031) 8793-4812', 319251, 'Kaique Pinto', 'PILOTO', 'Vila Nicolas Almeida, 605 Santa Maria 85225-636 da Paz de Novaes / MT', '954.318.834-65', '87610249531' );
INSERT INTO funcionario ( telefoneCsv, equipe, nome, cargo, endereco, cpf, RG )
	VALUES ( '+55 (031) 3295 0992', 560861, 'Sra. Stella Pereira', 'PILOTO', 'Colônia de Novaes, 45 Jardim Guanabara 81758-132 Azevedo Grande / SC', '741.840.210-99', '04513782961' );
INSERT INTO funcionario ( telefoneCsv, equipe, nome, cargo, endereco, cpf, RG )
	VALUES ( '+55 (021) 3124 9460', 650627, 'Lorena Rodrigues', 'ASSISTENTE', 'Largo Paulo Costela, 62 Cdi Jatoba 63249-759 Araújo / RN', '793.012.494-09', '23968547128' );
INSERT INTO funcionario ( telefoneCsv, equipe, nome, cargo, endereco, cpf, RG )
	VALUES ( '(041) 0752 9030', 318196, 'Ana Lívia Caldeira', 'PILOTO', 'Rodovia Moreira, 287 Monte Azul 34180-923 Novaes / RO', '320.599.949-22', '81469530261' );
INSERT INTO funcionario ( telefoneCsv, equipe, nome, cargo, endereco, cpf, RG )
	VALUES ( '+55 (061) 9032 5285', 877015, 'Dr. Benício Porto', 'PILOTO', 'Vila da Rocha, 57 Santa Rita 73054191 Lima Alegre / DF', '031.844.616-48', '75809143611' );
INSERT INTO funcionario ( telefoneCsv, equipe, nome, cargo, endereco, cpf, RG )
	VALUES ( '11 1930-5440', 700872, 'Dra. Maria Eduarda Castro', 'TECNICO', 'Estrada de Nunes, 59 Campo Alegre 42151-647 Pereira da Mata / AL', '659.897.784-44', '63782140516' );
INSERT INTO funcionario ( telefoneCsv, equipe, nome, cargo, endereco, cpf, RG )
	VALUES ( '+55 51 668 7619', 187501, 'Cauê Castro', 'TECNICO', 'Conjunto Souza, 458 Tupi A 34754-357 da Luz das Flores / DF', '478.613.044-80', '37916204878' );
INSERT INTO funcionario ( telefoneCsv, equipe, nome, cargo, endereco, cpf, RG )
	VALUES ( '+55 (061) 4708 0581', 294641, 'Sabrina da Conceição', 'ASSISTENTE', 'Trevo de da Cruz, 7 Alta Tensão 1ª Seção 18039636 Cardoso / PA', '954.508.078-37', '43651029824' );
INSERT INTO funcionario ( telefoneCsv, equipe, nome, cargo, endereco, cpf, RG )
	VALUES ( '+55 11 1407-3670', 517961, 'Daniela Mendes', 'OPCAMERA', 'Trevo de Martins, 30 São Geraldo 59450576 Alves / AC', '960.825.711-15', '95160782494' );
INSERT INTO funcionario ( telefoneCsv, equipe, nome, cargo, endereco, cpf, RG )
	VALUES ( '(011) 4901-3054', 102695, 'João Vitor da Rocha', 'TECNICO', 'Fazenda Porto, 85 Vila Jardim Montanhes 64692277 Barros / MG', '183.569.609-62', '86754930111' );
INSERT INTO funcionario ( telefoneCsv, equipe, nome, cargo, endereco, cpf, RG )
	VALUES ( '+55 11 1857-4484', 647245, 'Lorenzo Porto', 'COPILOTO', 'Colônia Paulo Moraes, 74 Solimoes 44869-092 Aragão / RN', '306.570.839-92', '24506193725' );
INSERT INTO funcionario ( telefoneCsv, equipe, nome, cargo, endereco, cpf, RG )
	VALUES ( '11 7705 1857', 207068, 'Mirella Rezende', 'TECNICO', 'Largo Pedro Henrique Souza, 7 Cinquentenário 82044712 Viana / RJ', '504.159.221-62', '42750983665' );
INSERT INTO funcionario ( telefoneCsv, equipe, nome, cargo, endereco, cpf, RG )
	VALUES ( '(021) 4951 8459', 709790, 'Maitê Ramos', 'OPCAMERA', 'Ladeira de Ramos, 11 Dom Cabral 89474-803 da Costa / SC', '651.452.975-76', '69732841087' );
INSERT INTO funcionario ( telefoneCsv, equipe, nome, cargo, endereco, cpf, RG )
	VALUES ( '41 9648-7703', 820032, 'Dra. Mariane Santos', 'PILOTO', 'Vila Julia Novaes, 66 São Francisco Das Chagas 72565-741 Alves / SC', '375.841.304-61', '63852710481' );
INSERT INTO funcionario ( telefoneCsv, equipe, nome, cargo, endereco, cpf, RG )
	VALUES ( '(041) 0657 9627', 471361, 'Luigi Oliveira', 'PILOTO', 'Favela de Castro, 73 Camargos 41167-812 Moura de Jesus / AM', '102.614.802-18', '71340256916' );
INSERT INTO funcionario ( telefoneCsv, equipe, nome, cargo, endereco, cpf, RG )
	VALUES ( '(021) 5659 8567', 111162, 'Bruna Freitas', 'TECNICO', 'Travessa Milena Gonçalves, 43 Caetano Furquim 42341800 Rezende / PE', '092.751.926-73', '04859176294' );
INSERT INTO funcionario ( telefoneCsv, equipe, nome, cargo, endereco, cpf, RG )
	VALUES ( '21 7809 1707', 663901, 'Caio Azevedo', 'OPCAMERA', 'Recanto Maitê da Paz, 86 Itaipu 70941569 Rezende das Flores / SE', '883.397.994-28', '31045728951' );
INSERT INTO funcionario ( telefoneCsv, equipe, nome, cargo, endereco, cpf, RG )
	VALUES ( '(021) 5644 9736', 818286, 'Eloah das Neves', 'PILOTO', 'Área das Neves, 46 Mala E Cuia 16118-074 Peixoto / SE', '278.383.268-45', '53729104616' );
INSERT INTO funcionario ( telefoneCsv, equipe, nome, cargo, endereco, cpf, RG )
	VALUES ( '+55 21 8120-9602', 226273, 'Davi Lucas das Neves', 'OPCAMERA', 'Pátio de da Rocha, 56 Boa União 2ª Seção 53188-986 Rezende de da Rocha / TO', '208.590.843-38', '62934051889' );
INSERT INTO funcionario ( telefoneCsv, equipe, nome, cargo, endereco, cpf, RG )
	VALUES ( '(061) 5168-5909', 734586, 'Stephany Aragão', 'COPILOTO', 'Distrito de Carvalho, 308 Vila Santa Monica 2ª Seção 54854-907 Costela de Minas / PB', '410.819.426-83', '79106248594' );
INSERT INTO funcionario ( telefoneCsv, equipe, nome, cargo, endereco, cpf, RG )
	VALUES ( '41 3961-8513', 609858, 'Gabrielly Azevedo', 'PILOTO', 'Esplanada de Fogaça, 18 Providencia 49627-502 Lima do Sul / PB', '984.319.590-75', '10798654384' );
INSERT INTO funcionario ( telefoneCsv, equipe, nome, cargo, endereco, cpf, RG )
	VALUES ( '+55 21 6300-0202', 429614, 'Mariane Oliveira', 'OPCAMERA', 'Trecho de Mendes São Luiz 53660-362 Santos Paulista / PI', '166.760.321-68', '14630789278' );
INSERT INTO funcionario ( telefoneCsv, equipe, nome, cargo, endereco, cpf, RG )
	VALUES ( '(031) 2808 7692', 311826, 'Srta. Isis Campos', 'PILOTO', 'Rodovia de Carvalho, 641 Santa Sofia 28086-415 Costela de Dias / ES', '541.649.682-95', '27480596111' );
INSERT INTO funcionario ( telefoneCsv, equipe, nome, cargo, endereco, cpf, RG )
	VALUES ( '+55 (051) 7017 9106', 723608, 'Lucas Gabriel Oliveira', 'OPCAMERA', 'Loteamento André Rezende, 523 Zilah Sposito 48613348 Monteiro / MS', '508.596.215-26', '35204691715' );
INSERT INTO funcionario ( telefoneCsv, equipe, nome, cargo, endereco, cpf, RG )
	VALUES ( '(011) 9460 5023', 254247, 'Clarice Azevedo', 'TECNICO', 'Passarela Barros, 55 Vila Paquetá 99956-105 Santos / RS', '655.867.366-17', '12856409776' );
INSERT INTO funcionario ( telefoneCsv, equipe, nome, cargo, endereco, cpf, RG )
	VALUES ( '(021) 2029 7849', 819787, 'André Azevedo', 'COPILOTO', 'Trecho de da Luz, 5 Buritis 59626-424 Nascimento / PE', '747.880.415-61', '16285749337' );
INSERT INTO funcionario ( telefoneCsv, equipe, nome, cargo, endereco, cpf, RG )
	VALUES ( '+55 11 4178 8332', 296944, 'Rafael Cardoso', 'TECNICO', 'Setor Almeida, 992 Eymard 28012758 Rodrigues / SC', '819.930.030-83', '12486537937' );
INSERT INTO funcionario ( telefoneCsv, equipe, nome, cargo, endereco, cpf, RG )
	VALUES ( '1621 7159', 833310, 'Daniel Moreira', 'OPCAMERA', 'Distrito de Mendes, 5 Santa Branca 35350057 Costa / MT', '946.219.210-07', '57630924811' );
INSERT INTO funcionario ( telefoneCsv, equipe, nome, cargo, endereco, cpf, RG )
	VALUES ( '+55 71 2885 2374', 136407, 'André Castro', 'COPILOTO', 'Rodovia Ferreira, 60 Conjunto Califórnia I 65929-035 Aragão / RS', '155.423.903-20', '21948067331' );
INSERT INTO funcionario ( telefoneCsv, equipe, nome, cargo, endereco, cpf, RG )
	VALUES ( '(051) 0966-7858', 758169, 'Augusto Melo', 'ASSISTENTE', 'Largo Oliveira, 90 Jardim Leblon 57485-569 Gonçalves do Amparo / PA', '793.834.340-50', '34057268911' );
INSERT INTO funcionario ( telefoneCsv, equipe, nome, cargo, endereco, cpf, RG )
	VALUES ( '(071) 6856 5573', 714710, 'Laís Campos', 'COPILOTO', 'Parque de Castro, 1 São Marcos 38610597 Cunha / RS', '043.955.036-98', '53179640839' );
INSERT INTO funcionario ( telefoneCsv, equipe, nome, cargo, endereco, cpf, RG )
	VALUES ( '(051) 6475 6152', 185166, 'Bernardo Rodrigues', 'PILOTO', 'Vila Costela, 56 Vila Olhos D água 53971-832 Nascimento Verde / SC', '276.865.875-31', '26145789328' );
INSERT INTO funcionario ( telefoneCsv, equipe, nome, cargo, endereco, cpf, RG )
	VALUES ( '(011) 4752 8266', 613848, 'Maria Cecília Campos', 'TECNICO', 'Rua de da Luz, 49 Venda Nova 51132-148 das Neves de Nunes / SP', '209.762.167-79', '69423508189' );
INSERT INTO funcionario ( telefoneCsv, equipe, nome, cargo, endereco, cpf, RG )
	VALUES ( '+55 51 925 3279', 101090, 'Rafaela Silva', 'OPCAMERA', 'Vale de Cardoso,, 58 Monsenhor Messias 80517-992 Pinto dos Dourados / SP', '757.459.668-54', '42013786913' );
INSERT INTO funcionario ( telefoneCsv, equipe, nome, cargo, endereco, cpf, RG )
	VALUES ( '+55 (041) 6040-9554', 461519, 'Dr. Gustavo da Mota', 'TECNICO', 'Trevo João Miguel Ferreira, 105 Vila Rica 75823635 Dias / SC', '202.100.382-31', '98315270621' );
INSERT INTO funcionario ( telefoneCsv, equipe, nome, cargo, endereco, cpf, RG )
	VALUES ( '71 1945-9811', 606137, 'Heitor Martins', 'COPILOTO', 'Vale Costa, 205 Jardim Felicidade 14366-124 da Costa de Gomes / PE', '053.136.412-65', '76914823537' );
INSERT INTO funcionario ( telefoneCsv, equipe, nome, cargo, endereco, cpf, RG )
	VALUES ( '+55 31 3146 4636', 465519, 'Diogo Pinto', 'ASSISTENTE', 'Travessa de Dias, 63 Casa Branca 36774847 da Paz / PE', '768.760.635-32', '04382175941' );
INSERT INTO funcionario ( telefoneCsv, equipe, nome, cargo, endereco, cpf, RG )
	VALUES ( '81 1482 4326', 456176, 'Felipe Almeida', 'OPCAMERA', 'Quadra Emanuel da Mata, 4 Vila Coqueiral 49731-588 da Cruz / GO', '968.480.094-00', '35417862053' );
INSERT INTO funcionario ( telefoneCsv, equipe, nome, cargo, endereco, cpf, RG )
	VALUES ( '71 3568-6448', 220762, 'Arthur Jesus', 'COPILOTO', 'Parque Cardoso, 76 Vila Piratininga Venda Nova 88195017 das Neves / RR', '453.132.778-36', '18924506749' );
INSERT INTO funcionario ( telefoneCsv, equipe, nome, cargo, endereco, cpf, RG )
	VALUES ( '(071) 2498-0815', 873140, 'Marcela da Rocha', 'ASSISTENTE', 'Vereda Lima, 47 Castelo 28046-355 Dias Grande / PE', '065.091.423-26', '96840372111' );
INSERT INTO funcionario ( telefoneCsv, equipe, nome, cargo, endereco, cpf, RG )
	VALUES ( '+55 21 0602-9889', 655798, 'Luiz Felipe da Cruz', 'COPILOTO', 'Travessa Julia Moura, 177 Conjunto Serra Verde 66129359 Cavalcanti / DF', '725.795.391-06', '81524073644' );
INSERT INTO funcionario ( telefoneCsv, equipe, nome, cargo, endereco, cpf, RG )
	VALUES ( '41 6987-4846', 577013, 'Caroline Lopes', 'OPCAMERA', 'Vale Monteiro, 721 Vila Califórnia 93088706 Pires / AL', '196.969.889-38', '80264759338' );
INSERT INTO funcionario ( telefoneCsv, equipe, nome, cargo, endereco, cpf, RG )
	VALUES ( '6105 0661', 630957, 'Juan Azevedo', 'OPCAMERA', 'Jardim Martins, 93 Lindéia 96606565 Lima / PB', '866.216.418-46', '57284163917' );
INSERT INTO funcionario ( telefoneCsv, equipe, nome, cargo, endereco, cpf, RG )
	VALUES ( '(041) 5613-6792', 869476, 'Juan Rezende', 'OPCAMERA', 'Vale de da Conceição, 661 Vitoria Da Conquista 12195235 Rezende / RO', '271.054.513-53', '79023468112' );
INSERT INTO funcionario ( telefoneCsv, equipe, nome, cargo, endereco, cpf, RG )
	VALUES ( '+55 (081) 3325-4484', 266092, 'Matheus Porto', 'ASSISTENTE', 'Vila Barbosa Conjunto Serra Verde 53916585 Barros do Sul / RS', '702.694.593-40', '97468013519' );
INSERT INTO funcionario ( telefoneCsv, equipe, nome, cargo, endereco, cpf, RG )
	VALUES ( '+55 (031) 8514 6829', 545156, 'Sr. Pedro Vieira', 'ASSISTENTE', 'Distrito de da Conceição, 63 Virgínia 61081813 Teixeira da Serra / RO', '753.864.683-48', '89053746111' );
INSERT INTO funcionario ( telefoneCsv, equipe, nome, cargo, endereco, cpf, RG )
	VALUES ( '(011) 9657 3646', 602032, 'Lucas Costa', 'PILOTO', 'Alameda Bruna Moraes Sport Club 31269679 Nascimento do Oeste / CE', '643.511.851-32', '92378104669' );
INSERT INTO funcionario ( telefoneCsv, equipe, nome, cargo, endereco, cpf, RG )
	VALUES ( '(081) 3654-1504', 540117, 'Bryan Pires', 'ASSISTENTE', 'Lago de Lima Luxemburgo 69317559 Mendes / SC', '651.552.626-75', '07926431516' );
INSERT INTO funcionario ( telefoneCsv, equipe, nome, cargo, endereco, cpf, RG )
	VALUES ( '61 6701-6281', 555391, 'Sr. Yuri Moura', 'OPCAMERA', 'Sítio de da Paz, 9 Vila Jardim Montanhes 96615-541 Rezende / AP', '672.918.060-28', '21763954099' );
INSERT INTO funcionario ( telefoneCsv, equipe, nome, cargo, endereco, cpf, RG )
	VALUES ( '+55 61 6039 9229', 104929, 'Dr. Antônio Nogueira', 'COPILOTO', 'Vila Alves, 46 Nova Suíça 26753-826 Duarte de Porto / AL', '540.402.206-05', '67198403212' );
INSERT INTO funcionario ( telefoneCsv, equipe, nome, cargo, endereco, cpf, RG )
	VALUES ( '+55 81 3474 5874', 558071, 'Ana Beatriz Ramos', 'PILOTO', 'Esplanada Nogueira Penha 46579-779 Monteiro / RJ', '408.937.557-71', '20438965711' );
INSERT INTO funcionario ( telefoneCsv, equipe, nome, cargo, endereco, cpf, RG )
	VALUES ( '61 1863 5942', 385801, 'Paulo Oliveira', 'COPILOTO', 'Pátio de Oliveira, 42 Vila Nossa Senhora Do Rosário 54055810 da Paz / MA', '621.858.118-96', '91467823031' );
INSERT INTO funcionario ( telefoneCsv, equipe, nome, cargo, endereco, cpf, RG )
	VALUES ( '+55 (041) 9262 9078', 835995, 'Daniel da Conceição', 'OPCAMERA', 'Vila de Rodrigues, 82 Bandeirantes 60832315 Nunes de Carvalho / AM', '765.500.392-58', '70283165481' );
INSERT INTO funcionario ( telefoneCsv, equipe, nome, cargo, endereco, cpf, RG )
	VALUES ( '(031) 8368-8648', 783840, 'Mariane Ramos', 'OPCAMERA', 'Loteamento Rezende, 2 Nova Esperança 32775-343 Moraes / BA', '277.950.069-37', '10753492652' );
INSERT INTO funcionario ( telefoneCsv, equipe, nome, cargo, endereco, cpf, RG )
	VALUES ( '+55 (021) 6451-8555', 295271, 'Sr. Felipe Gomes', 'ASSISTENTE', 'Ladeira Kevin da Rocha, 87 Petropolis 88421581 Novaes Verde / GO', '927.536.589-40', '89251760331' );
INSERT INTO funcionario ( telefoneCsv, equipe, nome, cargo, endereco, cpf, RG )
	VALUES ( '+55 (031) 9216 4713', 703387, 'Pedro Henrique Aragão', 'TECNICO', 'Setor de da Costa Vila Barragem Santa Lúcia 82400236 Cardoso / SE', '196.343.326-57', '51403278997' );
INSERT INTO funcionario ( telefoneCsv, equipe, nome, cargo, endereco, cpf, RG )
	VALUES ( '+55 (041) 1512-5565', 429792, 'Bryan Santos', 'COPILOTO', 'Distrito de Ramos Caiçaras 21468593 da Costa / AP', '215.129.040-40', '07921643515' );
INSERT INTO funcionario ( telefoneCsv, equipe, nome, cargo, endereco, cpf, RG )
	VALUES ( '(041) 6967 5019', 650770, 'Enzo Gabriel Almeida', 'PILOTO', 'Fazenda de da Rocha, 133 Dom Joaquim 28283-035 Martins / PR', '085.726.128-13', '78094162511' );
INSERT INTO funcionario ( telefoneCsv, equipe, nome, cargo, endereco, cpf, RG )
	VALUES ( '(051) 3708 8563', 564352, 'Luiz Otávio Freitas', 'ASSISTENTE', 'Lagoa Silveira Maria Tereza 71950-187 Pereira da Mata / PI', '346.675.103-29', '75036184939' );
INSERT INTO funcionario ( telefoneCsv, equipe, nome, cargo, endereco, cpf, RG )
	VALUES ( '81 7157 6593', 170048, 'Ana Silveira', 'ASSISTENTE', 'Rua Cardoso, 76 Vila Engenho Nogueira 33349540 Almeida / AL', '550.231.571-28', '74683102544' );
INSERT INTO funcionario ( telefoneCsv, equipe, nome, cargo, endereco, cpf, RG )
	VALUES ( '+55 31 8255-1443', 231008, 'Sophie Oliveira', 'ASSISTENTE', 'Jardim Gustavo Ramos, 31 Jardim América 85013-310 Souza / RS', '172.118.745-96', '31982654015' );
INSERT INTO funcionario ( telefoneCsv, equipe, nome, cargo, endereco, cpf, RG )
	VALUES ( '81 5925-4846', 188697, 'Dra. Natália Almeida', 'ASSISTENTE', 'Setor Luiz Miguel Correia, 570 São Francisco Das Chagas 33042296 Gomes de Goiás / AC', '706.139.849-51', '01576349811' );
INSERT INTO funcionario ( telefoneCsv, equipe, nome, cargo, endereco, cpf, RG )
	VALUES ( '61 4191-5778', 245956, 'Thiago Correia', 'TECNICO', 'Área Gonçalves, 714 Camponesa 2ª Seção 79130-755 Aragão / RO', '997.032.797-40', '84397160521' );
INSERT INTO funcionario ( telefoneCsv, equipe, nome, cargo, endereco, cpf, RG )
	VALUES ( '11 0007 8540', 412486, 'Stephany Ramos', 'COPILOTO', 'Rodovia de Lima, 878 Santo Agostinho 50697-449 Viana / PE', '098.524.090-98', '50892673168' );
INSERT INTO funcionario ( telefoneCsv, equipe, nome, cargo, endereco, cpf, RG )
	VALUES ( '61 5797-2600', 455559, 'Ana Beatriz Souza', 'PILOTO', 'Vale Caio Correia, 96 Camponesa 2ª Seção 03079914 Gonçalves de Moraes / RJ', '169.338.392-47', '21795408685' );
INSERT INTO funcionario ( telefoneCsv, equipe, nome, cargo, endereco, cpf, RG )
	VALUES ( '51 222 9730', 473542, 'Nicolas Freitas', 'TECNICO', 'Campo Gomes, 3 Mirtes 28050711 Nunes da Serra / PB', '182.633.304-81', '08521639414' );
INSERT INTO funcionario ( telefoneCsv, equipe, nome, cargo, endereco, cpf, RG )
	VALUES ( '+55 11 4189-6544', 529522, 'Leandro Rezende', 'ASSISTENTE', 'Fazenda Olivia Porto, 57 Grotinha 83781-123 Ramos de Minas / MA', '130.064.450-23', '97241583061' );
INSERT INTO funcionario ( telefoneCsv, equipe, nome, cargo, endereco, cpf, RG )
	VALUES ( '11 6417-0887', 143779, 'Bryan Rocha', 'OPCAMERA', 'Estação Clara da Luz, 9 Nova Cachoeirinha 51371789 Azevedo / PA', '152.231.478-98', '97183562417' );
INSERT INTO funcionario ( telefoneCsv, equipe, nome, cargo, endereco, cpf, RG )
	VALUES ( '81 0133-9097', 542434, 'Bryan Mendes', 'COPILOTO', 'Via de Rocha, 277 Aarão Reis 07348778 Costela de Araújo / AP', '824.324.617-66', '68031924589' );
INSERT INTO funcionario ( telefoneCsv, equipe, nome, cargo, endereco, cpf, RG )
	VALUES ( '+55 (041) 6469-7548', 833327, 'Diogo Martins', 'TECNICO', 'Estrada Isis Lima, 247 Grotinha 19292255 Martins / PE', '909.808.644-11', '39587012488' );
INSERT INTO funcionario ( telefoneCsv, equipe, nome, cargo, endereco, cpf, RG )
	VALUES ( '(071) 4811-0305', 569667, 'Cecília da Paz', 'COPILOTO', 'Rua Noah Gonçalves, 2 Vila Canto Do Sabiá 76939-960 Martins / AP', '241.702.807-60', '93204865738' );
INSERT INTO funcionario ( telefoneCsv, equipe, nome, cargo, endereco, cpf, RG )
	VALUES ( '+55 (021) 5024 4724', 879484, 'Augusto Carvalho', 'COPILOTO', 'Rodovia das Neves, 2 Santa Cruz 50797937 Novaes / ES', '754.444.997-34', '80143562924' );
/* NULL INSERTION FOR ATTRIBUTE equipe AT TABLE funcionario  */
 INSERT INTO funcionario ( telefoneCsv, equipe, nome, cargo, endereco, cpf, RG )
	VALUES ( '+55 (051) 4621-5652', NULL, 'Yago Lima', 'OPCAMERA', 'Vereda Viana Delta 73975-629 Silveira / SP', '018.716.537-33', '56839124746' );

/* TABLE tecnico */
INSERT INTO tecnico ( especialidade, cpf )
	VALUES ( 'Quidem sint aliquam eaque expedita totam voluptas. Impedit similique fugit distinctio asperiores ', '757.459.668-54' );
INSERT INTO tecnico ( especialidade, cpf )
	VALUES ( 'Consequuntur quibusdam et pariatur saepe cupiditate officia. Perspiciatis occaecati necessitatibus inventore aperiam.Co', '541.729.094-74' );
INSERT INTO tecnico ( especialidade, cpf )
	VALUES ( 'Error quos sint fugit provident eum. Veniam earum deleniti laudantium maiores dolorem. Dolorum assum', '202.100.382-31' );
INSERT INTO tecnico ( especialidade, cpf )
	VALUES ( 'Id architecto officia animi repudiandae neque facere. Voluptatibus ullam mi', '102.614.802-18' );
INSERT INTO tecnico ( especialidade, cpf )
	VALUES ( 'Vel sequi inventore explicabo. Non totam minus illo iure temporibus. Omnis officiis debitis illo neque. Natus ', '209.762.167-79' );
INSERT INTO tecnico ( especialidade, cpf )
	VALUES ( 'Perspiciatis reiciendis quibusdam deserunt non corrupti. Consectetur fugit consequatur accusant', '092.751.926-73' );
INSERT INTO tecnico ( especialidade, cpf )
	VALUES ( 'Sunt quas cupiditate error saepe ut velit laudantium.Vel pariatur sed fuga a blanditi', '672.918.060-28' );
INSERT INTO tecnico ( especialidade, cpf )
	VALUES ( 'Recusandae commodi alias est at. Debitis molestias eos beatae eum iste vel. S', '059.330.483-11' );
INSERT INTO tecnico ( especialidade, cpf )
	VALUES ( 'Quae ex at porro. Ipsam sit magni adipisci.Odio delectus perferendis impedit cupiditate autem. Corporis dolore qui mod', '375.841.304-61' );
INSERT INTO tecnico ( especialidade, cpf )
	VALUES ( 'Suscipit quos ex aperiam.Sapiente debitis saepe aspernatur.', '003.792.611-73' );
INSERT INTO tecnico ( especialidade, cpf )
	VALUES ( 'Perferendis fuga reiciendis maiores consequuntur ad accusamus. Quisquam exce', '536.492.252-81' );
INSERT INTO tecnico ( especialidade, cpf )
	VALUES ( 'Labore incidunt eligendi deleniti. Dolorum exercitationem ab con', '540.402.206-05' );
INSERT INTO tecnico ( especialidade, cpf )
	VALUES ( 'Aliquam voluptate quas aliquam vitae. Eligendi veritatis veritatis at iure dolorum. Aperi', '320.599.949-22' );
INSERT INTO tecnico ( especialidade, cpf )
	VALUES ( 'Voluptatibus placeat dolorem perferendis alias praesentium. Natus aper', '883.397.994-28' );
INSERT INTO tecnico ( especialidade, cpf )
	VALUES ( 'Perferendis nihil animi.Magni sequi voluptatum animi suscipit quia reprehenderit. Asperiores tempora delectus nequ', '968.480.094-00' );
INSERT INTO tecnico ( especialidade, cpf )
	VALUES ( 'Quas possimus nihil dolorum earum. Nulla tempore omnis laborum occaecati. Voluptatum tenetur explicabo nobis.', '098.964.468-71' );
INSERT INTO tecnico ( especialidade, cpf )
	VALUES ( 'Occaecati architecto voluptas aut accusamus. Dignissimos eveniet perferendis atque voluptates dolor. Unde per', '464.373.438-47' );
INSERT INTO tecnico ( especialidade, cpf )
	VALUES ( 'Quae modi est exercitationem. Vel quod ex.Recusandae velit eligendi sint provident ratione quo', '621.858.118-96' );
INSERT INTO tecnico ( especialidade, cpf )
	VALUES ( 'Voluptatum similique laborum occaecati nobis placeat sint veniam. O', '208.590.843-38' );
INSERT INTO tecnico ( especialidade, cpf )
	VALUES ( 'Consequatur aspernatur consequatur tempora magni non necessitatibus. Asperiores alias aspernatur aspernatur expedita earum', '508.596.215-26' );
INSERT INTO tecnico ( especialidade, cpf )
	VALUES ( 'Quam nobis esse deserunt amet similique architecto. Tempore repellat quas voluptates. Velit cumque occaecati explicabo', '183.569.609-62' );
INSERT INTO tecnico ( especialidade, cpf )
	VALUES ( 'Ipsam debitis inventore odio et officia. Harum maiores cupiditate atque. Blan', '346.675.103-29' );
INSERT INTO tecnico ( especialidade, cpf )
	VALUES ( 'Tempora quaerat architecto. Quas porro praesentium omnis consectetur ', '130.064.450-23' );
INSERT INTO tecnico ( especialidade, cpf )
	VALUES ( 'Blanditiis fugit optio quidem. Alias illo unde commodi.Iste totam tenetur recusandae repellendus ', '098.524.090-98' );
INSERT INTO tecnico ( especialidade, cpf )
	VALUES ( 'Vero aperiam molestiae vel. Odit reprehenderit aut nostrum. Explicabo inventore quibus', '559.158.417-02' );
INSERT INTO tecnico ( especialidade, cpf )
	VALUES ( 'Delectus similique cupiditate asperiores aliquid. Minima modi ipsam sed.', '215.129.040-40' );
INSERT INTO tecnico ( especialidade, cpf )
	VALUES ( 'Soluta fuga quia perferendis quibusdam commodi. Aut nam laudantium', '155.423.903-20' );
INSERT INTO tecnico ( especialidade, cpf )
	VALUES ( 'Itaque impedit earum laboriosam quae. Vitae exercitationem maiores e', '985.878.089-45' );
INSERT INTO tecnico ( especialidade, cpf )
	VALUES ( 'Numquam odio facere perspiciatis similique sapiente. Eos odit ex voluptas nemo debitis m', '478.613.044-80' );
INSERT INTO tecnico ( especialidade, cpf )
	VALUES ( 'Officiis reprehenderit adipisci necessitatibus. Sint laborum maxime inventore consequuntur numquam nemo. Quis asperiores quae ', '191.220.769-38' );
INSERT INTO tecnico ( especialidade, cpf )
	VALUES ( 'Totam illo ratione cupiditate. Consequatur quisquam sapiente veniam accusamus. Aliquam cumque saepe fugit qui', '824.324.617-66' );
INSERT INTO tecnico ( especialidade, cpf )
	VALUES ( 'Et deleniti aliquam dolore repellat maxime soluta. Autem minima saepe culpa itaque nihil.', '679.750.535-36' );
INSERT INTO tecnico ( especialidade, cpf )
	VALUES ( 'Accusantium expedita expedita doloribus occaecati non cumque. Asperiores inven', '278.383.268-45' );
INSERT INTO tecnico ( especialidade, cpf )
	VALUES ( 'Iure veniam numquam ipsum neque expedita iste similique. Corrupti molestiae minima magnam culpa repudiandae.Quidem quaerat bl', '172.118.745-96' );
INSERT INTO tecnico ( especialidade, cpf )
	VALUES ( 'Nesciunt doloribus laudantium praesentium hic tempore odit neque. Nemo fuga porro eum ha', '649.110.168-22' );
INSERT INTO tecnico ( especialidade, cpf )
	VALUES ( 'Perspiciatis provident asperiores dicta assumenda sint modi aut. Voluptates necessitatibus fugiat.Nihil q', '410.819.426-83' );
INSERT INTO tecnico ( especialidade, cpf )
	VALUES ( 'Modi ad adipisci cupiditate. Id earum deserunt amet natus sed.Nam itaque suscipit ', '960.825.711-15' );
INSERT INTO tecnico ( especialidade, cpf )
	VALUES ( 'Suscipit nostrum at quidem. Alias nemo perferendis labore fuga rerum.Repellat d', '706.139.849-51' );
INSERT INTO tecnico ( especialidade, cpf )
	VALUES ( 'Quibusdam molestiae officiis saepe nostrum. Beatae tempore at neque. Libero asperior', '541.649.682-95' );
INSERT INTO tecnico ( especialidade, cpf )
	VALUES ( 'Omnis amet fugiat veritatis corrupti numquam. Voluptates cum accusantium libero.Maxime enim occa', '196.969.889-38' );
INSERT INTO tecnico ( especialidade, cpf )
	VALUES ( 'Eveniet vel consectetur. Unde architecto saepe.Odit recusandae laboriosam. Sunt quam corrupti maiores dolor ullam cupiditate.T', '338.698.478-71' );
INSERT INTO tecnico ( especialidade, cpf )
	VALUES ( 'Accusamus dolore quia. Veritatis deleniti tempore explicabo blanditiis.Dolores temporibus', '774.267.034-51' );
INSERT INTO tecnico ( especialidade, cpf )
	VALUES ( 'Accusantium ut inventore ab esse. Provident iste corporis pariatur dolorum repellendus. In', '921.950.940-86' );
INSERT INTO tecnico ( especialidade, cpf )
	VALUES ( 'Optio placeat asperiores voluptatibus quos doloremque. Delectus eos aspernatur nobis assumenda.', '053.136.412-65' );
INSERT INTO tecnico ( especialidade, cpf )
	VALUES ( 'Vitae totam excepturi sit autem doloremque blanditiis. Omnis magni soluta autem ducimus repudiandae aliquam. Recusandae quasi n', '961.647.751-79' );
INSERT INTO tecnico ( especialidade, cpf )
	VALUES ( 'Corporis facilis voluptate dolore ipsam quam libero. Ratione exercitationem aliquid eius po', '042.540.641-53' );
INSERT INTO tecnico ( especialidade, cpf )
	VALUES ( 'Unde facilis esse laborum assumenda culpa. Ut asperiores quaerat vitae accusantium.', '651.552.626-75' );
INSERT INTO tecnico ( especialidade, cpf )
	VALUES ( 'Laudantium ut ea soluta iusto. Aperiam quae non est. Hic repudiand', '169.338.392-47' );
INSERT INTO tecnico ( especialidade, cpf )
	VALUES ( 'Velit qui culpa. Illum quo deleniti eligendi.Illum mollitia pra', '550.231.571-28' );
INSERT INTO tecnico ( especialidade, cpf )
	VALUES ( 'Sunt eos nisi cumque qui minima. Quas facere vero magni possimus', '973.785.332-66' );
INSERT INTO tecnico ( especialidade, cpf )
	VALUES ( 'Natus ex ipsum et earum. Natus eos illo quo eligendi.Modi fugit occae', '997.032.797-40' );
INSERT INTO tecnico ( especialidade, cpf )
	VALUES ( 'Pariatur temporibus quas porro omnis ullam soluta.', '725.795.391-06' );
INSERT INTO tecnico ( especialidade, cpf )
	VALUES ( 'Eveniet eveniet esse illum. Voluptate alias aut at praesentium. Eos nam deleniti. Officiis corrupti esse qu', '927.536.589-40' );
INSERT INTO tecnico ( especialidade, cpf )
	VALUES ( 'Iste dolor doloremque cupiditate quae aperiam fugiat. Fuga impedit porro alias facilis.Accusam', '276.865.875-31' );
INSERT INTO tecnico ( especialidade, cpf )
	VALUES ( 'Possimus iure debitis maiores adipisci non culpa. Non ea eaque repellendu', '754.444.997-34' );
INSERT INTO tecnico ( especialidade, cpf )
	VALUES ( 'Est nisi modi eveniet dicta laborum ducimus dolorem. Officia cupiditate numquam ea te', '689.353.993-29' );
INSERT INTO tecnico ( especialidade, cpf )
	VALUES ( 'Explicabo pariatur assumenda delectus quos nam natus nihil. Fugiat commodi officiis accusa', '954.318.834-65' );
INSERT INTO tecnico ( especialidade, cpf )
	VALUES ( 'Dignissimos porro modi recusandae placeat officiis. Veniam necessitatibus cupiditate necessitatibus.', '922.807.168-08' );
INSERT INTO tecnico ( especialidade, cpf )
	VALUES ( 'Perferendis temporibus sequi commodi labore distinctio iste quis. Mollitia occaecati i', '793.012.494-09' );
INSERT INTO tecnico ( especialidade, cpf )
	VALUES ( 'Tenetur ipsam sed non perspiciatis accusantium repudiandae. Ipsam asperiores nam.Nesciunt optio quis est dolorem. Deserunt q', '643.511.851-32' );
INSERT INTO tecnico ( especialidade, cpf )
	VALUES ( 'Nemo rerum inventore incidunt tenetur officia. Iure magni quam qua', '306.570.839-92' );
INSERT INTO tecnico ( especialidade, cpf )
	VALUES ( 'Odit deleniti similique maxime. Occaecati aliquid minima facilis molestias sunt inventore.', '702.694.593-40' );
INSERT INTO tecnico ( especialidade, cpf )
	VALUES ( 'Totam reprehenderit atque expedita doloremque. Pariatur dignissimos nihil optio. Hic explicabo tempore reic', '655.867.366-17' );
INSERT INTO tecnico ( especialidade, cpf )
	VALUES ( 'Neque rem necessitatibus aperiam doloribus. Quasi nostrum error. Ea tempore nam voluptate saepe asperiores dolorem ullam.', '741.840.210-99' );
INSERT INTO tecnico ( especialidade, cpf )
	VALUES ( 'Aperiam ratione aperiam itaque aspernatur deleniti. Iure culpa assumenda', '909.808.644-11' );
INSERT INTO tecnico ( especialidade, cpf )
	VALUES ( 'Aspernatur inventore dicta nam deserunt neque. Sapiente porro commodi ma', '277.950.069-37' );
INSERT INTO tecnico ( especialidade, cpf )
	VALUES ( 'Maxime eos cupiditate eveniet. Delectus explicabo dolor voluptas. Eaque deserunt ea', '453.132.778-36' );
INSERT INTO tecnico ( especialidade, cpf )
	VALUES ( 'Voluptates a vitae deleniti minima ipsa eaque. Praesentium modi blanditii', '866.216.418-46' );
INSERT INTO tecnico ( especialidade, cpf )
	VALUES ( 'Deleniti assumenda cumque cum error mollitia. Error velit illum illo quidem nemo r', '984.319.590-75' );
INSERT INTO tecnico ( especialidade, cpf )
	VALUES ( 'Dolor sequi quia repellendus. Aperiam pariatur reiciendis repudiand', '753.864.683-48' );
INSERT INTO tecnico ( especialidade, cpf )
	VALUES ( 'Explicabo autem quia et. Deleniti placeat dolorem facere mollitia est reicie', '659.897.784-44' );
INSERT INTO tecnico ( especialidade, cpf )
	VALUES ( 'Cumque minus molestias voluptatem provident amet. Eius neque ex animi.Occaecati occaecati repellat excepturi necessitat', '747.880.415-61' );
INSERT INTO tecnico ( especialidade, cpf )
	VALUES ( 'Quia officia ducimus. Nemo perspiciatis incidunt recusandae fuga adipisci totam. A adipisci minus facilis dicta aut debitis', '166.760.321-68' );
INSERT INTO tecnico ( especialidade, cpf )
	VALUES ( 'Autem quidem dolorum. Nemo atque quaerat. Doloremque error nesciunt debitis sequi libero consequatur.', '809.952.320-37' );
INSERT INTO tecnico ( especialidade, cpf )
	VALUES ( 'Officia non expedita pariatur. Magnam magnam esse voluptate expedi', '768.760.635-32' );
INSERT INTO tecnico ( especialidade, cpf )
	VALUES ( 'Inventore necessitatibus animi iusto eaque. Occaecati fugiat aut laborum dignissimos.Illum eaque odit optio rat', '188.547.450-93' );
INSERT INTO tecnico ( especialidade, cpf )
	VALUES ( 'Unde tempora suscipit. Ab dolorem eligendi voluptate sunt ullam eius. Odio praesentium', '031.844.616-48' );
INSERT INTO tecnico ( especialidade, cpf )
	VALUES ( 'Ipsum cumque architecto. Maxime perspiciatis nam impedit nihil. Dignissimos temporibus ab.', '741.227.419-70' );
INSERT INTO tecnico ( especialidade, cpf )
	VALUES ( 'Tempore possimus corrupti exercitationem reprehenderit. Architecto ab libero culpa laudantium.Blanditiis voluptatem archit', '765.500.392-58' );
INSERT INTO tecnico ( especialidade, cpf )
	VALUES ( 'Harum fugit temporibus neque assumenda. Illo temporibus quam eius rerum ullam. Necessitatibus at doloremque aliquam dolore', '085.726.128-13' );
INSERT INTO tecnico ( especialidade, cpf )
	VALUES ( 'Est ipsa odit dolorum saepe reiciendis. Totam aliquid recusandae placeat consequatur iur', '271.054.513-53' );
INSERT INTO tecnico ( especialidade, cpf )
	VALUES ( 'Error praesentium facilis nam. Ipsum accusamus magni libero. Velit repellendus expedita quia dolorum ', '461.757.542-43' );
INSERT INTO tecnico ( especialidade, cpf )
	VALUES ( 'Commodi perspiciatis veritatis officia dolorum velit.Totam facere se', '043.955.036-98' );
INSERT INTO tecnico ( especialidade, cpf )
	VALUES ( 'Deleniti at placeat. Nulla culpa atque dolores deleniti.Ex officia dict', '651.452.975-76' );
INSERT INTO tecnico ( especialidade, cpf )
	VALUES ( 'Eius optio culpa tenetur eius. Consequatur tempora laboriosam beatae animi quibusdam reiciendis. Eligendi ipsam cumque non', '027.162.848-44' );
INSERT INTO tecnico ( especialidade, cpf )
	VALUES ( 'Et neque aperiam dolor aliquam. Molestiae aspernatur omnis exercitationem neque.', '946.219.210-07' );
INSERT INTO tecnico ( especialidade, cpf )
	VALUES ( 'Explicabo enim aperiam. Eaque asperiores tempora illo minima omnis aspernatur.Maiores dolore pa', '196.343.326-57' );
INSERT INTO tecnico ( especialidade, cpf )
	VALUES ( 'Rem fugit nostrum odit sit laboriosam perferendis laboriosam. Adipisci a', '712.091.557-99' );
INSERT INTO tecnico ( especialidade, cpf )
	VALUES ( 'Quo quibusdam sequi maiores. Tenetur possimus aliquam perferendis dolorum ducimus non. Repudiandae dolorem eum maxime ull', '954.508.078-37' );
INSERT INTO tecnico ( especialidade, cpf )
	VALUES ( 'Aut animi ullam assumenda quisquam unde tenetur odit. Maiores maxime repellendus eius mollitia repellendu', '504.159.221-62' );
INSERT INTO tecnico ( especialidade, cpf )
	VALUES ( 'Explicabo voluptates maiores voluptatem perferendis laboriosam rem similique. Totam perspicia', '152.231.478-98' );
INSERT INTO tecnico ( especialidade, cpf )
	VALUES ( 'Nobis facere quidem esse quae sequi ipsum modi. Quasi iusto doloremque blanditiis quisquam beatae in. Velit quia quae repud', '025.100.117-88' );
INSERT INTO tecnico ( especialidade, cpf )
	VALUES ( 'Laboriosam deleniti accusamus vero repellendus rem. Quos voluptatum qui expedita nulla occ', '241.702.807-60' );
INSERT INTO tecnico ( especialidade, cpf )
	VALUES ( 'Dolore repellat deleniti reiciendis perferendis dolorum ipsam. Molestiae itaque vitae illo veritatis officiis tempora.', '480.422.370-88' );
INSERT INTO tecnico ( especialidade, cpf )
	VALUES ( 'Voluptatem amet ex unde fuga laudantium qui. Quas dignissimos neque facere.Ducimus magnam', '793.834.340-50' );
INSERT INTO tecnico ( especialidade, cpf )
	VALUES ( 'Quos dolores tempora aut earum in iste. Veniam dolorem alias molestias inventore eli', '408.937.557-71' );
INSERT INTO tecnico ( especialidade, cpf )
	VALUES ( 'Tempore dolorum similique blanditiis ea. Esse assumenda vel quas. Dolorem quae natus ipsum vel saepe occaecati illum.', '819.930.030-83' );
INSERT INTO tecnico ( especialidade, cpf )
	VALUES ( 'Impedit vel facere ducimus temporibus hic illo. Veniam fugiat repud', '065.091.423-26' );
INSERT INTO tecnico ( especialidade, cpf )
	VALUES ( 'Praesentium sapiente voluptate eveniet occaecati delectus in. Distinctio veritatis facere pariatur labore dignissi', '505.705.748-21' );
INSERT INTO tecnico ( especialidade, cpf )
	VALUES ( 'Nostrum alias error distinctio quod mollitia. Unde ab distinctio at aliquam.', '182.633.304-81' );

/* TABLE copiloto */
INSERT INTO copiloto ( habilitacao, cpf )
	VALUES ( 'Impedit dist', '643.511.851-32' );
INSERT INTO copiloto ( habilitacao, cpf )
	VALUES ( 'Ipsa volupta', '922.807.168-08' );
INSERT INTO copiloto ( habilitacao, cpf )
	VALUES ( 'Impedit quod', '655.867.366-17' );
INSERT INTO copiloto ( habilitacao, cpf )
	VALUES ( 'Nam atque pr', '985.878.089-45' );
INSERT INTO copiloto ( habilitacao, cpf )
	VALUES ( 'Temporibus c', '152.231.478-98' );
INSERT INTO copiloto ( habilitacao, cpf )
	VALUES ( 'Saepe quisqu', '550.231.571-28' );
INSERT INTO copiloto ( habilitacao, cpf )
	VALUES ( 'A in illo do', '098.964.468-71' );
INSERT INTO copiloto ( habilitacao, cpf )
	VALUES ( 'Ipsum in qua', '031.844.616-48' );
INSERT INTO copiloto ( habilitacao, cpf )
	VALUES ( 'Id reprehend', '059.330.483-11' );
INSERT INTO copiloto ( habilitacao, cpf )
	VALUES ( 'Ipsam non ac', '478.613.044-80' );
INSERT INTO copiloto ( habilitacao, cpf )
	VALUES ( 'Eum laborum ', '480.422.370-88' );
INSERT INTO copiloto ( habilitacao, cpf )
	VALUES ( 'Blanditiis r', '754.444.997-34' );
INSERT INTO copiloto ( habilitacao, cpf )
	VALUES ( 'Ratione quo ', '809.952.320-37' );
INSERT INTO copiloto ( habilitacao, cpf )
	VALUES ( 'Delectus inv', '960.825.711-15' );
INSERT INTO copiloto ( habilitacao, cpf )
	VALUES ( 'Voluptate an', '102.614.802-18' );
INSERT INTO copiloto ( habilitacao, cpf )
	VALUES ( 'Velit magni ', '961.647.751-79' );
INSERT INTO copiloto ( habilitacao, cpf )
	VALUES ( 'Sint tempore', '651.452.975-76' );
INSERT INTO copiloto ( habilitacao, cpf )
	VALUES ( 'Dicta itaque', '649.110.168-22' );
INSERT INTO copiloto ( habilitacao, cpf )
	VALUES ( 'Laborum aliq', '053.136.412-65' );
INSERT INTO copiloto ( habilitacao, cpf )
	VALUES ( 'Libero accus', '166.760.321-68' );
INSERT INTO copiloto ( habilitacao, cpf )
	VALUES ( 'Repellendus ', '191.220.769-38' );
INSERT INTO copiloto ( habilitacao, cpf )
	VALUES ( 'Nostrum libe', '027.162.848-44' );
INSERT INTO copiloto ( habilitacao, cpf )
	VALUES ( 'Quaerat volu', '464.373.438-47' );
INSERT INTO copiloto ( habilitacao, cpf )
	VALUES ( 'Iste eius ve', '277.950.069-37' );
INSERT INTO copiloto ( habilitacao, cpf )
	VALUES ( 'Excepturi il', '765.500.392-58' );
INSERT INTO copiloto ( habilitacao, cpf )
	VALUES ( 'Exercitation', '320.599.949-22' );
INSERT INTO copiloto ( habilitacao, cpf )
	VALUES ( 'Ea incidunt ', '774.267.034-51' );
INSERT INTO copiloto ( habilitacao, cpf )
	VALUES ( 'Iure reprehe', '973.785.332-66' );
INSERT INTO copiloto ( habilitacao, cpf )
	VALUES ( 'In asperiore', '098.524.090-98' );
INSERT INTO copiloto ( habilitacao, cpf )
	VALUES ( 'Facilis volu', '208.590.843-38' );
INSERT INTO copiloto ( habilitacao, cpf )
	VALUES ( 'Tempora quid', '453.132.778-36' );
INSERT INTO copiloto ( habilitacao, cpf )
	VALUES ( 'Eligendi sit', '679.750.535-36' );
INSERT INTO copiloto ( habilitacao, cpf )
	VALUES ( 'Atque iste s', '065.091.423-26' );
INSERT INTO copiloto ( habilitacao, cpf )
	VALUES ( 'Molestiae qu', '672.918.060-28' );
INSERT INTO copiloto ( habilitacao, cpf )
	VALUES ( 'Vero non non', '155.423.903-20' );
INSERT INTO copiloto ( habilitacao, cpf )
	VALUES ( 'Nam perspici', '183.569.609-62' );
INSERT INTO copiloto ( habilitacao, cpf )
	VALUES ( 'Omnis offici', '712.091.557-99' );
INSERT INTO copiloto ( habilitacao, cpf )
	VALUES ( 'Nesciunt rer', '909.808.644-11' );
INSERT INTO copiloto ( habilitacao, cpf )
	VALUES ( 'Inventore er', '968.480.094-00' );
INSERT INTO copiloto ( habilitacao, cpf )
	VALUES ( 'Eligendi eos', '984.319.590-75' );
INSERT INTO copiloto ( habilitacao, cpf )
	VALUES ( 'Architecto r', '241.702.807-60' );
INSERT INTO copiloto ( habilitacao, cpf )
	VALUES ( 'Quis natus v', '536.492.252-81' );
INSERT INTO copiloto ( habilitacao, cpf )
	VALUES ( 'Sequi non qu', '338.698.478-71' );
INSERT INTO copiloto ( habilitacao, cpf )
	VALUES ( 'Non accusamu', '866.216.418-46' );
INSERT INTO copiloto ( habilitacao, cpf )
	VALUES ( 'Ad atque dol', '793.834.340-50' );
INSERT INTO copiloto ( habilitacao, cpf )
	VALUES ( 'Eaque vitae ', '003.792.611-73' );
INSERT INTO copiloto ( habilitacao, cpf )
	VALUES ( 'Quia pariatu', '130.064.450-23' );
INSERT INTO copiloto ( habilitacao, cpf )
	VALUES ( 'Enim nisi as', '196.969.889-38' );
INSERT INTO copiloto ( habilitacao, cpf )
	VALUES ( 'Sapiente par', '659.897.784-44' );
INSERT INTO copiloto ( habilitacao, cpf )
	VALUES ( 'Consectetur ', '202.100.382-31' );
INSERT INTO copiloto ( habilitacao, cpf )
	VALUES ( 'Aut debitis ', '540.402.206-05' );
INSERT INTO copiloto ( habilitacao, cpf )
	VALUES ( 'Doloremque d', '747.880.415-61' );
INSERT INTO copiloto ( habilitacao, cpf )
	VALUES ( 'Quas id quod', '927.536.589-40' );
INSERT INTO copiloto ( habilitacao, cpf )
	VALUES ( 'Soluta itaqu', '043.955.036-98' );
INSERT INTO copiloto ( habilitacao, cpf )
	VALUES ( 'Dicta ut tem', '757.459.668-54' );
INSERT INTO copiloto ( habilitacao, cpf )
	VALUES ( 'Non voluptat', '508.596.215-26' );
INSERT INTO copiloto ( habilitacao, cpf )
	VALUES ( 'Incidunt min', '025.100.117-88' );
INSERT INTO copiloto ( habilitacao, cpf )
	VALUES ( 'Aliquid tene', '278.383.268-45' );
INSERT INTO copiloto ( habilitacao, cpf )
	VALUES ( 'Veniam illo ', '346.675.103-29' );
INSERT INTO copiloto ( habilitacao, cpf )
	VALUES ( 'Omnis sint n', '819.930.030-83' );
INSERT INTO copiloto ( habilitacao, cpf )
	VALUES ( 'Sit vitae ex', '042.540.641-53' );
INSERT INTO copiloto ( habilitacao, cpf )
	VALUES ( 'Dolores quid', '559.158.417-02' );
INSERT INTO copiloto ( habilitacao, cpf )
	VALUES ( 'Eaque dignis', '504.159.221-62' );
INSERT INTO copiloto ( habilitacao, cpf )
	VALUES ( 'Maxime venia', '410.819.426-83' );
INSERT INTO copiloto ( habilitacao, cpf )
	VALUES ( 'Nisi in nam ', '883.397.994-28' );
INSERT INTO copiloto ( habilitacao, cpf )
	VALUES ( 'Ipsam occaec', '408.937.557-71' );
INSERT INTO copiloto ( habilitacao, cpf )
	VALUES ( 'Quidem nemo ', '085.726.128-13' );
INSERT INTO copiloto ( habilitacao, cpf )
	VALUES ( 'Neque sapien', '741.227.419-70' );
INSERT INTO copiloto ( habilitacao, cpf )
	VALUES ( 'Perferendis ', '306.570.839-92' );
INSERT INTO copiloto ( habilitacao, cpf )
	VALUES ( 'Asperiores i', '541.649.682-95' );
INSERT INTO copiloto ( habilitacao, cpf )
	VALUES ( 'Optio impedi', '505.705.748-21' );
INSERT INTO copiloto ( habilitacao, cpf )
	VALUES ( 'Eius ipsam c', '954.318.834-65' );
INSERT INTO copiloto ( habilitacao, cpf )
	VALUES ( 'Quae error m', '461.757.542-43' );
INSERT INTO copiloto ( habilitacao, cpf )
	VALUES ( 'Omnis esse q', '689.353.993-29' );
INSERT INTO copiloto ( habilitacao, cpf )
	VALUES ( 'Eligendi rat', '954.508.078-37' );
INSERT INTO copiloto ( habilitacao, cpf )
	VALUES ( 'Numquam libe', '215.129.040-40' );
INSERT INTO copiloto ( habilitacao, cpf )
	VALUES ( 'Molestiae ev', '169.338.392-47' );
INSERT INTO copiloto ( habilitacao, cpf )
	VALUES ( 'Reprehenderi', '997.032.797-40' );
INSERT INTO copiloto ( habilitacao, cpf )
	VALUES ( 'Voluptas mod', '741.840.210-99' );
INSERT INTO copiloto ( habilitacao, cpf )
	VALUES ( 'Odio ut porr', '172.118.745-96' );
INSERT INTO copiloto ( habilitacao, cpf )
	VALUES ( 'Voluptatem a', '702.694.593-40' );
INSERT INTO copiloto ( habilitacao, cpf )
	VALUES ( 'Voluptate ar', '725.795.391-06' );
INSERT INTO copiloto ( habilitacao, cpf )
	VALUES ( 'Accusamus pe', '188.547.450-93' );
INSERT INTO copiloto ( habilitacao, cpf )
	VALUES ( 'Possimus vol', '271.054.513-53' );
INSERT INTO copiloto ( habilitacao, cpf )
	VALUES ( 'Reiciendis q', '182.633.304-81' );
INSERT INTO copiloto ( habilitacao, cpf )
	VALUES ( 'Doloremque n', '541.729.094-74' );
INSERT INTO copiloto ( habilitacao, cpf )
	VALUES ( 'Delectus tem', '793.012.494-09' );
INSERT INTO copiloto ( habilitacao, cpf )
	VALUES ( 'Vitae nihil ', '753.864.683-48' );
INSERT INTO copiloto ( habilitacao, cpf )
	VALUES ( 'Quo est quas', '209.762.167-79' );
INSERT INTO copiloto ( habilitacao, cpf )
	VALUES ( 'Fuga nihil t', '768.760.635-32' );
INSERT INTO copiloto ( habilitacao, cpf )
	VALUES ( 'Sit temporib', '824.324.617-66' );
INSERT INTO copiloto ( habilitacao, cpf )
	VALUES ( 'Vel repellat', '921.950.940-86' );
INSERT INTO copiloto ( habilitacao, cpf )
	VALUES ( 'Quos dolorum', '196.343.326-57' );
INSERT INTO copiloto ( habilitacao, cpf )
	VALUES ( 'Quisquam vel', '092.751.926-73' );
INSERT INTO copiloto ( habilitacao, cpf )
	VALUES ( 'Velit nobis ', '706.139.849-51' );
INSERT INTO copiloto ( habilitacao, cpf )
	VALUES ( 'Delectus ess', '946.219.210-07' );
INSERT INTO copiloto ( habilitacao, cpf )
	VALUES ( 'Dolorum pers', '276.865.875-31' );
INSERT INTO copiloto ( habilitacao, cpf )
	VALUES ( 'Provident re', '621.858.118-96' );
INSERT INTO copiloto ( habilitacao, cpf )
	VALUES ( 'Consequatur ', '375.841.304-61' );
INSERT INTO copiloto ( habilitacao, cpf )
	VALUES ( 'Necessitatib', '651.552.626-75' );

/* TABLE piloto */
INSERT INTO piloto ( habilitacao, cpf )
	VALUES ( 'Ad repellat ', '480.422.370-88' );
INSERT INTO piloto ( habilitacao, cpf )
	VALUES ( 'Laborum occa', '536.492.252-81' );
INSERT INTO piloto ( habilitacao, cpf )
	VALUES ( 'Maxime et et', '042.540.641-53' );
INSERT INTO piloto ( habilitacao, cpf )
	VALUES ( 'Corrupti exc', '320.599.949-22' );
INSERT INTO piloto ( habilitacao, cpf )
	VALUES ( 'Incidunt nam', '541.649.682-95' );
INSERT INTO piloto ( habilitacao, cpf )
	VALUES ( 'Odit aperiam', '277.950.069-37' );
INSERT INTO piloto ( habilitacao, cpf )
	VALUES ( 'Aliquid quib', '985.878.089-45' );
INSERT INTO piloto ( habilitacao, cpf )
	VALUES ( 'Tempora aspe', '712.091.557-99' );
INSERT INTO piloto ( habilitacao, cpf )
	VALUES ( 'In nobis rep', '155.423.903-20' );
INSERT INTO piloto ( habilitacao, cpf )
	VALUES ( 'Veniam id ei', '092.751.926-73' );
INSERT INTO piloto ( habilitacao, cpf )
	VALUES ( 'Expedita asp', '338.698.478-71' );
INSERT INTO piloto ( habilitacao, cpf )
	VALUES ( 'Quas eos qua', '655.867.366-17' );
INSERT INTO piloto ( habilitacao, cpf )
	VALUES ( 'Officiis lib', '706.139.849-51' );
INSERT INTO piloto ( habilitacao, cpf )
	VALUES ( 'Blanditiis p', '196.343.326-57' );
INSERT INTO piloto ( habilitacao, cpf )
	VALUES ( 'Perspiciatis', '960.825.711-15' );
INSERT INTO piloto ( habilitacao, cpf )
	VALUES ( 'Rem nisi dol', '968.480.094-00' );
INSERT INTO piloto ( habilitacao, cpf )
	VALUES ( 'Laborum quib', '754.444.997-34' );
INSERT INTO piloto ( habilitacao, cpf )
	VALUES ( 'Inventore ab', '672.918.060-28' );
INSERT INTO piloto ( habilitacao, cpf )
	VALUES ( 'Laboriosam c', '550.231.571-28' );
INSERT INTO piloto ( habilitacao, cpf )
	VALUES ( 'Quae tempora', '098.524.090-98' );
INSERT INTO piloto ( habilitacao, cpf )
	VALUES ( 'Facilis et v', '461.757.542-43' );
INSERT INTO piloto ( habilitacao, cpf )
	VALUES ( 'Pariatur ani', '271.054.513-53' );
INSERT INTO piloto ( habilitacao, cpf )
	VALUES ( 'Deleniti et ', '954.318.834-65' );
INSERT INTO piloto ( habilitacao, cpf )
	VALUES ( 'At deleniti ', '102.614.802-18' );
INSERT INTO piloto ( habilitacao, cpf )
	VALUES ( 'Assumenda re', '375.841.304-61' );
INSERT INTO piloto ( habilitacao, cpf )
	VALUES ( 'Vero dolor o', '540.402.206-05' );
INSERT INTO piloto ( habilitacao, cpf )
	VALUES ( 'At tempora a', '961.647.751-79' );
INSERT INTO piloto ( habilitacao, cpf )
	VALUES ( 'Tempore quas', '747.880.415-61' );
INSERT INTO piloto ( habilitacao, cpf )
	VALUES ( 'Laboriosam e', '954.508.078-37' );
INSERT INTO piloto ( habilitacao, cpf )
	VALUES ( 'Quis natus h', '824.324.617-66' );
INSERT INTO piloto ( habilitacao, cpf )
	VALUES ( 'Asperiores d', '196.969.889-38' );
INSERT INTO piloto ( habilitacao, cpf )
	VALUES ( 'Unde placeat', '741.840.210-99' );
INSERT INTO piloto ( habilitacao, cpf )
	VALUES ( 'Eum aliquam ', '191.220.769-38' );
INSERT INTO piloto ( habilitacao, cpf )
	VALUES ( 'Nostrum susc', '927.536.589-40' );
INSERT INTO piloto ( habilitacao, cpf )
	VALUES ( 'Laboriosam n', '182.633.304-81' );
INSERT INTO piloto ( habilitacao, cpf )
	VALUES ( 'Explicabo te', '679.750.535-36' );
INSERT INTO piloto ( habilitacao, cpf )
	VALUES ( 'Eum molestia', '241.702.807-60' );
INSERT INTO piloto ( habilitacao, cpf )
	VALUES ( 'Dignissimos ', '883.397.994-28' );
INSERT INTO piloto ( habilitacao, cpf )
	VALUES ( 'Quae provide', '765.500.392-58' );
INSERT INTO piloto ( habilitacao, cpf )
	VALUES ( 'Deserunt ten', '768.760.635-32' );
INSERT INTO piloto ( habilitacao, cpf )
	VALUES ( 'Commodi iust', '541.729.094-74' );
INSERT INTO piloto ( habilitacao, cpf )
	VALUES ( 'Sapiente tot', '973.785.332-66' );
INSERT INTO piloto ( habilitacao, cpf )
	VALUES ( 'Nesciunt qui', '059.330.483-11' );
INSERT INTO piloto ( habilitacao, cpf )
	VALUES ( 'Illum suscip', '984.319.590-75' );
INSERT INTO piloto ( habilitacao, cpf )
	VALUES ( 'Quidem quide', '166.760.321-68' );
INSERT INTO piloto ( habilitacao, cpf )
	VALUES ( 'Reprehenderi', '649.110.168-22' );
INSERT INTO piloto ( habilitacao, cpf )
	VALUES ( 'Reiciendis f', '725.795.391-06' );
INSERT INTO piloto ( habilitacao, cpf )
	VALUES ( 'Nulla at atq', '793.834.340-50' );
INSERT INTO piloto ( habilitacao, cpf )
	VALUES ( 'Alias possim', '027.162.848-44' );
INSERT INTO piloto ( habilitacao, cpf )
	VALUES ( 'Iusto tenetu', '031.844.616-48' );
INSERT INTO piloto ( habilitacao, cpf )
	VALUES ( 'Et aliquam s', '025.100.117-88' );
INSERT INTO piloto ( habilitacao, cpf )
	VALUES ( 'Provident re', '183.569.609-62' );
INSERT INTO piloto ( habilitacao, cpf )
	VALUES ( 'Vitae aliqui', '793.012.494-09' );
INSERT INTO piloto ( habilitacao, cpf )
	VALUES ( 'Quos magnam ', '651.452.975-76' );
INSERT INTO piloto ( habilitacao, cpf )
	VALUES ( 'Amet dolorem', '152.231.478-98' );
INSERT INTO piloto ( habilitacao, cpf )
	VALUES ( 'Iste illum q', '621.858.118-96' );
INSERT INTO piloto ( habilitacao, cpf )
	VALUES ( 'Nemo accusam', '774.267.034-51' );
INSERT INTO piloto ( habilitacao, cpf )
	VALUES ( 'Doloribus no', '464.373.438-47' );
INSERT INTO piloto ( habilitacao, cpf )
	VALUES ( 'Corrupti err', '689.353.993-29' );
INSERT INTO piloto ( habilitacao, cpf )
	VALUES ( 'Corporis acc', '130.064.450-23' );
INSERT INTO piloto ( habilitacao, cpf )
	VALUES ( 'Harum repudi', '643.511.851-32' );
INSERT INTO piloto ( habilitacao, cpf )
	VALUES ( 'Officia fugi', '215.129.040-40' );
INSERT INTO piloto ( habilitacao, cpf )
	VALUES ( 'Illum corrup', '809.952.320-37' );
INSERT INTO piloto ( habilitacao, cpf )
	VALUES ( 'Fuga consect', '276.865.875-31' );
INSERT INTO piloto ( habilitacao, cpf )
	VALUES ( 'Esse eaque s', '098.964.468-71' );
INSERT INTO piloto ( habilitacao, cpf )
	VALUES ( 'Reiciendis a', '003.792.611-73' );
INSERT INTO piloto ( habilitacao, cpf )
	VALUES ( 'Voluptatibus', '505.705.748-21' );
INSERT INTO piloto ( habilitacao, cpf )
	VALUES ( 'Laborum temp', '922.807.168-08' );
INSERT INTO piloto ( habilitacao, cpf )
	VALUES ( 'Magnam est i', '921.950.940-86' );
INSERT INTO piloto ( habilitacao, cpf )
	VALUES ( 'Cumque occae', '702.694.593-40' );
INSERT INTO piloto ( habilitacao, cpf )
	VALUES ( 'Vero consequ', '819.930.030-83' );
INSERT INTO piloto ( habilitacao, cpf )
	VALUES ( 'Rem est dolo', '504.159.221-62' );
INSERT INTO piloto ( habilitacao, cpf )
	VALUES ( 'Assumenda op', '946.219.210-07' );
INSERT INTO piloto ( habilitacao, cpf )
	VALUES ( 'Consequatur ', '202.100.382-31' );
INSERT INTO piloto ( habilitacao, cpf )
	VALUES ( 'Modi amet re', '306.570.839-92' );
INSERT INTO piloto ( habilitacao, cpf )
	VALUES ( 'Laudantium v', '753.864.683-48' );
INSERT INTO piloto ( habilitacao, cpf )
	VALUES ( 'Itaque simil', '866.216.418-46' );
INSERT INTO piloto ( habilitacao, cpf )
	VALUES ( 'Dolor sapien', '346.675.103-29' );
INSERT INTO piloto ( habilitacao, cpf )
	VALUES ( 'Repellendus ', '172.118.745-96' );
INSERT INTO piloto ( habilitacao, cpf )
	VALUES ( 'Recusandae q', '053.136.412-65' );
INSERT INTO piloto ( habilitacao, cpf )
	VALUES ( 'Dicta doloru', '651.552.626-75' );
INSERT INTO piloto ( habilitacao, cpf )
	VALUES ( 'Corrupti ips', '208.590.843-38' );
INSERT INTO piloto ( habilitacao, cpf )
	VALUES ( 'Commodi recu', '043.955.036-98' );
INSERT INTO piloto ( habilitacao, cpf )
	VALUES ( 'Necessitatib', '085.726.128-13' );
INSERT INTO piloto ( habilitacao, cpf )
	VALUES ( 'Laborum aute', '065.091.423-26' );
INSERT INTO piloto ( habilitacao, cpf )
	VALUES ( 'A harum odit', '909.808.644-11' );
INSERT INTO piloto ( habilitacao, cpf )
	VALUES ( 'Facere ipsam', '408.937.557-71' );
INSERT INTO piloto ( habilitacao, cpf )
	VALUES ( 'Quasi ut fug', '559.158.417-02' );
INSERT INTO piloto ( habilitacao, cpf )
	VALUES ( 'Odit rem id ', '478.613.044-80' );
INSERT INTO piloto ( habilitacao, cpf )
	VALUES ( 'Beatae omnis', '169.338.392-47' );
INSERT INTO piloto ( habilitacao, cpf )
	VALUES ( 'Optio repell', '453.132.778-36' );
INSERT INTO piloto ( habilitacao, cpf )
	VALUES ( 'Iste commodi', '997.032.797-40' );
INSERT INTO piloto ( habilitacao, cpf )
	VALUES ( 'Alias itaque', '659.897.784-44' );
INSERT INTO piloto ( habilitacao, cpf )
	VALUES ( 'Consequuntur', '757.459.668-54' );
INSERT INTO piloto ( habilitacao, cpf )
	VALUES ( 'Animi tempor', '741.227.419-70' );
INSERT INTO piloto ( habilitacao, cpf )
	VALUES ( 'Ipsa aliquam', '188.547.450-93' );
INSERT INTO piloto ( habilitacao, cpf )
	VALUES ( 'Veniam accus', '508.596.215-26' );
INSERT INTO piloto ( habilitacao, cpf )
	VALUES ( 'Soluta corpo', '410.819.426-83' );
INSERT INTO piloto ( habilitacao, cpf )
	VALUES ( 'Voluptatum s', '278.383.268-45' );
INSERT INTO piloto ( habilitacao, cpf )
	VALUES ( 'Eum exercita', '209.762.167-79' );

/* TABLE assistente */
INSERT INTO assistente ( cpf )
	VALUES ( '003.792.611-73' );
INSERT INTO assistente ( cpf )
	VALUES ( '241.702.807-60' );
INSERT INTO assistente ( cpf )
	VALUES ( '946.219.210-07' );
INSERT INTO assistente ( cpf )
	VALUES ( '985.878.089-45' );
INSERT INTO assistente ( cpf )
	VALUES ( '408.937.557-71' );
INSERT INTO assistente ( cpf )
	VALUES ( '031.844.616-48' );
INSERT INTO assistente ( cpf )
	VALUES ( '085.726.128-13' );
INSERT INTO assistente ( cpf )
	VALUES ( '453.132.778-36' );
INSERT INTO assistente ( cpf )
	VALUES ( '461.757.542-43' );
INSERT INTO assistente ( cpf )
	VALUES ( '338.698.478-71' );
INSERT INTO assistente ( cpf )
	VALUES ( '819.930.030-83' );
INSERT INTO assistente ( cpf )
	VALUES ( '209.762.167-79' );
INSERT INTO assistente ( cpf )
	VALUES ( '921.950.940-86' );
INSERT INTO assistente ( cpf )
	VALUES ( '276.865.875-31' );
INSERT INTO assistente ( cpf )
	VALUES ( '984.319.590-75' );
INSERT INTO assistente ( cpf )
	VALUES ( '166.760.321-68' );
INSERT INTO assistente ( cpf )
	VALUES ( '410.819.426-83' );
INSERT INTO assistente ( cpf )
	VALUES ( '741.227.419-70' );
INSERT INTO assistente ( cpf )
	VALUES ( '508.596.215-26' );
INSERT INTO assistente ( cpf )
	VALUES ( '649.110.168-22' );
INSERT INTO assistente ( cpf )
	VALUES ( '025.100.117-88' );
INSERT INTO assistente ( cpf )
	VALUES ( '659.897.784-44' );
INSERT INTO assistente ( cpf )
	VALUES ( '027.162.848-44' );
INSERT INTO assistente ( cpf )
	VALUES ( '043.955.036-98' );
INSERT INTO assistente ( cpf )
	VALUES ( '765.500.392-58' );
INSERT INTO assistente ( cpf )
	VALUES ( '725.795.391-06' );
INSERT INTO assistente ( cpf )
	VALUES ( '182.633.304-81' );
INSERT INTO assistente ( cpf )
	VALUES ( '346.675.103-29' );
INSERT INTO assistente ( cpf )
	VALUES ( '172.118.745-96' );
INSERT INTO assistente ( cpf )
	VALUES ( '961.647.751-79' );
INSERT INTO assistente ( cpf )
	VALUES ( '643.511.851-32' );
INSERT INTO assistente ( cpf )
	VALUES ( '215.129.040-40' );
INSERT INTO assistente ( cpf )
	VALUES ( '973.785.332-66' );
INSERT INTO assistente ( cpf )
	VALUES ( '183.569.609-62' );
INSERT INTO assistente ( cpf )
	VALUES ( '747.880.415-61' );
INSERT INTO assistente ( cpf )
	VALUES ( '375.841.304-61' );
INSERT INTO assistente ( cpf )
	VALUES ( '997.032.797-40' );
INSERT INTO assistente ( cpf )
	VALUES ( '130.064.450-23' );
INSERT INTO assistente ( cpf )
	VALUES ( '866.216.418-46' );
INSERT INTO assistente ( cpf )
	VALUES ( '960.825.711-15' );
INSERT INTO assistente ( cpf )
	VALUES ( '464.373.438-47' );
INSERT INTO assistente ( cpf )
	VALUES ( '504.159.221-62' );
INSERT INTO assistente ( cpf )
	VALUES ( '478.613.044-80' );
INSERT INTO assistente ( cpf )
	VALUES ( '271.054.513-53' );
INSERT INTO assistente ( cpf )
	VALUES ( '757.459.668-54' );
INSERT INTO assistente ( cpf )
	VALUES ( '169.338.392-47' );
INSERT INTO assistente ( cpf )
	VALUES ( '768.760.635-32' );
INSERT INTO assistente ( cpf )
	VALUES ( '152.231.478-98' );
INSERT INTO assistente ( cpf )
	VALUES ( '824.324.617-66' );
INSERT INTO assistente ( cpf )
	VALUES ( '208.590.843-38' );
INSERT INTO assistente ( cpf )
	VALUES ( '712.091.557-99' );
INSERT INTO assistente ( cpf )
	VALUES ( '155.423.903-20' );
INSERT INTO assistente ( cpf )
	VALUES ( '672.918.060-28' );
INSERT INTO assistente ( cpf )
	VALUES ( '505.705.748-21' );
INSERT INTO assistente ( cpf )
	VALUES ( '809.952.320-37' );
INSERT INTO assistente ( cpf )
	VALUES ( '954.508.078-37' );
INSERT INTO assistente ( cpf )
	VALUES ( '188.547.450-93' );
INSERT INTO assistente ( cpf )
	VALUES ( '679.750.535-36' );
INSERT INTO assistente ( cpf )
	VALUES ( '306.570.839-92' );
INSERT INTO assistente ( cpf )
	VALUES ( '059.330.483-11' );
INSERT INTO assistente ( cpf )
	VALUES ( '278.383.268-45' );
INSERT INTO assistente ( cpf )
	VALUES ( '927.536.589-40' );
INSERT INTO assistente ( cpf )
	VALUES ( '621.858.118-96' );
INSERT INTO assistente ( cpf )
	VALUES ( '909.808.644-11' );
INSERT INTO assistente ( cpf )
	VALUES ( '196.969.889-38' );
INSERT INTO assistente ( cpf )
	VALUES ( '754.444.997-34' );
INSERT INTO assistente ( cpf )
	VALUES ( '480.422.370-88' );
INSERT INTO assistente ( cpf )
	VALUES ( '706.139.849-51' );
INSERT INTO assistente ( cpf )
	VALUES ( '655.867.366-17' );
INSERT INTO assistente ( cpf )
	VALUES ( '550.231.571-28' );
INSERT INTO assistente ( cpf )
	VALUES ( '196.343.326-57' );
INSERT INTO assistente ( cpf )
	VALUES ( '954.318.834-65' );
INSERT INTO assistente ( cpf )
	VALUES ( '793.012.494-09' );
INSERT INTO assistente ( cpf )
	VALUES ( '065.091.423-26' );
INSERT INTO assistente ( cpf )
	VALUES ( '541.729.094-74' );
INSERT INTO assistente ( cpf )
	VALUES ( '540.402.206-05' );
INSERT INTO assistente ( cpf )
	VALUES ( '702.694.593-40' );
INSERT INTO assistente ( cpf )
	VALUES ( '689.353.993-29' );
INSERT INTO assistente ( cpf )
	VALUES ( '277.950.069-37' );
INSERT INTO assistente ( cpf )
	VALUES ( '098.524.090-98' );
INSERT INTO assistente ( cpf )
	VALUES ( '651.452.975-76' );
INSERT INTO assistente ( cpf )
	VALUES ( '191.220.769-38' );
INSERT INTO assistente ( cpf )
	VALUES ( '651.552.626-75' );
INSERT INTO assistente ( cpf )
	VALUES ( '102.614.802-18' );
INSERT INTO assistente ( cpf )
	VALUES ( '053.136.412-65' );
INSERT INTO assistente ( cpf )
	VALUES ( '883.397.994-28' );
INSERT INTO assistente ( cpf )
	VALUES ( '968.480.094-00' );
INSERT INTO assistente ( cpf )
	VALUES ( '559.158.417-02' );
INSERT INTO assistente ( cpf )
	VALUES ( '753.864.683-48' );
INSERT INTO assistente ( cpf )
	VALUES ( '922.807.168-08' );
INSERT INTO assistente ( cpf )
	VALUES ( '774.267.034-51' );
INSERT INTO assistente ( cpf )
	VALUES ( '793.834.340-50' );
INSERT INTO assistente ( cpf )
	VALUES ( '098.964.468-71' );
INSERT INTO assistente ( cpf )
	VALUES ( '536.492.252-81' );
INSERT INTO assistente ( cpf )
	VALUES ( '541.649.682-95' );
INSERT INTO assistente ( cpf )
	VALUES ( '741.840.210-99' );
INSERT INTO assistente ( cpf )
	VALUES ( '202.100.382-31' );
INSERT INTO assistente ( cpf )
	VALUES ( '092.751.926-73' );
INSERT INTO assistente ( cpf )
	VALUES ( '320.599.949-22' );
INSERT INTO assistente ( cpf )
	VALUES ( '042.540.641-53' );

/* TABLE opCamera */
INSERT INTO opCamera ( inicioCarreira, cpf )
	VALUES ( to_date ('2014-09-07', 'YYYY-MM-DD'), '954.508.078-37' );
INSERT INTO opCamera ( inicioCarreira, cpf )
	VALUES ( to_date ('2012-06-01', 'YYYY-MM-DD'), '774.267.034-51' );
INSERT INTO opCamera ( inicioCarreira, cpf )
	VALUES ( to_date ('2017-02-08', 'YYYY-MM-DD'), '741.227.419-70' );
INSERT INTO opCamera ( inicioCarreira, cpf )
	VALUES ( to_date ('2013-03-22', 'YYYY-MM-DD'), '453.132.778-36' );
INSERT INTO opCamera ( inicioCarreira, cpf )
	VALUES ( to_date ('2001-08-16', 'YYYY-MM-DD'), '092.751.926-73' );
INSERT INTO opCamera ( inicioCarreira, cpf )
	VALUES ( to_date ('2014-05-12', 'YYYY-MM-DD'), '922.807.168-08' );
INSERT INTO opCamera ( inicioCarreira, cpf )
	VALUES ( to_date ('2013-06-07', 'YYYY-MM-DD'), '042.540.641-53' );
INSERT INTO opCamera ( inicioCarreira, cpf )
	VALUES ( to_date ('2000-01-17', 'YYYY-MM-DD'), '649.110.168-22' );
INSERT INTO opCamera ( inicioCarreira, cpf )
	VALUES ( to_date ('2007-09-21', 'YYYY-MM-DD'), '655.867.366-17' );
INSERT INTO opCamera ( inicioCarreira, cpf )
	VALUES ( to_date ('2008-01-01', 'YYYY-MM-DD'), '702.694.593-40' );
INSERT INTO opCamera ( inicioCarreira, cpf )
	VALUES ( to_date ('2003-10-02', 'YYYY-MM-DD'), '505.705.748-21' );
INSERT INTO opCamera ( inicioCarreira, cpf )
	VALUES ( to_date ('2001-03-28', 'YYYY-MM-DD'), '824.324.617-66' );
INSERT INTO opCamera ( inicioCarreira, cpf )
	VALUES ( to_date ('2004-11-21', 'YYYY-MM-DD'), '408.937.557-71' );
INSERT INTO opCamera ( inicioCarreira, cpf )
	VALUES ( to_date ('2007-08-24', 'YYYY-MM-DD'), '183.569.609-62' );
INSERT INTO opCamera ( inicioCarreira, cpf )
	VALUES ( to_date ('2010-02-11', 'YYYY-MM-DD'), '464.373.438-47' );
INSERT INTO opCamera ( inicioCarreira, cpf )
	VALUES ( to_date ('2004-10-03', 'YYYY-MM-DD'), '651.552.626-75' );
INSERT INTO opCamera ( inicioCarreira, cpf )
	VALUES ( to_date ('2002-07-24', 'YYYY-MM-DD'), '102.614.802-18' );
INSERT INTO opCamera ( inicioCarreira, cpf )
	VALUES ( to_date ('2011-11-28', 'YYYY-MM-DD'), '278.383.268-45' );
INSERT INTO opCamera ( inicioCarreira, cpf )
	VALUES ( to_date ('2016-11-27', 'YYYY-MM-DD'), '793.012.494-09' );
INSERT INTO opCamera ( inicioCarreira, cpf )
	VALUES ( to_date ('2001-09-18', 'YYYY-MM-DD'), '672.918.060-28' );
INSERT INTO opCamera ( inicioCarreira, cpf )
	VALUES ( to_date ('2012-03-21', 'YYYY-MM-DD'), '410.819.426-83' );
INSERT INTO opCamera ( inicioCarreira, cpf )
	VALUES ( to_date ('2005-10-22', 'YYYY-MM-DD'), '461.757.542-43' );
INSERT INTO opCamera ( inicioCarreira, cpf )
	VALUES ( to_date ('2015-01-16', 'YYYY-MM-DD'), '346.675.103-29' );
INSERT INTO opCamera ( inicioCarreira, cpf )
	VALUES ( to_date ('2015-04-10', 'YYYY-MM-DD'), '196.343.326-57' );
INSERT INTO opCamera ( inicioCarreira, cpf )
	VALUES ( to_date ('2017-05-01', 'YYYY-MM-DD'), '946.219.210-07' );
INSERT INTO opCamera ( inicioCarreira, cpf )
	VALUES ( to_date ('2017-06-14', 'YYYY-MM-DD'), '169.338.392-47' );
INSERT INTO opCamera ( inicioCarreira, cpf )
	VALUES ( to_date ('2016-01-23', 'YYYY-MM-DD'), '679.750.535-36' );
INSERT INTO opCamera ( inicioCarreira, cpf )
	VALUES ( to_date ('2011-05-19', 'YYYY-MM-DD'), '098.964.468-71' );
INSERT INTO opCamera ( inicioCarreira, cpf )
	VALUES ( to_date ('2015-03-09', 'YYYY-MM-DD'), '536.492.252-81' );
INSERT INTO opCamera ( inicioCarreira, cpf )
	VALUES ( to_date ('2003-09-08', 'YYYY-MM-DD'), '960.825.711-15' );
INSERT INTO opCamera ( inicioCarreira, cpf )
	VALUES ( to_date ('2002-09-15', 'YYYY-MM-DD'), '753.864.683-48' );
INSERT INTO opCamera ( inicioCarreira, cpf )
	VALUES ( to_date ('2009-03-29', 'YYYY-MM-DD'), '793.834.340-50' );
INSERT INTO opCamera ( inicioCarreira, cpf )
	VALUES ( to_date ('2005-02-14', 'YYYY-MM-DD'), '504.159.221-62' );
INSERT INTO opCamera ( inicioCarreira, cpf )
	VALUES ( to_date ('2013-07-01', 'YYYY-MM-DD'), '478.613.044-80' );
INSERT INTO opCamera ( inicioCarreira, cpf )
	VALUES ( to_date ('2009-08-06', 'YYYY-MM-DD'), '768.760.635-32' );
INSERT INTO opCamera ( inicioCarreira, cpf )
	VALUES ( to_date ('2010-05-19', 'YYYY-MM-DD'), '984.319.590-75' );
INSERT INTO opCamera ( inicioCarreira, cpf )
	VALUES ( to_date ('2007-07-15', 'YYYY-MM-DD'), '059.330.483-11' );
INSERT INTO opCamera ( inicioCarreira, cpf )
	VALUES ( to_date ('2006-06-21', 'YYYY-MM-DD'), '208.590.843-38' );
INSERT INTO opCamera ( inicioCarreira, cpf )
	VALUES ( to_date ('2000-01-17', 'YYYY-MM-DD'), '152.231.478-98' );
INSERT INTO opCamera ( inicioCarreira, cpf )
	VALUES ( to_date ('2018-05-04', 'YYYY-MM-DD'), '320.599.949-22' );
INSERT INTO opCamera ( inicioCarreira, cpf )
	VALUES ( to_date ('2002-08-08', 'YYYY-MM-DD'), '276.865.875-31' );
INSERT INTO opCamera ( inicioCarreira, cpf )
	VALUES ( to_date ('2011-01-08', 'YYYY-MM-DD'), '954.318.834-65' );
INSERT INTO opCamera ( inicioCarreira, cpf )
	VALUES ( to_date ('2012-09-03', 'YYYY-MM-DD'), '621.858.118-96' );
INSERT INTO opCamera ( inicioCarreira, cpf )
	VALUES ( to_date ('2007-06-21', 'YYYY-MM-DD'), '188.547.450-93' );
INSERT INTO opCamera ( inicioCarreira, cpf )
	VALUES ( to_date ('2010-10-10', 'YYYY-MM-DD'), '927.536.589-40' );
INSERT INTO opCamera ( inicioCarreira, cpf )
	VALUES ( to_date ('2006-08-23', 'YYYY-MM-DD'), '277.950.069-37' );
INSERT INTO opCamera ( inicioCarreira, cpf )
	VALUES ( to_date ('2003-01-17', 'YYYY-MM-DD'), '191.220.769-38' );
INSERT INTO opCamera ( inicioCarreira, cpf )
	VALUES ( to_date ('2001-06-17', 'YYYY-MM-DD'), '757.459.668-54' );
INSERT INTO opCamera ( inicioCarreira, cpf )
	VALUES ( to_date ('2006-08-23', 'YYYY-MM-DD'), '968.480.094-00' );
INSERT INTO opCamera ( inicioCarreira, cpf )
	VALUES ( to_date ('2006-04-03', 'YYYY-MM-DD'), '765.500.392-58' );
INSERT INTO opCamera ( inicioCarreira, cpf )
	VALUES ( to_date ('2002-11-04', 'YYYY-MM-DD'), '973.785.332-66' );
INSERT INTO opCamera ( inicioCarreira, cpf )
	VALUES ( to_date ('2013-04-17', 'YYYY-MM-DD'), '375.841.304-61' );
INSERT INTO opCamera ( inicioCarreira, cpf )
	VALUES ( to_date ('2004-10-01', 'YYYY-MM-DD'), '747.880.415-61' );
INSERT INTO opCamera ( inicioCarreira, cpf )
	VALUES ( to_date ('2006-08-22', 'YYYY-MM-DD'), '130.064.450-23' );
INSERT INTO opCamera ( inicioCarreira, cpf )
	VALUES ( to_date ('2015-10-17', 'YYYY-MM-DD'), '085.726.128-13' );
INSERT INTO opCamera ( inicioCarreira, cpf )
	VALUES ( to_date ('2016-06-25', 'YYYY-MM-DD'), '809.952.320-37' );
INSERT INTO opCamera ( inicioCarreira, cpf )
	VALUES ( to_date ('2008-04-17', 'YYYY-MM-DD'), '712.091.557-99' );
INSERT INTO opCamera ( inicioCarreira, cpf )
	VALUES ( to_date ('2009-08-11', 'YYYY-MM-DD'), '166.760.321-68' );
INSERT INTO opCamera ( inicioCarreira, cpf )
	VALUES ( to_date ('2005-04-16', 'YYYY-MM-DD'), '819.930.030-83' );
INSERT INTO opCamera ( inicioCarreira, cpf )
	VALUES ( to_date ('2004-01-13', 'YYYY-MM-DD'), '689.353.993-29' );
INSERT INTO opCamera ( inicioCarreira, cpf )
	VALUES ( to_date ('2001-05-10', 'YYYY-MM-DD'), '053.136.412-65' );
INSERT INTO opCamera ( inicioCarreira, cpf )
	VALUES ( to_date ('2008-11-09', 'YYYY-MM-DD'), '921.950.940-86' );
INSERT INTO opCamera ( inicioCarreira, cpf )
	VALUES ( to_date ('2014-02-13', 'YYYY-MM-DD'), '241.702.807-60' );
INSERT INTO opCamera ( inicioCarreira, cpf )
	VALUES ( to_date ('2004-10-24', 'YYYY-MM-DD'), '540.402.206-05' );
INSERT INTO opCamera ( inicioCarreira, cpf )
	VALUES ( to_date ('2017-06-30', 'YYYY-MM-DD'), '997.032.797-40' );
INSERT INTO opCamera ( inicioCarreira, cpf )
	VALUES ( to_date ('2006-03-27', 'YYYY-MM-DD'), '215.129.040-40' );
INSERT INTO opCamera ( inicioCarreira, cpf )
	VALUES ( to_date ('2007-10-07', 'YYYY-MM-DD'), '559.158.417-02' );
INSERT INTO opCamera ( inicioCarreira, cpf )
	VALUES ( to_date ('2007-05-13', 'YYYY-MM-DD'), '182.633.304-81' );
INSERT INTO opCamera ( inicioCarreira, cpf )
	VALUES ( to_date ('2014-11-29', 'YYYY-MM-DD'), '961.647.751-79' );
INSERT INTO opCamera ( inicioCarreira, cpf )
	VALUES ( to_date ('2017-02-03', 'YYYY-MM-DD'), '065.091.423-26' );
INSERT INTO opCamera ( inicioCarreira, cpf )
	VALUES ( to_date ('2003-04-12', 'YYYY-MM-DD'), '202.100.382-31' );
INSERT INTO opCamera ( inicioCarreira, cpf )
	VALUES ( to_date ('2001-06-24', 'YYYY-MM-DD'), '541.729.094-74' );
INSERT INTO opCamera ( inicioCarreira, cpf )
	VALUES ( to_date ('2012-04-11', 'YYYY-MM-DD'), '706.139.849-51' );
INSERT INTO opCamera ( inicioCarreira, cpf )
	VALUES ( to_date ('2001-06-07', 'YYYY-MM-DD'), '651.452.975-76' );
INSERT INTO opCamera ( inicioCarreira, cpf )
	VALUES ( to_date ('2007-10-21', 'YYYY-MM-DD'), '909.808.644-11' );
INSERT INTO opCamera ( inicioCarreira, cpf )
	VALUES ( to_date ('2013-05-27', 'YYYY-MM-DD'), '031.844.616-48' );
INSERT INTO opCamera ( inicioCarreira, cpf )
	VALUES ( to_date ('2010-10-02', 'YYYY-MM-DD'), '741.840.210-99' );
INSERT INTO opCamera ( inicioCarreira, cpf )
	VALUES ( to_date ('2006-05-04', 'YYYY-MM-DD'), '196.969.889-38' );
INSERT INTO opCamera ( inicioCarreira, cpf )
	VALUES ( to_date ('2009-01-18', 'YYYY-MM-DD'), '883.397.994-28' );
INSERT INTO opCamera ( inicioCarreira, cpf )
	VALUES ( to_date ('2003-05-03', 'YYYY-MM-DD'), '725.795.391-06' );
INSERT INTO opCamera ( inicioCarreira, cpf )
	VALUES ( to_date ('2010-07-28', 'YYYY-MM-DD'), '025.100.117-88' );
INSERT INTO opCamera ( inicioCarreira, cpf )
	VALUES ( to_date ('2007-10-16', 'YYYY-MM-DD'), '003.792.611-73' );
INSERT INTO opCamera ( inicioCarreira, cpf )
	VALUES ( to_date ('2017-10-08', 'YYYY-MM-DD'), '172.118.745-96' );
INSERT INTO opCamera ( inicioCarreira, cpf )
	VALUES ( to_date ('2016-01-21', 'YYYY-MM-DD'), '271.054.513-53' );
INSERT INTO opCamera ( inicioCarreira, cpf )
	VALUES ( to_date ('2018-09-13', 'YYYY-MM-DD'), '155.423.903-20' );
INSERT INTO opCamera ( inicioCarreira, cpf )
	VALUES ( to_date ('2013-10-05', 'YYYY-MM-DD'), '338.698.478-71' );
INSERT INTO opCamera ( inicioCarreira, cpf )
	VALUES ( to_date ('2002-05-19', 'YYYY-MM-DD'), '209.762.167-79' );
INSERT INTO opCamera ( inicioCarreira, cpf )
	VALUES ( to_date ('2013-02-26', 'YYYY-MM-DD'), '098.524.090-98' );
INSERT INTO opCamera ( inicioCarreira, cpf )
	VALUES ( to_date ('2002-09-26', 'YYYY-MM-DD'), '659.897.784-44' );
INSERT INTO opCamera ( inicioCarreira, cpf )
	VALUES ( to_date ('2009-03-20', 'YYYY-MM-DD'), '508.596.215-26' );
INSERT INTO opCamera ( inicioCarreira, cpf )
	VALUES ( to_date ('2012-08-01', 'YYYY-MM-DD'), '754.444.997-34' );
INSERT INTO opCamera ( inicioCarreira, cpf )
	VALUES ( to_date ('2009-07-12', 'YYYY-MM-DD'), '550.231.571-28' );
INSERT INTO opCamera ( inicioCarreira, cpf )
	VALUES ( to_date ('2004-07-28', 'YYYY-MM-DD'), '306.570.839-92' );
INSERT INTO opCamera ( inicioCarreira, cpf )
	VALUES ( to_date ('2010-05-08', 'YYYY-MM-DD'), '027.162.848-44' );
INSERT INTO opCamera ( inicioCarreira, cpf )
	VALUES ( to_date ('2003-08-09', 'YYYY-MM-DD'), '541.649.682-95' );
INSERT INTO opCamera ( inicioCarreira, cpf )
	VALUES ( to_date ('2007-11-04', 'YYYY-MM-DD'), '985.878.089-45' );
INSERT INTO opCamera ( inicioCarreira, cpf )
	VALUES ( to_date ('2014-06-28', 'YYYY-MM-DD'), '643.511.851-32' );
INSERT INTO opCamera ( inicioCarreira, cpf )
	VALUES ( to_date ('2002-06-15', 'YYYY-MM-DD'), '480.422.370-88' );
INSERT INTO opCamera ( inicioCarreira, cpf )
	VALUES ( to_date ('2015-01-01', 'YYYY-MM-DD'), '043.955.036-98' );
INSERT INTO opCamera ( inicioCarreira, cpf )
	VALUES ( to_date ('2000-08-03', 'YYYY-MM-DD'), '866.216.418-46' );

/* TABLE equipamento */
INSERT INTO equipamento ( quantidade, descricao, tipo, modelo, nome, marca )
	VALUES ( 759607, 'Incidunt eum assumenda corporis. Blanditiis at qui repudiandae. Tempora porro beatae veniam ipsam impedit porro. Totam dolorum ea odit corporis. Voluptatum eum vitae', 'SONORIZACAO', 'Necessitatibus officiis voluptates dignissimos atque dolor ipsu', 'Helena Moraes', 'Aliquam inventore vel eum' );
INSERT INTO equipamento ( quantidade, descricao, tipo, modelo, nome, marca )
	VALUES ( 664839, 'Quis blanditiis consequatur harum ad neque. Mollitia quo quas sit temporibus nemo repellat', 'ESTRUTURACAO', 'Officiis at accusamus nulla. At quas ducim', 'Evelyn Cavalcanti', 'Veniam laborum dignissimos co' );
INSERT INTO equipamento ( quantidade, descricao, tipo, modelo, nome, marca )
	VALUES ( 594898, 'Tenetur ab saepe aspernatur id odio. Laboriosam esse officiis illo. Exercitationem suscipit vitae quidem. Voluptate magnam fuga qui reiciendis quod voluptatum', 'CAMERA', 'Praesentium exercitationem quas. Fugit minima laboriosam ', 'Sophia Caldeira', 'Ea sunt consectetur ea sit o' );
INSERT INTO equipamento ( quantidade, descricao, tipo, modelo, nome, marca )
	VALUES ( 691188, 'Facilis voluptate ullam blanditiis sunt. Dicta ab labore cupiditate voluptates molestias facere. Optio aperiam adipisci. Enim saepe praesentium harum assumenda. Ea neque natus mollitia', 'SONORIZACAO', 'Architecto tenetur distinctio consequuntur deserun', 'Dr. João Gabriel Oliveira', 'Numquam rerum maiores' );
INSERT INTO equipamento ( quantidade, descricao, tipo, modelo, nome, marca )
	VALUES ( 678994, 'Recusandae repellendus quo iste eaque eos eveniet. Facere porro eos numquam facilis quidem repellat', 'ESTRUTURACAO', 'Repellat est sed itaque voluptatum. Error consec', 'Matheus Rocha', 'Tempora fugiat temporibus tempo' );
INSERT INTO equipamento ( quantidade, descricao, tipo, modelo, nome, marca )
	VALUES ( 606394, 'Eius sint officiis pariatur omnis impedit qui exercitationem. Odio eos ea molestias. At blanditiis sunt iste amet ducimus ratione amet', 'DRONE', 'Natus cupiditate sint harum quas quas tenetur. Min', 'Ana Luiza Mendes', 'Eum earum officiis reru' );
INSERT INTO equipamento ( quantidade, descricao, tipo, modelo, nome, marca )
	VALUES ( 673734, 'Accusamus minima accusamus tempora accusamus. Voluptates autem eveniet', 'ESTRUTURACAO', 'Odit nobis omnis. Modi sit fugit m', 'Helena Jesus', 'Tenetur earum voluptas. Offici' );
INSERT INTO equipamento ( quantidade, descricao, tipo, modelo, nome, marca )
	VALUES ( 763319, 'Sunt veniam asperiores consequatur dolores nemo est. Unde rem quam doloremque', 'SONORIZACAO', 'Sunt pariatur iure nihil perferendis. A', 'Pietra Mendes', 'Illo ratione sequi accu' );
INSERT INTO equipamento ( quantidade, descricao, tipo, modelo, nome, marca )
	VALUES ( 429034, 'Illo veritatis molestiae voluptates harum. Ipsam veritatis ipsa nemo. Recusandae ut a libero molestiae quas. Expedita fugiat saepe suscipit officiis laboriosam fuga. Aliquam occaecati adipisci', 'DRONE', 'Tempore reiciendis corrupti rerum odio ', 'Clarice Rodrigues', 'Placeat temporibus repellendus' );
INSERT INTO equipamento ( quantidade, descricao, tipo, modelo, nome, marca )
	VALUES ( 365827, 'Id commodi necessitatibus consequuntur accusamus ex. Quo ratione soluta sunt voluptate quod. Inventore repudiandae nulla at beatae', 'CAMERA', 'Quae error quod maiores optio. Quaerat incidunt s', 'Srta. Clara Lopes', 'Saepe assumenda cumque opti' );
INSERT INTO equipamento ( quantidade, descricao, tipo, modelo, nome, marca )
	VALUES ( 896808, 'Facere quod dolores error delectus. Esse assumenda eos aliquam aliquid quasi. Temporibus dolorum ipsam accusamus eius', 'CAMERA', 'Itaque necessitatibus cum aut. Nulla minus place', 'Pedro Henrique Pinto', 'Facilis vel aute' );
INSERT INTO equipamento ( quantidade, descricao, tipo, modelo, nome, marca )
	VALUES ( 272536, 'Cum aliquam tempore aliquid est iste fugiat ex. Illum saepe in pariatur. Consectetur rerum at consequatur sunt adipisci odit', 'DRONE', 'Tempore minus veniam ipsa blanditiis quis. Reiciendis sit debi', 'Lara Moraes', 'Amet ipsum animi soluta te' );
INSERT INTO equipamento ( quantidade, descricao, tipo, modelo, nome, marca )
	VALUES ( 631136, 'Ea eveniet iste dolores deleniti sequi laudantium. Expedita quas corporis quidem deleniti saepe', 'CAMERA', 'Consequuntur nam consectetur vero maxime tempore vero r', 'Mariana FariasFernandes', 'Tempora qui deserunt. Sapiente s' );
INSERT INTO equipamento ( quantidade, descricao, tipo, modelo, nome, marca )
	VALUES ( 861669, 'Totam nostrum ex ullam. Eos consequuntur tenetur minima iste sed. Molestiae vel veritatis. Laudantium minus at eligendi earum labore. Sit commodi quo voluptatem eaque repellendus', 'SONORIZACAO', 'Odit aperiam consequuntur alias quod. Quisquam voluptatem c', 'Yasmin da Mota', 'Fuga dignissimos' );
INSERT INTO equipamento ( quantidade, descricao, tipo, modelo, nome, marca )
	VALUES ( 242253, 'Nemo eligendi aliquid beatae voluptas. Excepturi impedit atque maiores incidunt quidem. Optio ex quia excepturi atque repudiandae qui', 'CAMERA', 'Sequi fugiat ex assumenda recusandae libero ', 'Agatha Ferreira', 'Assumenda esse dolor optio nec' );
INSERT INTO equipamento ( quantidade, descricao, tipo, modelo, nome, marca )
	VALUES ( 636522, 'Natus aspernatur voluptatum. Alias explicabo illo explicabo corporis repellat autem', 'DRONE', 'Error ut dicta reprehenderit eum d', 'Maria Luiza Dias', 'Inventore commodi atque rem mi' );
INSERT INTO equipamento ( quantidade, descricao, tipo, modelo, nome, marca )
	VALUES ( 559339, 'Iste cum adipisci unde. Delectus nam molestias quod a. Delectus blanditiis dolore est voluptatum occaecati. Quam excepturi delectus numquam tempore. Laudantium dolor eos voluptate', 'CAMERA', 'Laudantium odit laborum ipsam dolore corporis. Quibusdam ip', 'Ana Julia Monteiro', 'Nulla veniam quae ame' );
INSERT INTO equipamento ( quantidade, descricao, tipo, modelo, nome, marca )
	VALUES ( 487576, 'Nobis sapiente laudantium quibusdam rem. Nostrum eum autem commodi officiis. Ratione molestias officia doloribus. Incidunt est facilis numquam quo qui', 'DRONE', 'Autem cupiditate molestiae. Corporis cumque animi', 'Ana Júlia Pereira', 'Natus distinctio magni deserunt ' );
INSERT INTO equipamento ( quantidade, descricao, tipo, modelo, nome, marca )
	VALUES ( 649073, 'Harum quod eaque quisquam. Eos corporis nisi sapiente illum dolore. Corporis necessitatibus quaerat quo quis', 'SONORIZACAO', 'Veritatis animi corporis natus quod earum illum. Qui ', 'Isis Carvalho', 'Ratione nostrum nobis mi' );
INSERT INTO equipamento ( quantidade, descricao, tipo, modelo, nome, marca )
	VALUES ( 163422, 'Eos labore atque iusto provident dignissimos. Voluptate praesentium dignissimos nemo. Laudantium odit expedita deserunt accusantium culpa aut', 'SONORIZACAO', 'Magni esse eum a placeat omnis maior', 'Ana Vitória Souza', 'Ad est laudantium amet. Aspe' );
INSERT INTO equipamento ( quantidade, descricao, tipo, modelo, nome, marca )
	VALUES ( 415965, 'Sapiente iste tempore odit. Necessitatibus provident recusandae voluptas dignissimos quae ipsum esse. Reiciendis quisquam corrupti asperiores doloremque ab omnis', 'CAMERA', 'Sit ab tenetur totam sequi. Repe', 'Mariana Moreira', 'Iusto facilis odio ' );
INSERT INTO equipamento ( quantidade, descricao, tipo, modelo, nome, marca )
	VALUES ( 518882, 'Cumque officia quidem aperiam voluptatem. Quam reiciendis at velit reiciendis', 'SONORIZACAO', 'Tempore iusto deleniti dolore. Eum sit nem', 'Luiza Martins', 'Dignissimos veniam exp' );
INSERT INTO equipamento ( quantidade, descricao, tipo, modelo, nome, marca )
	VALUES ( 603636, 'Voluptates occaecati magni. Dolorum nulla illum. Cumque nulla neque suscipit eos. At ipsum quibusdam tempora similique quisquam quod. Velit harum magnam dolorum eligendi est provident', 'SONORIZACAO', 'Autem mollitia architecto distinctio. Cupiditate neque illo fug', 'Calebe Gomes', 'Tempora et sint vol' );
INSERT INTO equipamento ( quantidade, descricao, tipo, modelo, nome, marca )
	VALUES ( 116150, 'Nihil distinctio totam dolores. Officia eligendi reiciendis velit amet perspiciatis quae. Voluptatibus nulla unde soluta eos', 'SONORIZACAO', 'Temporibus veritatis accusantium iure voluptatum. Quidem asperi', 'Letícia Pereira', 'Est perferendis quo perfe' );
INSERT INTO equipamento ( quantidade, descricao, tipo, modelo, nome, marca )
	VALUES ( 638211, 'Animi nostrum vitae numquam laudantium magni. Repellendus ipsa nam possimus', 'ESTRUTURACAO', 'Consectetur aliquid ad sint perspiciatis tempora.', 'Sofia da Cunha', 'Accusantium iure la' );
INSERT INTO equipamento ( quantidade, descricao, tipo, modelo, nome, marca )
	VALUES ( 282611, 'Aliquid nemo molestias eius. Expedita in possimus corrupti deserunt. Fugit qui aspernatur sint. Nesciunt assumenda veritatis nostrum repudiandae dolore', 'SONORIZACAO', 'Perferendis aspernatur nobis. Illum vitae veniam tempora. Beata', 'Fernando Pires', 'Laborum ipsum laboriosam saepe' );
INSERT INTO equipamento ( quantidade, descricao, tipo, modelo, nome, marca )
	VALUES ( 876562, 'Labore illo neque reiciendis sit ratione. Quisquam quibusdam soluta nihil. Dolor ducimus illo. Magni exercitationem adipisci neque eligendi', 'ESTRUTURACAO', 'Fuga quaerat pariatur cum qui. Dolore ', 'Thomas Martins', 'Ea quia officia ad i' );
INSERT INTO equipamento ( quantidade, descricao, tipo, modelo, nome, marca )
	VALUES ( 294143, 'Tempore eveniet rem vel. Asperiores perspiciatis rerum inventore distinctio. Sunt facere et reprehenderit architecto amet et', 'DRONE', 'Consequatur suscipit exercitationem delectus ', 'Sr. Thales da Rocha', 'Mollitia incidunt culpa q' );
INSERT INTO equipamento ( quantidade, descricao, tipo, modelo, nome, marca )
	VALUES ( 822147, 'In eligendi hic error mollitia eum. Recusandae fugit laboriosam non esse quasi beatae. Quaerat ea culpa esse. Iusto quas aliquid', 'CAMERA', 'Distinctio impedit dolores sequi. Impedit nesciunt esse', 'Anthony Moura', 'Eaque aliquid sit dol' );
INSERT INTO equipamento ( quantidade, descricao, tipo, modelo, nome, marca )
	VALUES ( 886970, 'Maxime omnis maxime consequuntur. Officia blanditiis tenetur aut maiores pariatur unde', 'CAMERA', 'Quod voluptates ullam. Beatae exped', 'Renan Teixeira', 'Molestias nihil nam error sae' );
INSERT INTO equipamento ( quantidade, descricao, tipo, modelo, nome, marca )
	VALUES ( 483263, 'Consequuntur rem quaerat doloremque ipsa veritatis sint sapiente', 'DRONE', 'Unde ratione error repudiandae asp', 'Ana Lívia Cardoso,', 'Doloribus et alias quisqua' );
INSERT INTO equipamento ( quantidade, descricao, tipo, modelo, nome, marca )
	VALUES ( 639597, 'Dolorum ex voluptas possimus unde non eveniet. Explicabo magni asperiores id sequi possimus beatae soluta. Perspiciatis quos officiis', 'DRONE', 'Doloribus perspiciatis labore dignissimos molestia', 'Ana Laura Peixoto', 'Omnis magni neque quia par' );
INSERT INTO equipamento ( quantidade, descricao, tipo, modelo, nome, marca )
	VALUES ( 602366, 'Modi voluptatum dolorem ipsam. Nihil earum aliquam laborum illum ea minus. Temporibus vero expedita est ea optio mollitia omnis', 'ESTRUTURACAO', 'Vero dolorum itaque architecto provident tempora. Evenie', 'Vinicius Duarte', 'Magnam nobis veli' );
INSERT INTO equipamento ( quantidade, descricao, tipo, modelo, nome, marca )
	VALUES ( 419289, 'Sint debitis laudantium neque possimus. Et necessitatibus cumque illo nam illum recusandae. Quos at alias consequuntur laborum architecto. Dolorem enim quam illum', 'DRONE', 'Placeat recusandae commodi sed ipsum. Consequuntur molestiae', 'Luiza Ribeiro', 'Dolor similique exerc' );
INSERT INTO equipamento ( quantidade, descricao, tipo, modelo, nome, marca )
	VALUES ( 532094, 'Commodi vero fuga eaque ipsa. Ipsa tempora tempora ducimus provident veniam. Aspernatur iure excepturi. Quasi deserunt laborum aperiam nulla quas tempore', 'DRONE', 'Dolore repellat dicta. Quaerat officia sapien', 'Vitor Moraes', 'Corporis nobis sunt magnam nemo' );
INSERT INTO equipamento ( quantidade, descricao, tipo, modelo, nome, marca )
	VALUES ( 261060, 'Animi rem vel illo dolores molestiae quod. Sint sequi deserunt repellat a sequi nemo. Molestiae dicta consectetur tempore nostrum reprehenderit', 'SONORIZACAO', 'Hic unde minus corrupti suscipit. Similique error ducimus', 'Srta. Isabel Ferreira', 'Architecto itaque suscipit ut.' );
INSERT INTO equipamento ( quantidade, descricao, tipo, modelo, nome, marca )
	VALUES ( 347697, 'Quod tempora deleniti voluptates. Exercitationem ex asperiores natus. Aperiam quod dolorem corrupti', 'ESTRUTURACAO', 'Rerum omnis maiores delectus tempor', 'Srta. Kamilly Carvalho', 'Veritatis quasi aut des' );
INSERT INTO equipamento ( quantidade, descricao, tipo, modelo, nome, marca )
	VALUES ( 771411, 'Eveniet accusamus perferendis sed hic minus repellat. Illo et officiis aliquam fuga placeat. Perspiciatis ut officiis quam magni corporis officiis', 'ESTRUTURACAO', 'Dignissimos dolorum illo nam nul', 'Nathan Souza', 'Cum temporibus quaerat ' );
INSERT INTO equipamento ( quantidade, descricao, tipo, modelo, nome, marca )
	VALUES ( 104647, 'Ipsam magnam cum labore iusto. Officiis nostrum consectetur esse. Quisquam quia sed at quae. Nesciunt nam illum', 'SONORIZACAO', 'Esse adipisci explicabo quasi.Fugit qui earum accus', 'Pedro Henrique Azevedo', 'Quos nihil sed eos. A' );
INSERT INTO equipamento ( quantidade, descricao, tipo, modelo, nome, marca )
	VALUES ( 767803, 'Quasi reprehenderit minima voluptas saepe aspernatur. Officia asperiores magni corrupti maxime. Nostrum quis dicta voluptate beatae soluta accusantium. Explicabo officia quae nam cum enim', 'DRONE', 'Praesentium perspiciatis ipsa face', 'Eloah Costa', 'Ad nostrum consequuntur ' );
INSERT INTO equipamento ( quantidade, descricao, tipo, modelo, nome, marca )
	VALUES ( 469404, 'Quas iste minima ipsam quis tempora. Nobis ex porro molestiae labore officiis esse. Quos a eligendi officia nihil quos', 'SONORIZACAO', 'Magnam dolorem deserunt non commodi nesciunt voluptatum. ', 'Eloah Lima', 'Ex omnis corrupti' );
INSERT INTO equipamento ( quantidade, descricao, tipo, modelo, nome, marca )
	VALUES ( 260549, 'Reiciendis quasi ut. Occaecati ducimus quibusdam architecto quisquam. Optio consequuntur unde. Itaque fugiat ullam', 'SONORIZACAO', 'Consequuntur deserunt laboriosam sed impedit ip', 'Cauã Moura', 'Porro voluptas quas t' );
INSERT INTO equipamento ( quantidade, descricao, tipo, modelo, nome, marca )
	VALUES ( 327435, 'Reiciendis debitis nobis alias. Corrupti consectetur nesciunt pariatur. Animi quo non velit soluta illo corporis. Iste reiciendis nemo. Harum iure quasi mollitia vero accusantium ipsam', 'DRONE', 'Esse debitis unde repudiandae consequuntur autem.', 'Enrico Monteiro', 'Unde maxime ab offi' );
INSERT INTO equipamento ( quantidade, descricao, tipo, modelo, nome, marca )
	VALUES ( 820511, 'Iste eum fugit fugiat harum iusto earum. Qui minima voluptate provident nesciunt', 'CAMERA', 'Fuga saepe nihil delectus officia. Offic', 'Davi Luiz Porto', 'Odio aut nesciunt min' );
INSERT INTO equipamento ( quantidade, descricao, tipo, modelo, nome, marca )
	VALUES ( 565819, 'Eos repellat impedit nemo. Similique sequi minima eveniet. Vitae fuga magnam laborum quod. Nulla occaecati amet mollitia modi vitae recusandae facere. Cumque omnis hic et sed', 'DRONE', 'Veniam molestias dicta at mollit', 'Sophia Viana', 'Sed sequi incidun' );
INSERT INTO equipamento ( quantidade, descricao, tipo, modelo, nome, marca )
	VALUES ( 600715, 'Vitae asperiores quisquam aut repellendus mollitia blanditiis nisi. Dolorum repellat commodi quo corporis. Fugiat modi voluptatem earum reprehenderit tempore', 'DRONE', 'Commodi porro ipsum reiciendis ipsam cumque', 'Vitor Hugo Moura', 'Laboriosam provident' );
INSERT INTO equipamento ( quantidade, descricao, tipo, modelo, nome, marca )
	VALUES ( 732461, 'Est et vero quidem quisquam. Nisi magnam laborum quia ea laudantium quam. Maxime illo magni nobis', 'CAMERA', 'Minima cum tenetur laudantium aspernatur aut', 'Lavínia Silva', 'Necessitatibus quia ' );
INSERT INTO equipamento ( quantidade, descricao, tipo, modelo, nome, marca )
	VALUES ( 815667, 'Corporis saepe nobis autem. Laudantium soluta dignissimos reprehenderit. Nemo eligendi totam cum. Perferendis praesentium quisquam quasi. Tempore error officia beatae quis totam', 'DRONE', 'Possimus doloribus atque dolore perspic', 'Raul Duarte', 'Repellat illum except' );
INSERT INTO equipamento ( quantidade, descricao, tipo, modelo, nome, marca )
	VALUES ( 869970, 'Rerum optio repellendus recusandae corrupti. Porro eos distinctio fuga repellendus molestias asperiores maiores. Impedit voluptatem optio. Sapiente non recusandae earum odit', 'DRONE', 'Eum dignissimos doloribus quaerat quae co', 'Lorenzo Castro', 'Officia assumenda quae porro exp' );
INSERT INTO equipamento ( quantidade, descricao, tipo, modelo, nome, marca )
	VALUES ( 849957, 'Dicta adipisci eveniet. Temporibus incidunt praesentium excepturi voluptatem. Id ipsa architecto suscipit ad', 'DRONE', 'Repellendus minus iusto fuga nemo repellendus exercitationem', 'Luana Rodrigues', 'Sequi ut minus facilis aliquid' );
INSERT INTO equipamento ( quantidade, descricao, tipo, modelo, nome, marca )
	VALUES ( 230722, 'Porro exercitationem doloremque quisquam ut. Ipsam atque consectetur eaque aperiam a sapiente. Labore nulla illo consectetur quae expedita. Facere cumque unde consectetur suscipit voluptatem magni', 'CAMERA', 'Ut harum ipsum ab excepturi tenetur. Qui', 'Francisco das Neves', 'Non necessitatibus ' );
INSERT INTO equipamento ( quantidade, descricao, tipo, modelo, nome, marca )
	VALUES ( 297542, 'Quos minima rem iusto accusamus asperiores tempora. Nisi accusamus sunt quasi voluptatum animi nihil ab. Corrupti error minima dolores illum dolore a ducimus', 'SONORIZACAO', 'Sit quod consectetur animi libero nobis repellat magnam. Hic v', 'Lorenzo Caldeira', 'Iure possimus esse ' );
INSERT INTO equipamento ( quantidade, descricao, tipo, modelo, nome, marca )
	VALUES ( 639239, 'Dolore temporibus cumque quos veritatis nesciunt voluptates. Eos pariatur harum quam vero corporis. Maxime atque corrupti eum voluptas a', 'CAMERA', 'Hic non tempore atque assumenda ', 'Matheus Santos', 'Minus expedita excepturi perspi' );
INSERT INTO equipamento ( quantidade, descricao, tipo, modelo, nome, marca )
	VALUES ( 349282, 'Ducimus amet repellat quis vero architecto rerum. Maxime aspernatur amet fuga fuga. Dignissimos non ullam veniam quia. Id voluptas harum repudiandae', 'ESTRUTURACAO', 'Possimus quidem minima nam dicta beatae.Asperiores eni', 'Gabriela Cardoso,', 'Rerum totam ducimus' );
INSERT INTO equipamento ( quantidade, descricao, tipo, modelo, nome, marca )
	VALUES ( 403338, 'Culpa laudantium at eligendi ullam inventore. Adipisci voluptas porro nobis aliquam repudiandae. Mollitia aliquid veritatis adipisci', 'CAMERA', 'Ea hic eaque repellendus. Asperiores quae asperiores doloremqu', 'Nicole Ribeiro', 'Iste provident mollitia vel pe' );
INSERT INTO equipamento ( quantidade, descricao, tipo, modelo, nome, marca )
	VALUES ( 882810, 'Illum ex minus cupiditate nesciunt. Laborum perspiciatis hic eum. Esse dolores impedit. Reprehenderit quasi quidem molestiae consectetur. Fugit repellendus possimus itaque', 'DRONE', 'Repudiandae maxime temporibus esse min', 'Rodrigo Correia', 'Illo omnis nostrum e' );
INSERT INTO equipamento ( quantidade, descricao, tipo, modelo, nome, marca )
	VALUES ( 211782, 'Molestiae consequuntur vitae non cupiditate sit. Necessitatibus aliquam voluptas accusantium. Reiciendis qui aperiam quisquam architecto voluptas non', 'CAMERA', 'Voluptatibus voluptatibus repudiandae aut. Aliquid ab quo saep', 'Maria Cardoso', 'Nulla harum beatae quod cum' );
INSERT INTO equipamento ( quantidade, descricao, tipo, modelo, nome, marca )
	VALUES ( 184210, 'Illo vel cumque vero soluta laudantium. Reprehenderit voluptas dolorum laborum dignissimos. Exercitationem ad rem at. Impedit deleniti quo sint illo laborum dolor', 'CAMERA', 'Incidunt tempore quis numquam excepturi. Perferendis aperiam i', 'Sr. Henrique Rocha', 'Dicta id dolorum esse liber' );
INSERT INTO equipamento ( quantidade, descricao, tipo, modelo, nome, marca )
	VALUES ( 147492, 'Aliquid qui accusantium beatae. Illum ratione corrupti id. Aliquam occaecati nobis perferendis delectus repellendus labore. Ducimus alias omnis voluptatibus accusamus quis quibusdam', 'DRONE', 'In delectus a eius animi sunt. Assu', 'Letícia Campos', 'Voluptate sunt animi rei' );
INSERT INTO equipamento ( quantidade, descricao, tipo, modelo, nome, marca )
	VALUES ( 419580, 'Et quasi dignissimos laboriosam. Dolorem aspernatur iste officiis. Quisquam totam tempora debitis occaecati possimus. Aut nisi iste', 'CAMERA', 'At repellat aliquid maxime possimus asperiores in. Porro ea', 'Sra. Sabrina Melo', 'Amet error et eius dolorum. ' );
INSERT INTO equipamento ( quantidade, descricao, tipo, modelo, nome, marca )
	VALUES ( 583442, 'Asperiores cum itaque laborum. Est eum nisi ratione consectetur doloribus molestias eum. Laboriosam recusandae dolorem molestiae eum laborum nulla', 'CAMERA', 'Rerum velit totam deleniti earum ', 'Srta. Catarina Costa', 'Ipsum cumque fuga' );
INSERT INTO equipamento ( quantidade, descricao, tipo, modelo, nome, marca )
	VALUES ( 873093, 'Quasi magni pariatur facere tempore praesentium. Doloremque illum inventore perspiciatis', 'DRONE', 'Libero possimus eum fugit. Quas ut quod similique.Nec', 'Milena Sales', 'Et numquam doloremque ' );
INSERT INTO equipamento ( quantidade, descricao, tipo, modelo, nome, marca )
	VALUES ( 742529, 'Nulla totam at impedit. Ullam nihil culpa amet necessitatibus veritatis. Aspernatur inventore pariatur quibusdam deleniti exercitationem expedita', 'SONORIZACAO', 'Labore at et architecto inventore n', 'Marcos Vinicius Monteiro', 'Tempora ipsam laborio' );
INSERT INTO equipamento ( quantidade, descricao, tipo, modelo, nome, marca )
	VALUES ( 111793, 'Veniam rerum excepturi similique repellat minus. Suscipit consectetur consectetur', 'CAMERA', 'Sunt temporibus sapiente praesentium molestias sequi. Deleniti ', 'Bruna Rezende', 'Labore facilis mole' );
INSERT INTO equipamento ( quantidade, descricao, tipo, modelo, nome, marca )
	VALUES ( 600217, 'Voluptate nihil autem. Error sed necessitatibus quaerat voluptatibus blanditiis delectus. Eveniet nam tenetur quo. Minima ipsum magni odio ipsa omnis officiis. Earum totam ut', 'ESTRUTURACAO', 'Tempora quidem placeat voluptas rerum cum distinctio. Possimu', 'Otávio Duarte', 'Iure odit ab quasi' );
INSERT INTO equipamento ( quantidade, descricao, tipo, modelo, nome, marca )
	VALUES ( 743653, 'Necessitatibus at ut. Esse quia provident enim. Vero soluta autem beatae at. Nam libero debitis aperiam sed vel quisquam. Aperiam dolorem incidunt aliquid. Ducimus cum ex commodi omnis', 'DRONE', 'Amet est harum odit hic totam. Molestias quasi suscipi', 'Sra. Beatriz da Mota', 'Quasi aut qui odio. ' );
INSERT INTO equipamento ( quantidade, descricao, tipo, modelo, nome, marca )
	VALUES ( 798937, 'Accusamus illum minima rem cumque rem. Quisquam sed libero dolorem perspiciatis', 'DRONE', 'Enim vitae aliquid ut cum. Necessitatibus aut corp', 'Dr. Joaquim Barros', 'Ex quas esse nihil. ' );
INSERT INTO equipamento ( quantidade, descricao, tipo, modelo, nome, marca )
	VALUES ( 601960, 'Debitis reprehenderit accusamus reprehenderit in numquam vel. Sed dolorum nihil quasi ratione eaque', 'SONORIZACAO', 'Doloribus assumenda vitae delectus quasi te', 'Dr. Murilo Duarte', 'Quod qui voluptatibus' );
INSERT INTO equipamento ( quantidade, descricao, tipo, modelo, nome, marca )
	VALUES ( 693475, 'Molestiae eum laboriosam hic. A inventore occaecati possimus corporis. Id delectus ipsam doloremque atque ipsam aliquid. Quae magnam aperiam deserunt tenetur culpa', 'DRONE', 'Dolorem itaque vitae est. Quos ea doloremque enim reicien', 'Benjamin Rocha', 'Aliquam rerum odio incidunt ' );
INSERT INTO equipamento ( quantidade, descricao, tipo, modelo, nome, marca )
	VALUES ( 304456, 'Accusamus eos nulla eligendi. Adipisci saepe dolor. Quidem ex tempora quisquam maxime doloremque. Veritatis quisquam blanditiis explicabo. Facilis ducimus voluptatibus', 'DRONE', 'Esse ipsa provident ut quasi expe', 'Bruno da Mata', 'Et asperiores quidem facili' );
INSERT INTO equipamento ( quantidade, descricao, tipo, modelo, nome, marca )
	VALUES ( 650258, 'Deleniti nisi magni explicabo numquam. Vero est amet ducimus officia. Architecto quis dicta nihil. Reprehenderit laudantium possimus minus. Rerum eum asperiores. Doloribus voluptate ad cumque', 'DRONE', 'Veritatis ex commodi necessitatibus consectetur quasi. Mod', 'Alícia Alves', 'Recusandae voluptatum' );
INSERT INTO equipamento ( quantidade, descricao, tipo, modelo, nome, marca )
	VALUES ( 140874, 'Deserunt sunt itaque. Quasi eaque porro cum ducimus omnis dicta. Repudiandae animi ipsam rerum', 'DRONE', 'Ea odit voluptatum facilis doloremque inventor', 'Clara Jesus', 'Corrupti occaecati ull' );
INSERT INTO equipamento ( quantidade, descricao, tipo, modelo, nome, marca )
	VALUES ( 748588, 'Quis animi dolorum atque. Culpa ut explicabo fugiat officia iure. Odio natus delectus minus eaque', 'ESTRUTURACAO', 'Sunt aliquid atque hic. Cum hic pariatur perferendi', 'Raul Costa', 'Eum nobis asperiores blanditii' );
INSERT INTO equipamento ( quantidade, descricao, tipo, modelo, nome, marca )
	VALUES ( 143369, 'Labore unde natus ipsam debitis. Dolores dolore perferendis autem in. Nobis ab quidem provident quas reprehenderit illo', 'ESTRUTURACAO', 'Consequuntur nesciunt id pariatur', 'Bianca da Cunha', 'Porro nemo enim expedita. Sun' );
INSERT INTO equipamento ( quantidade, descricao, tipo, modelo, nome, marca )
	VALUES ( 240471, 'Vel nostrum ea non adipisci. Earum laboriosam alias asperiores in autem blanditiis quo. Totam quidem similique voluptate sapiente. Veritatis vitae ducimus culpa', 'ESTRUTURACAO', 'Non quisquam explicabo architecto', 'Caio Alves', 'Voluptates mollitia magnam c' );
INSERT INTO equipamento ( quantidade, descricao, tipo, modelo, nome, marca )
	VALUES ( 101829, 'Inventore sint pariatur dignissimos deserunt incidunt. Reiciendis eveniet veniam iusto rerum architecto asperiores. Quisquam laboriosam possimus sapiente. Ea quis qui assumenda', 'CAMERA', 'Nulla magnam autem ipsa maxime numquam iure. Solut', 'Benjamin da Mata', 'Quidem temporibus q' );
INSERT INTO equipamento ( quantidade, descricao, tipo, modelo, nome, marca )
	VALUES ( 118219, 'Pariatur perferendis nulla a error repellendus. Saepe nam ea. Modi natus quaerat fuga sed adipisci atque. Provident inventore unde eum quibusdam illum ullam nam', 'ESTRUTURACAO', 'Veniam doloribus error. Ex vel autem inc', 'Sr. Pedro Henrique Lima', 'Ullam voluptatum quas similiq' );
INSERT INTO equipamento ( quantidade, descricao, tipo, modelo, nome, marca )
	VALUES ( 540700, 'Quis doloribus atque non ipsam voluptates. Expedita doloremque alias ipsam dignissimos. Maxime corporis est voluptate modi illo voluptate. Velit recusandae quam. Quia at sequi fugiat quis', 'SONORIZACAO', 'Cum praesentium illo eos quod architect', 'Cecília Ribeiro', 'Voluptatem hic consectetur eve' );
INSERT INTO equipamento ( quantidade, descricao, tipo, modelo, nome, marca )
	VALUES ( 850901, 'Occaecati deleniti voluptas ipsa quidem odit. Quae tempora consequatur est nobis. Repudiandae blanditiis quisquam accusamus neque', 'CAMERA', 'Fugiat dolores voluptas ut iusto', 'Stella Fogaça', 'Laboriosam in eum architec' );
INSERT INTO equipamento ( quantidade, descricao, tipo, modelo, nome, marca )
	VALUES ( 150453, 'Velit eligendi deserunt commodi sunt perspiciatis unde. Asperiores harum eligendi mollitia ea. Numquam maxime atque esse tempora. Odit ullam porro. Ab eaque dicta in magnam illum magni', 'DRONE', 'A nobis asperiores voluptatem repre', 'Catarina Jesus', 'Voluptate praesentiu' );
INSERT INTO equipamento ( quantidade, descricao, tipo, modelo, nome, marca )
	VALUES ( 643263, 'Vero eius ratione tempore doloribus. In est exercitationem facere eaque. Debitis maiores minus architecto. Maxime eligendi sint fugit amet exercitationem voluptatibus', 'CAMERA', 'Nesciunt adipisci deleniti distinctio tempore dig', 'Brenda Nascimento', 'Animi ipsam ut aliquid blandi' );
INSERT INTO equipamento ( quantidade, descricao, tipo, modelo, nome, marca )
	VALUES ( 532793, 'Qui recusandae aperiam consequuntur quod repudiandae adipisci. Ad officia eos sit atque. Corporis a similique ea. Cupiditate facere unde quis. Optio nemo quisquam hic veritatis quos', 'DRONE', 'Ut magnam est autem voluptatibus unde.Inci', 'Levi da Luz', 'Aut quas doloribus ' );
INSERT INTO equipamento ( quantidade, descricao, tipo, modelo, nome, marca )
	VALUES ( 153966, 'Dignissimos earum ullam ut inventore nostrum autem eveniet. Ratione ipsa aspernatur reiciendis itaque', 'ESTRUTURACAO', 'Tempore eligendi nam pariatur ducimus natus fac', 'Eduarda Gomes', 'Non tempore esse sap' );
INSERT INTO equipamento ( quantidade, descricao, tipo, modelo, nome, marca )
	VALUES ( 694522, 'A cum vero est molestias reprehenderit inventore. Fugit itaque dolorem commodi quod. Aperiam ratione praesentium hic error sint. Sit deserunt aspernatur dolorem eius aliquam deserunt doloribus', 'CAMERA', 'Eligendi alias commodi id. Consequatur vitae ape', 'Ian Costa', 'Officia doloribu' );
INSERT INTO equipamento ( quantidade, descricao, tipo, modelo, nome, marca )
	VALUES ( 690690, 'Explicabo nihil corporis iste aspernatur. Deserunt dolores esse dolorem excepturi ratione. Beatae ipsam veniam reiciendis at. Aliquid eligendi odio laborum saepe deleniti velit', 'DRONE', 'Cupiditate nihil deleniti ab animi amet. ', 'Vitória Almeida', 'Eligendi ratione saep' );
INSERT INTO equipamento ( quantidade, descricao, tipo, modelo, nome, marca )
	VALUES ( 792246, 'Reiciendis laborum minus aliquid veniam fugiat aperiam. Quasi repellat in impedit. Facilis voluptates tempora maiores. Error cupiditate omnis quidem', 'CAMERA', 'Totam ipsam eligendi at rem nam. Quaerat neque cum inventore eve', 'Rodrigo Caldeira', 'Eius excepturi evenie' );
INSERT INTO equipamento ( quantidade, descricao, tipo, modelo, nome, marca )
	VALUES ( 334025, 'Commodi fugiat animi culpa quisquam. Laudantium nemo mollitia sunt exercitationem maiores. Delectus eius velit molestiae ducimus temporibus. Reiciendis earum provident', 'DRONE', 'Cum laborum similique laboriosam rerum. Debitis ad earum. Nostr', 'João Guilherme Lima', 'Nulla laudantium corporis quisq' );
INSERT INTO equipamento ( quantidade, descricao, tipo, modelo, nome, marca )
	VALUES ( 332391, 'Illum aut atque repellendus facere numquam et. Quos molestias corporis cum cupiditate consequuntur. Neque provident repellendus at quam odio', 'CAMERA', 'Sapiente doloribus ratione porro. Molestias vitae quae sol', 'Luigi Gomes', 'Facilis nobis hic doloribus. ' );
INSERT INTO equipamento ( quantidade, descricao, tipo, modelo, nome, marca )
	VALUES ( 424266, 'Possimus eos doloremque numquam. Sequi odit iure asperiores voluptas esse ipsa. Impedit ad voluptas minima sed eveniet', 'SONORIZACAO', 'Dignissimos a eius. Distinctio unde', 'Dr. João Miguel Gonçalves', 'Quasi veritatis nu' );
INSERT INTO equipamento ( quantidade, descricao, tipo, modelo, nome, marca )
	VALUES ( 136869, 'Rem fugit labore maxime blanditiis. Labore cumque dolorum eaque quod error. Dignissimos maiores possimus soluta eaque facere. Incidunt ullam dolores doloribus dolor', 'CAMERA', 'Numquam omnis delectus cum eligendi sunt. Arc', 'Sr. Diogo das Neves', 'Ipsa occaecati quos ' );
INSERT INTO equipamento ( quantidade, descricao, tipo, modelo, nome, marca )
	VALUES ( 426794, 'Quibusdam quas quod quas deserunt itaque. Expedita mollitia ullam veritatis quisquam. Ea ducimus enim vitae repellendus quisquam. Nesciunt laudantium minus', 'ESTRUTURACAO', 'Voluptatum magni asperiores magnam enim assumenda. Accusamus odi', 'Thomas Caldeira', 'Maxime impedit incidunt ' );
INSERT INTO equipamento ( quantidade, descricao, tipo, modelo, nome, marca )
	VALUES ( 384747, 'Iusto maxime eos numquam voluptates vitae. Doloremque voluptas labore quos. Molestiae fugit quam officiis. Magni vel placeat nobis quas nam ipsam', 'SONORIZACAO', 'Expedita aspernatur nam nobis tempore corrupti pla', 'Yasmin Pereira', 'Fuga dolor distinctio pos' );
INSERT INTO equipamento ( quantidade, descricao, tipo, modelo, nome, marca )
	VALUES ( 556230, 'Ea exercitationem expedita sit aperiam. Qui sapiente qui cumque repellat eveniet. Ullam rem accusamus sit. Pariatur illum sunt. Neque dolor aperiam sit ipsa', 'CAMERA', 'Ad vitae sit mollitia itaque elig', 'Benício Peixoto', 'Adipisci modi esse in i' );
INSERT INTO equipamento ( quantidade, descricao, tipo, modelo, nome, marca )
	VALUES ( 496674, 'Voluptas maxime quisquam velit neque. Cupiditate corporis omnis explicabo perspiciatis. Occaecati cumque architecto eius repellat', 'DRONE', 'Veritatis autem qui dignissimos. Sunt officiis', 'Ana Clara Nunes', 'Distinctio sequi ' );
INSERT INTO equipamento ( quantidade, descricao, tipo, modelo, nome, marca )
	VALUES ( 109186, 'Quos commodi consectetur iure magnam. Possimus optio blanditiis voluptas. Neque totam laudantium sint sapiente accusantium in. Natus est inventore necessitatibus omnis consequatur', 'CAMERA', 'Error asperiores a soluta quisquam p', 'Anthony Lima', 'Neque reprehenderit eum. N' );
INSERT INTO equipamento ( quantidade, descricao, tipo, modelo, nome, marca )
	VALUES ( 108471, 'Voluptates earum fugiat possimus rerum. Odio commodi dolor. Distinctio dolorem ullam laboriosam officiis velit error', 'DRONE', 'Ipsa eveniet doloribus. Dicta acc', 'Pedro Lopes', 'Fugit quo nihil corrupti. Pers' );
INSERT INTO equipamento ( quantidade, descricao, tipo, modelo, nome, marca )
	VALUES ( 830672, 'Fuga velit quia maiores qui dolorem. Possimus nobis magni consequuntur aut accusamus. Ex ab quae atque. Nobis ea repellendus eaque eos magnam', 'SONORIZACAO', 'Dolore amet iusto enim quas. Deserunt ab laborum aut', 'Natália Aragão', 'Fugit aliquam ve' );
INSERT INTO equipamento ( quantidade, descricao, tipo, modelo, nome, marca )
	VALUES ( 760960, 'Esse soluta tenetur saepe optio tenetur. Quaerat pariatur libero libero adipisci magni qui. Architecto eius voluptatibus. Iure ipsam minima suscipit officia', 'ESTRUTURACAO', 'Soluta dignissimos facere doloremque. Qua', 'Luiz Gustavo das Neves', 'Earum sed cumque n' );
INSERT INTO equipamento ( quantidade, descricao, tipo, modelo, nome, marca )
	VALUES ( 774012, 'Voluptate perspiciatis dolor distinctio dignissimos. Voluptas debitis voluptatem quae nostrum culpa. Eius voluptatibus aliquam quidem facere itaque possimus. Reiciendis explicabo culpa doloremque', 'CAMERA', 'Optio modi sint maxime. Quisquam reprehenderit n', 'Benjamin Rodrigues', 'Necessitatibus occaecati n' );
INSERT INTO equipamento ( quantidade, descricao, tipo, modelo, nome, marca )
	VALUES ( 346849, 'Atque doloribus enim sint autem accusamus molestiae. Recusandae quo sequi. Labore corporis autem omnis similique reiciendis excepturi. Libero dolorum pariatur excepturi voluptate iure', 'SONORIZACAO', 'Qui officia assumenda eaque eveniet', 'João Lucas Freitas', 'Quisquam nemo odio enim q' );
/* NULL INSERTION FOR ATTRIBUTE descricao AT TABLE equipamento  */
 INSERT INTO equipamento ( quantidade, descricao, tipo, modelo, nome, marca )
	VALUES ( 702965, NULL, 'SONORIZACAO', 'Quod omnis natus. Incidunt expedita ip', 'Luiz Felipe FariasFernandes', 'Ipsa quaerat quo in d' );
/* NULL INSERTION FOR ATTRIBUTE marca AT TABLE equipamento  */
 INSERT INTO equipamento ( quantidade, descricao, tipo, modelo, nome, marca )
	VALUES ( 378264, 'Sit quae explicabo dolore libero inventore. Quasi corrupti hic asperiores maxime aut', 'CAMERA', 'Corporis placeat ea illo fuga suscipit. Earum fugiat accusamus ', 'Dra. Maria Vitória Monteiro', NULL );

/* TABLE estruturacao */
INSERT INTO estruturacao ( id )
	VALUES ( 50 );
INSERT INTO estruturacao ( id )
	VALUES ( 37 );
INSERT INTO estruturacao ( id )
	VALUES ( 1 );
INSERT INTO estruturacao ( id )
	VALUES ( 70 );
INSERT INTO estruturacao ( id )
	VALUES ( 45 );
INSERT INTO estruturacao ( id )
	VALUES ( 55 );
INSERT INTO estruturacao ( id )
	VALUES ( 28 );
INSERT INTO estruturacao ( id )
	VALUES ( 4 );
INSERT INTO estruturacao ( id )
	VALUES ( 93 );
INSERT INTO estruturacao ( id )
	VALUES ( 87 );
INSERT INTO estruturacao ( id )
	VALUES ( 25 );
INSERT INTO estruturacao ( id )
	VALUES ( 16 );
INSERT INTO estruturacao ( id )
	VALUES ( 76 );
INSERT INTO estruturacao ( id )
	VALUES ( 29 );
INSERT INTO estruturacao ( id )
	VALUES ( 8 );
INSERT INTO estruturacao ( id )
	VALUES ( 3 );
INSERT INTO estruturacao ( id )
	VALUES ( 64 );
INSERT INTO estruturacao ( id )
	VALUES ( 5 );
INSERT INTO estruturacao ( id )
	VALUES ( 23 );
INSERT INTO estruturacao ( id )
	VALUES ( 48 );
INSERT INTO estruturacao ( id )
	VALUES ( 83 );
INSERT INTO estruturacao ( id )
	VALUES ( 24 );
INSERT INTO estruturacao ( id )
	VALUES ( 62 );
INSERT INTO estruturacao ( id )
	VALUES ( 20 );
INSERT INTO estruturacao ( id )
	VALUES ( 42 );
INSERT INTO estruturacao ( id )
	VALUES ( 95 );
INSERT INTO estruturacao ( id )
	VALUES ( 96 );
INSERT INTO estruturacao ( id )
	VALUES ( 60 );
INSERT INTO estruturacao ( id )
	VALUES ( 69 );
INSERT INTO estruturacao ( id )
	VALUES ( 91 );
INSERT INTO estruturacao ( id )
	VALUES ( 39 );
INSERT INTO estruturacao ( id )
	VALUES ( 99 );
INSERT INTO estruturacao ( id )
	VALUES ( 46 );
INSERT INTO estruturacao ( id )
	VALUES ( 58 );
INSERT INTO estruturacao ( id )
	VALUES ( 84 );
INSERT INTO estruturacao ( id )
	VALUES ( 14 );
INSERT INTO estruturacao ( id )
	VALUES ( 85 );
INSERT INTO estruturacao ( id )
	VALUES ( 54 );
INSERT INTO estruturacao ( id )
	VALUES ( 66 );
INSERT INTO estruturacao ( id )
	VALUES ( 6 );
INSERT INTO estruturacao ( id )
	VALUES ( 36 );
INSERT INTO estruturacao ( id )
	VALUES ( 43 );
INSERT INTO estruturacao ( id )
	VALUES ( 12 );
INSERT INTO estruturacao ( id )
	VALUES ( 82 );
INSERT INTO estruturacao ( id )
	VALUES ( 18 );
INSERT INTO estruturacao ( id )
	VALUES ( 38 );
INSERT INTO estruturacao ( id )
	VALUES ( 17 );
INSERT INTO estruturacao ( id )
	VALUES ( 86 );
INSERT INTO estruturacao ( id )
	VALUES ( 81 );
INSERT INTO estruturacao ( id )
	VALUES ( 65 );
INSERT INTO estruturacao ( id )
	VALUES ( 26 );
INSERT INTO estruturacao ( id )
	VALUES ( 68 );
INSERT INTO estruturacao ( id )
	VALUES ( 32 );
INSERT INTO estruturacao ( id )
	VALUES ( 35 );
INSERT INTO estruturacao ( id )
	VALUES ( 30 );
INSERT INTO estruturacao ( id )
	VALUES ( 2 );
INSERT INTO estruturacao ( id )
	VALUES ( 11 );
INSERT INTO estruturacao ( id )
	VALUES ( 13 );
INSERT INTO estruturacao ( id )
	VALUES ( 94 );
INSERT INTO estruturacao ( id )
	VALUES ( 10 );
INSERT INTO estruturacao ( id )
	VALUES ( 51 );
INSERT INTO estruturacao ( id )
	VALUES ( 49 );
INSERT INTO estruturacao ( id )
	VALUES ( 57 );
INSERT INTO estruturacao ( id )
	VALUES ( 90 );
INSERT INTO estruturacao ( id )
	VALUES ( 63 );
INSERT INTO estruturacao ( id )
	VALUES ( 75 );
INSERT INTO estruturacao ( id )
	VALUES ( 77 );
INSERT INTO estruturacao ( id )
	VALUES ( 41 );
INSERT INTO estruturacao ( id )
	VALUES ( 72 );
INSERT INTO estruturacao ( id )
	VALUES ( 52 );
INSERT INTO estruturacao ( id )
	VALUES ( 34 );
INSERT INTO estruturacao ( id )
	VALUES ( 56 );
INSERT INTO estruturacao ( id )
	VALUES ( 78 );
INSERT INTO estruturacao ( id )
	VALUES ( 27 );
INSERT INTO estruturacao ( id )
	VALUES ( 92 );
INSERT INTO estruturacao ( id )
	VALUES ( 100 );
INSERT INTO estruturacao ( id )
	VALUES ( 9 );
INSERT INTO estruturacao ( id )
	VALUES ( 67 );
INSERT INTO estruturacao ( id )
	VALUES ( 22 );
INSERT INTO estruturacao ( id )
	VALUES ( 19 );
INSERT INTO estruturacao ( id )
	VALUES ( 44 );
INSERT INTO estruturacao ( id )
	VALUES ( 74 );
INSERT INTO estruturacao ( id )
	VALUES ( 53 );
INSERT INTO estruturacao ( id )
	VALUES ( 21 );
INSERT INTO estruturacao ( id )
	VALUES ( 97 );
INSERT INTO estruturacao ( id )
	VALUES ( 61 );
INSERT INTO estruturacao ( id )
	VALUES ( 31 );
INSERT INTO estruturacao ( id )
	VALUES ( 73 );
INSERT INTO estruturacao ( id )
	VALUES ( 33 );
INSERT INTO estruturacao ( id )
	VALUES ( 15 );
INSERT INTO estruturacao ( id )
	VALUES ( 89 );
INSERT INTO estruturacao ( id )
	VALUES ( 71 );
INSERT INTO estruturacao ( id )
	VALUES ( 7 );
INSERT INTO estruturacao ( id )
	VALUES ( 79 );
INSERT INTO estruturacao ( id )
	VALUES ( 59 );
INSERT INTO estruturacao ( id )
	VALUES ( 88 );
INSERT INTO estruturacao ( id )
	VALUES ( 47 );
INSERT INTO estruturacao ( id )
	VALUES ( 40 );
INSERT INTO estruturacao ( id )
	VALUES ( 80 );
INSERT INTO estruturacao ( id )
	VALUES ( 98 );

/* TABLE drone */
INSERT INTO drone ( fonteAlimentacao, id, tempoMaxVoo, alcanceRemoto )
	VALUES ( 'Explicabo dolorem exercitationem quasi molestias. Eaque', 61, 570705, 190593 );
INSERT INTO drone ( fonteAlimentacao, id, tempoMaxVoo, alcanceRemoto )
	VALUES ( 'Occaecati ex corporis laboriosam vitae debitis possimus.Aliquid', 30, 770210, 194086 );
INSERT INTO drone ( fonteAlimentacao, id, tempoMaxVoo, alcanceRemoto )
	VALUES ( 'Voluptatem magnam aperiam. Amet hic sunt officia', 35, 525765, 164278 );
INSERT INTO drone ( fonteAlimentacao, id, tempoMaxVoo, alcanceRemoto )
	VALUES ( 'Dolorum cupiditate fugiat aperiam. Possimus ad', 46, 570516, 194136 );
INSERT INTO drone ( fonteAlimentacao, id, tempoMaxVoo, alcanceRemoto )
	VALUES ( 'Adipisci magnam quibusdam culpa ', 13, 269764, 302281 );
INSERT INTO drone ( fonteAlimentacao, id, tempoMaxVoo, alcanceRemoto )
	VALUES ( 'Facere ab laudantium cum quibusdam incidunt. Err', 36, 330242, 771517 );
INSERT INTO drone ( fonteAlimentacao, id, tempoMaxVoo, alcanceRemoto )
	VALUES ( 'Molestiae amet quidem. Delectus eaque harum laboriosam qua', 33, 684393, 404606 );
INSERT INTO drone ( fonteAlimentacao, id, tempoMaxVoo, alcanceRemoto )
	VALUES ( 'Provident sed sint eum ab aperiam corrupti. V', 34, 727262, 764841 );
INSERT INTO drone ( fonteAlimentacao, id, tempoMaxVoo, alcanceRemoto )
	VALUES ( 'Nostrum saepe illo porro reiciend', 100, 385285, 628533 );
INSERT INTO drone ( fonteAlimentacao, id, tempoMaxVoo, alcanceRemoto )
	VALUES ( 'Modi doloribus numquam ab ipsa. Harum e', 83, 521499, 396854 );
INSERT INTO drone ( fonteAlimentacao, id, tempoMaxVoo, alcanceRemoto )
	VALUES ( 'Nobis cumque asperiores nemo tenetur commodi', 2, 614922, 297979 );
INSERT INTO drone ( fonteAlimentacao, id, tempoMaxVoo, alcanceRemoto )
	VALUES ( 'Ipsam eveniet excepturi. Eum molestiae et distin', 23, 420439, 842539 );
INSERT INTO drone ( fonteAlimentacao, id, tempoMaxVoo, alcanceRemoto )
	VALUES ( 'Quibusdam quisquam ipsa sed aliquam sit nemo a. Omnis dicta do', 76, 795065, 892604 );
INSERT INTO drone ( fonteAlimentacao, id, tempoMaxVoo, alcanceRemoto )
	VALUES ( 'Nam ex vero voluptates voluptas. Distincti', 95, 371394, 640433 );
INSERT INTO drone ( fonteAlimentacao, id, tempoMaxVoo, alcanceRemoto )
	VALUES ( 'Laudantium vitae vero ipsa ut mollitia adi', 19, 454172, 272162 );
INSERT INTO drone ( fonteAlimentacao, id, tempoMaxVoo, alcanceRemoto )
	VALUES ( 'Unde blanditiis voluptatem quasi eum totam aliquid. Te', 74, 481739, 136756 );
INSERT INTO drone ( fonteAlimentacao, id, tempoMaxVoo, alcanceRemoto )
	VALUES ( 'Similique veritatis sapiente. Sed ex nec', 7, 470986, 456872 );
INSERT INTO drone ( fonteAlimentacao, id, tempoMaxVoo, alcanceRemoto )
	VALUES ( 'Sed eos tempora perferendis magnam. Autem itaque quam qu', 20, 277820, 200351 );
INSERT INTO drone ( fonteAlimentacao, id, tempoMaxVoo, alcanceRemoto )
	VALUES ( 'Expedita dignissimos facilis cum ex sapiente. Corpori', 55, 818939, 848617 );
INSERT INTO drone ( fonteAlimentacao, id, tempoMaxVoo, alcanceRemoto )
	VALUES ( 'Nulla amet atque. Et eos neque error aspe', 11, 368176, 666038 );
INSERT INTO drone ( fonteAlimentacao, id, tempoMaxVoo, alcanceRemoto )
	VALUES ( 'Dolorem nobis deserunt adipisci nobis omnis veritatis. F', 66, 627803, 333490 );
INSERT INTO drone ( fonteAlimentacao, id, tempoMaxVoo, alcanceRemoto )
	VALUES ( 'Animi odit ipsum laborum exercitationem. Deleniti saepe', 68, 582384, 549577 );
INSERT INTO drone ( fonteAlimentacao, id, tempoMaxVoo, alcanceRemoto )
	VALUES ( 'Ullam facere est voluptates officiis volup', 98, 710913, 626169 );
INSERT INTO drone ( fonteAlimentacao, id, tempoMaxVoo, alcanceRemoto )
	VALUES ( 'Voluptas cupiditate cum fuga. Possimus ', 52, 359934, 787325 );
INSERT INTO drone ( fonteAlimentacao, id, tempoMaxVoo, alcanceRemoto )
	VALUES ( 'Aliquam possimus iure tenetur deleniti culpa cor', 41, 351169, 754630 );
INSERT INTO drone ( fonteAlimentacao, id, tempoMaxVoo, alcanceRemoto )
	VALUES ( 'Iste totam repellendus blanditiis c', 70, 501227, 328986 );
INSERT INTO drone ( fonteAlimentacao, id, tempoMaxVoo, alcanceRemoto )
	VALUES ( 'Assumenda dolorem exercitationem atque officia vel', 57, 447687, 708205 );
INSERT INTO drone ( fonteAlimentacao, id, tempoMaxVoo, alcanceRemoto )
	VALUES ( 'Accusantium possimus illo iure.N', 31, 497160, 876485 );
INSERT INTO drone ( fonteAlimentacao, id, tempoMaxVoo, alcanceRemoto )
	VALUES ( 'Officiis itaque tenetur inventore praesentium asperiore', 88, 163750, 673073 );
INSERT INTO drone ( fonteAlimentacao, id, tempoMaxVoo, alcanceRemoto )
	VALUES ( 'Error tenetur modi culpa a dignis', 69, 853868, 493596 );
INSERT INTO drone ( fonteAlimentacao, id, tempoMaxVoo, alcanceRemoto )
	VALUES ( 'Excepturi sed delectus quos ipsam distinctio totam. D', 93, 662716, 876017 );
INSERT INTO drone ( fonteAlimentacao, id, tempoMaxVoo, alcanceRemoto )
	VALUES ( 'Mollitia asperiores blanditiis ad ', 97, 409424, 509775 );
INSERT INTO drone ( fonteAlimentacao, id, tempoMaxVoo, alcanceRemoto )
	VALUES ( 'Corrupti quaerat commodi quisquam. Iste ali', 73, 813112, 795004 );
INSERT INTO drone ( fonteAlimentacao, id, tempoMaxVoo, alcanceRemoto )
	VALUES ( 'Tenetur quae quidem. Cupiditate mollitia nihil ani', 54, 540309, 258224 );
INSERT INTO drone ( fonteAlimentacao, id, tempoMaxVoo, alcanceRemoto )
	VALUES ( 'Excepturi natus eveniet pariatur. Molestias nobis eligendi con', 4, 208984, 569990 );
INSERT INTO drone ( fonteAlimentacao, id, tempoMaxVoo, alcanceRemoto )
	VALUES ( 'Dolor maiores iusto perspiciatis alias blanditiis modi quod. A', 21, 854626, 367401 );
INSERT INTO drone ( fonteAlimentacao, id, tempoMaxVoo, alcanceRemoto )
	VALUES ( 'Laboriosam mollitia quos ipsa accusantium velit.Quas ab nesc', 22, 311403, 547876 );
INSERT INTO drone ( fonteAlimentacao, id, tempoMaxVoo, alcanceRemoto )
	VALUES ( 'Nostrum architecto excepturi nemo ab de', 12, 670568, 471270 );
INSERT INTO drone ( fonteAlimentacao, id, tempoMaxVoo, alcanceRemoto )
	VALUES ( 'Sapiente eligendi nesciunt. Exercitationem ullam e', 58, 666816, 758636 );
INSERT INTO drone ( fonteAlimentacao, id, tempoMaxVoo, alcanceRemoto )
	VALUES ( 'Nulla suscipit distinctio.Similique dignissimos el', 72, 567494, 324169 );
INSERT INTO drone ( fonteAlimentacao, id, tempoMaxVoo, alcanceRemoto )
	VALUES ( 'Dignissimos odio excepturi aperiam illo. Reprehenderit sint minu', 28, 412979, 707955 );
INSERT INTO drone ( fonteAlimentacao, id, tempoMaxVoo, alcanceRemoto )
	VALUES ( 'Asperiores explicabo harum alias quae. Maiore', 14, 683522, 571373 );
INSERT INTO drone ( fonteAlimentacao, id, tempoMaxVoo, alcanceRemoto )
	VALUES ( 'Corrupti maiores aperiam minus. Ullam ducimus similique inve', 10, 794896, 236981 );
INSERT INTO drone ( fonteAlimentacao, id, tempoMaxVoo, alcanceRemoto )
	VALUES ( 'Cumque aperiam accusantium. Voluptatem tenetur conseq', 64, 174364, 652940 );
INSERT INTO drone ( fonteAlimentacao, id, tempoMaxVoo, alcanceRemoto )
	VALUES ( 'Ea dolor dolorem cupiditate maxime sequi odio. Consequuntur temp', 49, 486367, 546878 );
INSERT INTO drone ( fonteAlimentacao, id, tempoMaxVoo, alcanceRemoto )
	VALUES ( 'Facere earum iusto nihil error corrupti. Autem facili', 38, 584359, 256032 );
INSERT INTO drone ( fonteAlimentacao, id, tempoMaxVoo, alcanceRemoto )
	VALUES ( 'Eum soluta maxime eaque libero pariatur possimus ', 71, 552759, 612996 );
INSERT INTO drone ( fonteAlimentacao, id, tempoMaxVoo, alcanceRemoto )
	VALUES ( 'Asperiores rerum ullam. Quas atque eveni', 79, 141509, 553470 );
INSERT INTO drone ( fonteAlimentacao, id, tempoMaxVoo, alcanceRemoto )
	VALUES ( 'Corporis quisquam libero in odit commodi exercitationem ipsam. U', 96, 480057, 582121 );
INSERT INTO drone ( fonteAlimentacao, id, tempoMaxVoo, alcanceRemoto )
	VALUES ( 'Adipisci consequatur at qui enim expedita quisquam. Non la', 3, 268679, 223626 );
INSERT INTO drone ( fonteAlimentacao, id, tempoMaxVoo, alcanceRemoto )
	VALUES ( 'Nulla blanditiis pariatur delectus a. Minima soluta na', 84, 220834, 741657 );
INSERT INTO drone ( fonteAlimentacao, id, tempoMaxVoo, alcanceRemoto )
	VALUES ( 'Facere odio voluptate debitis nequ', 27, 287834, 431262 );
INSERT INTO drone ( fonteAlimentacao, id, tempoMaxVoo, alcanceRemoto )
	VALUES ( 'Cum id earum dolor error earum dolor. Esse dolorem animi pers', 85, 494010, 560761 );
INSERT INTO drone ( fonteAlimentacao, id, tempoMaxVoo, alcanceRemoto )
	VALUES ( 'Corrupti perferendis mollitia doloremque expedita re', 91, 174829, 319495 );
INSERT INTO drone ( fonteAlimentacao, id, tempoMaxVoo, alcanceRemoto )
	VALUES ( 'Veritatis consectetur perferendis consequatur de', 48, 383579, 595762 );
INSERT INTO drone ( fonteAlimentacao, id, tempoMaxVoo, alcanceRemoto )
	VALUES ( 'Accusantium pariatur saepe voluptatem aliquid dolores cu', 16, 723556, 505953 );
INSERT INTO drone ( fonteAlimentacao, id, tempoMaxVoo, alcanceRemoto )
	VALUES ( 'Placeat ea laboriosam libero fuga animi in.Doloribus d', 89, 348359, 227216 );
INSERT INTO drone ( fonteAlimentacao, id, tempoMaxVoo, alcanceRemoto )
	VALUES ( 'Illo quasi error deserunt voluptatem quos consequatur.', 86, 672924, 808844 );
INSERT INTO drone ( fonteAlimentacao, id, tempoMaxVoo, alcanceRemoto )
	VALUES ( 'Ut at ea quibusdam cupiditate reiciendis iusto', 51, 742095, 536369 );
INSERT INTO drone ( fonteAlimentacao, id, tempoMaxVoo, alcanceRemoto )
	VALUES ( 'Aperiam sunt ducimus minus sapiente. Quis assumenda au', 67, 132076, 891947 );
INSERT INTO drone ( fonteAlimentacao, id, tempoMaxVoo, alcanceRemoto )
	VALUES ( 'Perferendis eos magni expedita voluptas reiciendi', 53, 215691, 881795 );
INSERT INTO drone ( fonteAlimentacao, id, tempoMaxVoo, alcanceRemoto )
	VALUES ( 'Facilis illum dignissimos quisquam', 94, 652178, 694473 );
INSERT INTO drone ( fonteAlimentacao, id, tempoMaxVoo, alcanceRemoto )
	VALUES ( 'Ipsam nesciunt commodi ducimus voluptas reiciendis ex. Iusto ve', 77, 300583, 751966 );
INSERT INTO drone ( fonteAlimentacao, id, tempoMaxVoo, alcanceRemoto )
	VALUES ( 'Aspernatur ut sed magni magni tempore', 39, 562737, 193485 );
INSERT INTO drone ( fonteAlimentacao, id, tempoMaxVoo, alcanceRemoto )
	VALUES ( 'Ullam inventore cupiditate aut po', 47, 521963, 542126 );
INSERT INTO drone ( fonteAlimentacao, id, tempoMaxVoo, alcanceRemoto )
	VALUES ( 'Sequi sapiente voluptas quasi ducimus quae. Voluptatem i', 50, 392739, 795443 );
INSERT INTO drone ( fonteAlimentacao, id, tempoMaxVoo, alcanceRemoto )
	VALUES ( 'Ipsam quas sunt eum.Vero minus pariatur ducimus eaqu', 26, 231324, 263725 );
INSERT INTO drone ( fonteAlimentacao, id, tempoMaxVoo, alcanceRemoto )
	VALUES ( 'Rerum eveniet exercitationem. Ex quasi quam at officia libero t', 44, 614871, 470951 );
INSERT INTO drone ( fonteAlimentacao, id, tempoMaxVoo, alcanceRemoto )
	VALUES ( 'Velit quis odit aut tempora quos. Autem minima', 9, 579977, 229396 );
INSERT INTO drone ( fonteAlimentacao, id, tempoMaxVoo, alcanceRemoto )
	VALUES ( 'Nulla omnis iste harum corporis m', 15, 153063, 864009 );
INSERT INTO drone ( fonteAlimentacao, id, tempoMaxVoo, alcanceRemoto )
	VALUES ( 'Placeat placeat cum aperiam quos occaecati facilis debitis. Ex', 60, 525522, 437567 );
INSERT INTO drone ( fonteAlimentacao, id, tempoMaxVoo, alcanceRemoto )
	VALUES ( 'Porro ipsum neque animi dolores cum a', 92, 509013, 563752 );
INSERT INTO drone ( fonteAlimentacao, id, tempoMaxVoo, alcanceRemoto )
	VALUES ( 'Dolore numquam quibusdam quisquam. Earum magni', 63, 422871, 672527 );
INSERT INTO drone ( fonteAlimentacao, id, tempoMaxVoo, alcanceRemoto )
	VALUES ( 'Maiores officia odit. Molestiae dol', 62, 618621, 766339 );
INSERT INTO drone ( fonteAlimentacao, id, tempoMaxVoo, alcanceRemoto )
	VALUES ( 'Molestiae atque rerum itaque ips', 80, 515318, 364464 );
INSERT INTO drone ( fonteAlimentacao, id, tempoMaxVoo, alcanceRemoto )
	VALUES ( 'Tenetur adipisci illo adipisci.Ipsum dolore d', 45, 188160, 424143 );
INSERT INTO drone ( fonteAlimentacao, id, tempoMaxVoo, alcanceRemoto )
	VALUES ( 'Fuga dicta distinctio dolores. Labore vel facere erro', 6, 599082, 674681 );
INSERT INTO drone ( fonteAlimentacao, id, tempoMaxVoo, alcanceRemoto )
	VALUES ( 'At modi molestias fuga.Eius dolores et magni adipisci. Quas mi', 75, 544761, 715280 );
INSERT INTO drone ( fonteAlimentacao, id, tempoMaxVoo, alcanceRemoto )
	VALUES ( 'Nam veritatis optio quibusdam. Dicta accusantium', 24, 253089, 186299 );
INSERT INTO drone ( fonteAlimentacao, id, tempoMaxVoo, alcanceRemoto )
	VALUES ( 'Quae quisquam esse ab distinctio quae adipisci', 99, 517874, 393727 );
INSERT INTO drone ( fonteAlimentacao, id, tempoMaxVoo, alcanceRemoto )
	VALUES ( 'Ex in rem possimus quam ullam. Tenetur eveniet suscipit fugit.', 25, 556924, 527852 );
INSERT INTO drone ( fonteAlimentacao, id, tempoMaxVoo, alcanceRemoto )
	VALUES ( 'Molestiae molestias modi ipsam alias nobis dolore. Perspiciati', 87, 653957, 897570 );
INSERT INTO drone ( fonteAlimentacao, id, tempoMaxVoo, alcanceRemoto )
	VALUES ( 'Aut corrupti facere quaerat impedit. M', 37, 656406, 446092 );
INSERT INTO drone ( fonteAlimentacao, id, tempoMaxVoo, alcanceRemoto )
	VALUES ( 'Sit dignissimos cumque animi sit quia. Verita', 40, 378763, 273991 );
INSERT INTO drone ( fonteAlimentacao, id, tempoMaxVoo, alcanceRemoto )
	VALUES ( 'Odio omnis temporibus alias ratione dolor', 29, 526173, 860399 );
INSERT INTO drone ( fonteAlimentacao, id, tempoMaxVoo, alcanceRemoto )
	VALUES ( 'Officiis placeat veritatis temporibus voluptate', 17, 533996, 332299 );
INSERT INTO drone ( fonteAlimentacao, id, tempoMaxVoo, alcanceRemoto )
	VALUES ( 'Praesentium aspernatur temporibus ipsa ', 56, 395669, 629820 );
INSERT INTO drone ( fonteAlimentacao, id, tempoMaxVoo, alcanceRemoto )
	VALUES ( 'Temporibus eum porro impedit voluptatib', 81, 416139, 444849 );
INSERT INTO drone ( fonteAlimentacao, id, tempoMaxVoo, alcanceRemoto )
	VALUES ( 'Earum minus vel repellat. Maiores eveniet laborum dicta d', 18, 464038, 817024 );
INSERT INTO drone ( fonteAlimentacao, id, tempoMaxVoo, alcanceRemoto )
	VALUES ( 'Repellendus molestiae reiciendis s', 78, 527460, 394354 );
INSERT INTO drone ( fonteAlimentacao, id, tempoMaxVoo, alcanceRemoto )
	VALUES ( 'Culpa necessitatibus asperiores. ', 59, 240931, 121716 );
INSERT INTO drone ( fonteAlimentacao, id, tempoMaxVoo, alcanceRemoto )
	VALUES ( 'Nihil minima est nesciunt minima minima. Culpa nobis id itaqu', 43, 550335, 725457 );
INSERT INTO drone ( fonteAlimentacao, id, tempoMaxVoo, alcanceRemoto )
	VALUES ( 'Impedit enim eum inventore dolores. Est fugit fuga facilis. Fa', 1, 276743, 382501 );
INSERT INTO drone ( fonteAlimentacao, id, tempoMaxVoo, alcanceRemoto )
	VALUES ( 'Velit quam dolore quaerat ea pariatur. Deb', 90, 872598, 390821 );
INSERT INTO drone ( fonteAlimentacao, id, tempoMaxVoo, alcanceRemoto )
	VALUES ( 'Omnis veritatis dolor sapiente voluptates quasi exercitationem', 32, 684937, 234409 );
INSERT INTO drone ( fonteAlimentacao, id, tempoMaxVoo, alcanceRemoto )
	VALUES ( 'Nam autem quaerat maxime natus fuga.Inventore numquam in ', 82, 864397, 313428 );
INSERT INTO drone ( fonteAlimentacao, id, tempoMaxVoo, alcanceRemoto )
	VALUES ( 'Quos commodi molestiae molestiae. Necessitatibus lab', 42, 662035, 133084 );
INSERT INTO drone ( fonteAlimentacao, id, tempoMaxVoo, alcanceRemoto )
	VALUES ( 'Ipsam nobis quos porro velit exercitationem eveniet. Quibusdam ', 65, 839222, 758363 );
INSERT INTO drone ( fonteAlimentacao, id, tempoMaxVoo, alcanceRemoto )
	VALUES ( 'Illo fugiat nostrum fuga quam.Eligen', 8, 800898, 114269 );
INSERT INTO drone ( fonteAlimentacao, id, tempoMaxVoo, alcanceRemoto )
	VALUES ( 'Quam adipisci accusantium ratione fugiat praesentium deserunt. C', 5, 692093, 281979 );

/* TABLE sonorizacao */
INSERT INTO sonorizacao ( posseEise, potencia, id )
	VALUES ( TRUE, 498917, 79 );
INSERT INTO sonorizacao ( posseEise, potencia, id )
	VALUES ( FALSE, 230630, 47 );
INSERT INTO sonorizacao ( posseEise, potencia, id )
	VALUES ( TRUE, 809039, 57 );
INSERT INTO sonorizacao ( posseEise, potencia, id )
	VALUES ( FALSE, 558427, 94 );
INSERT INTO sonorizacao ( posseEise, potencia, id )
	VALUES ( FALSE, 100415, 16 );
INSERT INTO sonorizacao ( posseEise, potencia, id )
	VALUES ( TRUE, 808122, 51 );
INSERT INTO sonorizacao ( posseEise, potencia, id )
	VALUES ( FALSE, 578176, 63 );
INSERT INTO sonorizacao ( posseEise, potencia, id )
	VALUES ( TRUE, 275394, 46 );
INSERT INTO sonorizacao ( posseEise, potencia, id )
	VALUES ( FALSE, 548372, 83 );
INSERT INTO sonorizacao ( posseEise, potencia, id )
	VALUES ( TRUE, 897092, 84 );
INSERT INTO sonorizacao ( posseEise, potencia, id )
	VALUES ( TRUE, 124033, 22 );
INSERT INTO sonorizacao ( posseEise, potencia, id )
	VALUES ( TRUE, 507819, 28 );
INSERT INTO sonorizacao ( posseEise, potencia, id )
	VALUES ( TRUE, 654455, 35 );
INSERT INTO sonorizacao ( posseEise, potencia, id )
	VALUES ( FALSE, 126596, 71 );
INSERT INTO sonorizacao ( posseEise, potencia, id )
	VALUES ( FALSE, 549575, 12 );
INSERT INTO sonorizacao ( posseEise, potencia, id )
	VALUES ( TRUE, 420695, 82 );
INSERT INTO sonorizacao ( posseEise, potencia, id )
	VALUES ( TRUE, 836335, 18 );
INSERT INTO sonorizacao ( posseEise, potencia, id )
	VALUES ( TRUE, 199465, 41 );
INSERT INTO sonorizacao ( posseEise, potencia, id )
	VALUES ( TRUE, 805748, 49 );
INSERT INTO sonorizacao ( posseEise, potencia, id )
	VALUES ( TRUE, 247525, 50 );
INSERT INTO sonorizacao ( posseEise, potencia, id )
	VALUES ( FALSE, 263457, 93 );
INSERT INTO sonorizacao ( posseEise, potencia, id )
	VALUES ( FALSE, 179657, 9 );
INSERT INTO sonorizacao ( posseEise, potencia, id )
	VALUES ( TRUE, 474118, 48 );
INSERT INTO sonorizacao ( posseEise, potencia, id )
	VALUES ( FALSE, 827979, 37 );
INSERT INTO sonorizacao ( posseEise, potencia, id )
	VALUES ( TRUE, 818507, 95 );
INSERT INTO sonorizacao ( posseEise, potencia, id )
	VALUES ( TRUE, 762239, 85 );
INSERT INTO sonorizacao ( posseEise, potencia, id )
	VALUES ( FALSE, 533613, 88 );
INSERT INTO sonorizacao ( posseEise, potencia, id )
	VALUES ( TRUE, 243740, 81 );
INSERT INTO sonorizacao ( posseEise, potencia, id )
	VALUES ( TRUE, 723302, 53 );
INSERT INTO sonorizacao ( posseEise, potencia, id )
	VALUES ( TRUE, 395051, 92 );
INSERT INTO sonorizacao ( posseEise, potencia, id )
	VALUES ( TRUE, 366550, 4 );
INSERT INTO sonorizacao ( posseEise, potencia, id )
	VALUES ( FALSE, 381470, 76 );
INSERT INTO sonorizacao ( posseEise, potencia, id )
	VALUES ( TRUE, 771461, 99 );
INSERT INTO sonorizacao ( posseEise, potencia, id )
	VALUES ( FALSE, 428902, 11 );
INSERT INTO sonorizacao ( posseEise, potencia, id )
	VALUES ( TRUE, 161486, 98 );
INSERT INTO sonorizacao ( posseEise, potencia, id )
	VALUES ( FALSE, 315186, 8 );
INSERT INTO sonorizacao ( posseEise, potencia, id )
	VALUES ( FALSE, 349983, 10 );
INSERT INTO sonorizacao ( posseEise, potencia, id )
	VALUES ( TRUE, 869506, 70 );
INSERT INTO sonorizacao ( posseEise, potencia, id )
	VALUES ( FALSE, 755068, 1 );
INSERT INTO sonorizacao ( posseEise, potencia, id )
	VALUES ( TRUE, 368802, 78 );
INSERT INTO sonorizacao ( posseEise, potencia, id )
	VALUES ( TRUE, 496638, 23 );
INSERT INTO sonorizacao ( posseEise, potencia, id )
	VALUES ( TRUE, 785113, 52 );
INSERT INTO sonorizacao ( posseEise, potencia, id )
	VALUES ( TRUE, 489179, 2 );
INSERT INTO sonorizacao ( posseEise, potencia, id )
	VALUES ( FALSE, 102187, 96 );
INSERT INTO sonorizacao ( posseEise, potencia, id )
	VALUES ( TRUE, 545305, 5 );
INSERT INTO sonorizacao ( posseEise, potencia, id )
	VALUES ( FALSE, 689249, 39 );
INSERT INTO sonorizacao ( posseEise, potencia, id )
	VALUES ( TRUE, 549433, 6 );
INSERT INTO sonorizacao ( posseEise, potencia, id )
	VALUES ( FALSE, 876885, 38 );
INSERT INTO sonorizacao ( posseEise, potencia, id )
	VALUES ( TRUE, 232740, 67 );
INSERT INTO sonorizacao ( posseEise, potencia, id )
	VALUES ( TRUE, 441328, 60 );
INSERT INTO sonorizacao ( posseEise, potencia, id )
	VALUES ( FALSE, 361573, 26 );
INSERT INTO sonorizacao ( posseEise, potencia, id )
	VALUES ( TRUE, 774735, 17 );
INSERT INTO sonorizacao ( posseEise, potencia, id )
	VALUES ( TRUE, 604890, 7 );
INSERT INTO sonorizacao ( posseEise, potencia, id )
	VALUES ( FALSE, 579597, 75 );
INSERT INTO sonorizacao ( posseEise, potencia, id )
	VALUES ( TRUE, 558635, 40 );
INSERT INTO sonorizacao ( posseEise, potencia, id )
	VALUES ( FALSE, 289605, 77 );
INSERT INTO sonorizacao ( posseEise, potencia, id )
	VALUES ( FALSE, 399129, 31 );
INSERT INTO sonorizacao ( posseEise, potencia, id )
	VALUES ( TRUE, 123042, 61 );
INSERT INTO sonorizacao ( posseEise, potencia, id )
	VALUES ( FALSE, 721368, 14 );
INSERT INTO sonorizacao ( posseEise, potencia, id )
	VALUES ( TRUE, 588636, 3 );
INSERT INTO sonorizacao ( posseEise, potencia, id )
	VALUES ( TRUE, 501952, 34 );
INSERT INTO sonorizacao ( posseEise, potencia, id )
	VALUES ( FALSE, 211814, 44 );
INSERT INTO sonorizacao ( posseEise, potencia, id )
	VALUES ( FALSE, 630208, 56 );
INSERT INTO sonorizacao ( posseEise, potencia, id )
	VALUES ( TRUE, 243054, 90 );
INSERT INTO sonorizacao ( posseEise, potencia, id )
	VALUES ( TRUE, 486234, 30 );
INSERT INTO sonorizacao ( posseEise, potencia, id )
	VALUES ( TRUE, 664777, 54 );
INSERT INTO sonorizacao ( posseEise, potencia, id )
	VALUES ( TRUE, 329982, 25 );
INSERT INTO sonorizacao ( posseEise, potencia, id )
	VALUES ( FALSE, 561501, 32 );
INSERT INTO sonorizacao ( posseEise, potencia, id )
	VALUES ( FALSE, 250824, 87 );
INSERT INTO sonorizacao ( posseEise, potencia, id )
	VALUES ( FALSE, 809058, 13 );
INSERT INTO sonorizacao ( posseEise, potencia, id )
	VALUES ( FALSE, 360956, 20 );
INSERT INTO sonorizacao ( posseEise, potencia, id )
	VALUES ( FALSE, 432321, 89 );
INSERT INTO sonorizacao ( posseEise, potencia, id )
	VALUES ( TRUE, 200361, 55 );
INSERT INTO sonorizacao ( posseEise, potencia, id )
	VALUES ( FALSE, 747914, 27 );
INSERT INTO sonorizacao ( posseEise, potencia, id )
	VALUES ( TRUE, 485073, 42 );
INSERT INTO sonorizacao ( posseEise, potencia, id )
	VALUES ( TRUE, 237279, 64 );
INSERT INTO sonorizacao ( posseEise, potencia, id )
	VALUES ( FALSE, 281161, 68 );
INSERT INTO sonorizacao ( posseEise, potencia, id )
	VALUES ( FALSE, 441199, 24 );
INSERT INTO sonorizacao ( posseEise, potencia, id )
	VALUES ( FALSE, 429335, 80 );
INSERT INTO sonorizacao ( posseEise, potencia, id )
	VALUES ( FALSE, 710535, 97 );
INSERT INTO sonorizacao ( posseEise, potencia, id )
	VALUES ( TRUE, 676574, 66 );
INSERT INTO sonorizacao ( posseEise, potencia, id )
	VALUES ( TRUE, 489085, 21 );
INSERT INTO sonorizacao ( posseEise, potencia, id )
	VALUES ( FALSE, 657766, 19 );
INSERT INTO sonorizacao ( posseEise, potencia, id )
	VALUES ( FALSE, 797305, 59 );
INSERT INTO sonorizacao ( posseEise, potencia, id )
	VALUES ( TRUE, 491967, 62 );
INSERT INTO sonorizacao ( posseEise, potencia, id )
	VALUES ( TRUE, 790670, 58 );
INSERT INTO sonorizacao ( posseEise, potencia, id )
	VALUES ( TRUE, 745256, 69 );
INSERT INTO sonorizacao ( posseEise, potencia, id )
	VALUES ( TRUE, 706623, 15 );
INSERT INTO sonorizacao ( posseEise, potencia, id )
	VALUES ( FALSE, 819744, 33 );
INSERT INTO sonorizacao ( posseEise, potencia, id )
	VALUES ( TRUE, 284590, 91 );
INSERT INTO sonorizacao ( posseEise, potencia, id )
	VALUES ( TRUE, 415723, 86 );
INSERT INTO sonorizacao ( posseEise, potencia, id )
	VALUES ( TRUE, 612012, 100 );
INSERT INTO sonorizacao ( posseEise, potencia, id )
	VALUES ( FALSE, 753004, 74 );
INSERT INTO sonorizacao ( posseEise, potencia, id )
	VALUES ( FALSE, 683545, 29 );
INSERT INTO sonorizacao ( posseEise, potencia, id )
	VALUES ( TRUE, 104452, 73 );
INSERT INTO sonorizacao ( posseEise, potencia, id )
	VALUES ( TRUE, 415445, 43 );
INSERT INTO sonorizacao ( posseEise, potencia, id )
	VALUES ( FALSE, 288942, 72 );
INSERT INTO sonorizacao ( posseEise, potencia, id )
	VALUES ( TRUE, 839284, 36 );
INSERT INTO sonorizacao ( posseEise, potencia, id )
	VALUES ( TRUE, 884253, 65 );
INSERT INTO sonorizacao ( posseEise, potencia, id )
	VALUES ( TRUE, 839936, 45 );

/* TABLE camera */
INSERT INTO camera ( certificacaoIP, zoomLongoAlcance, visaoNoturna, conectividade, fonteAlimentacao, id, estabilizadorImagem, resistenteQueda )
	VALUES ( 'IP19D', TRUE, FALSE, 'Eligendi nemo porro quisquam aspernatur m', 'Amet quasi molestias quis consequunt', 75, TRUE, FALSE );
INSERT INTO camera ( certificacaoIP, zoomLongoAlcance, visaoNoturna, conectividade, fonteAlimentacao, id, estabilizadorImagem, resistenteQueda )
	VALUES ( 'IP04a', TRUE, FALSE, 'Tempora quam quia quos iure ipsum reiciendis.', 'Perferendis ratione quos iste iure. S', 19, FALSE, FALSE );
INSERT INTO camera ( certificacaoIP, zoomLongoAlcance, visaoNoturna, conectividade, fonteAlimentacao, id, estabilizadorImagem, resistenteQueda )
	VALUES ( 'IP290s', TRUE, TRUE, 'Natus veritatis doloribus cupiditate provident. Do', 'Earum odio consequatur enim porro dolor', 45, TRUE, TRUE );
INSERT INTO camera ( certificacaoIP, zoomLongoAlcance, visaoNoturna, conectividade, fonteAlimentacao, id, estabilizadorImagem, resistenteQueda )
	VALUES ( 'IP64', TRUE, FALSE, 'Enim ipsam laborum molestiae. Laborio', 'Laudantium iure atque veritatis veritati', 38, TRUE, FALSE );
INSERT INTO camera ( certificacaoIP, zoomLongoAlcance, visaoNoturna, conectividade, fonteAlimentacao, id, estabilizadorImagem, resistenteQueda )
	VALUES ( 'IP005', TRUE, FALSE, 'Nostrum eaque libero illum odit exercitationem. Il', 'Culpa sit at veritatis saepe iusto laudantium', 32, TRUE, FALSE );
INSERT INTO camera ( certificacaoIP, zoomLongoAlcance, visaoNoturna, conectividade, fonteAlimentacao, id, estabilizadorImagem, resistenteQueda )
	VALUES ( 'IP493', FALSE, TRUE, 'Quos odio ut officia aut natus. Cumque libero numquam e', 'Velit deserunt asperiores ipsam totam iste. Repudiandae ', 28, FALSE, TRUE );
INSERT INTO camera ( certificacaoIP, zoomLongoAlcance, visaoNoturna, conectividade, fonteAlimentacao, id, estabilizadorImagem, resistenteQueda )
	VALUES ( 'IP626', TRUE, FALSE, 'Labore culpa aspernatur iusto mollitia. Unde corrupti alias r', 'Corrupti animi explicabo maxime repr', 63, FALSE, TRUE );
INSERT INTO camera ( certificacaoIP, zoomLongoAlcance, visaoNoturna, conectividade, fonteAlimentacao, id, estabilizadorImagem, resistenteQueda )
	VALUES ( 'IP052S', FALSE, FALSE, 'Recusandae itaque molestias totam quae natus. Re', 'Laudantium repellat tempore soluta. Aut ', 55, FALSE, TRUE );
INSERT INTO camera ( certificacaoIP, zoomLongoAlcance, visaoNoturna, conectividade, fonteAlimentacao, id, estabilizadorImagem, resistenteQueda )
	VALUES ( 'IP97F', FALSE, FALSE, 'Omnis facilis quae facere ab. Nem', 'Debitis officia quo placeat rerum quia. Facere possimu', 100, TRUE, TRUE );
INSERT INTO camera ( certificacaoIP, zoomLongoAlcance, visaoNoturna, conectividade, fonteAlimentacao, id, estabilizadorImagem, resistenteQueda )
	VALUES ( 'IP831D', TRUE, TRUE, 'Ipsum nam nihil. Dolorum dicta ad ape', 'Voluptas aliquam temporibus soluta eum modi et. Ipsa perspic', 85, FALSE, FALSE );
INSERT INTO camera ( certificacaoIP, zoomLongoAlcance, visaoNoturna, conectividade, fonteAlimentacao, id, estabilizadorImagem, resistenteQueda )
	VALUES ( 'IP477c', TRUE, TRUE, 'Facilis ipsum numquam vitae consectetur ex. Illum numquam d', 'Pariatur adipisci fugit ut sint amet eum.Asperiores atq', 82, FALSE, FALSE );
INSERT INTO camera ( certificacaoIP, zoomLongoAlcance, visaoNoturna, conectividade, fonteAlimentacao, id, estabilizadorImagem, resistenteQueda )
	VALUES ( 'IP36', FALSE, TRUE, 'Optio ex iure eos. Nostrum vero quisquam c', 'Maiores necessitatibus sequi. Expli', 60, FALSE, TRUE );
INSERT INTO camera ( certificacaoIP, zoomLongoAlcance, visaoNoturna, conectividade, fonteAlimentacao, id, estabilizadorImagem, resistenteQueda )
	VALUES ( 'IP52L', FALSE, TRUE, 'Quibusdam nisi quas eum ipsum molestiae ', 'Odit magni veritatis nobis. Eligendi eligen', 66, FALSE, TRUE );
INSERT INTO camera ( certificacaoIP, zoomLongoAlcance, visaoNoturna, conectividade, fonteAlimentacao, id, estabilizadorImagem, resistenteQueda )
	VALUES ( 'IP50h', FALSE, FALSE, 'Ad officiis cumque. Voluptates quaerat nulla facilis.', 'In aspernatur et aliquid neque assumenda. Dolor explicabo', 22, FALSE, FALSE );
INSERT INTO camera ( certificacaoIP, zoomLongoAlcance, visaoNoturna, conectividade, fonteAlimentacao, id, estabilizadorImagem, resistenteQueda )
	VALUES ( 'IP608U', TRUE, TRUE, 'Possimus eaque vero id explicabo i', 'Cumque dolores necessitatibus cumq', 70, FALSE, FALSE );
INSERT INTO camera ( certificacaoIP, zoomLongoAlcance, visaoNoturna, conectividade, fonteAlimentacao, id, estabilizadorImagem, resistenteQueda )
	VALUES ( 'IP997f', FALSE, FALSE, 'Vero rerum voluptatibus omnis. Explicabo aspe', 'Hic et consequuntur debitis iure magna', 90, FALSE, TRUE );
INSERT INTO camera ( certificacaoIP, zoomLongoAlcance, visaoNoturna, conectividade, fonteAlimentacao, id, estabilizadorImagem, resistenteQueda )
	VALUES ( 'IP762j', FALSE, TRUE, 'Dolore aspernatur tenetur accusantium persp', 'Animi eveniet suscipit facilis perferendis mollitia fa', 16, TRUE, TRUE );
INSERT INTO camera ( certificacaoIP, zoomLongoAlcance, visaoNoturna, conectividade, fonteAlimentacao, id, estabilizadorImagem, resistenteQueda )
	VALUES ( 'IP251t', FALSE, TRUE, 'Et quae quas animi modi modi. Molestiae quidem et', 'Quo porro officiis quo. Beatae consequatur laudantium pe', 35, FALSE, FALSE );
INSERT INTO camera ( certificacaoIP, zoomLongoAlcance, visaoNoturna, conectividade, fonteAlimentacao, id, estabilizadorImagem, resistenteQueda )
	VALUES ( 'IP143L', TRUE, FALSE, 'Suscipit tenetur voluptas perspicia', 'Voluptas neque consequatur vero illum i', 56, TRUE, TRUE );
INSERT INTO camera ( certificacaoIP, zoomLongoAlcance, visaoNoturna, conectividade, fonteAlimentacao, id, estabilizadorImagem, resistenteQueda )
	VALUES ( 'IP81', TRUE, FALSE, 'Porro saepe sunt excepturi vel qu', 'Suscipit quisquam incidunt suscipit nulla archite', 65, FALSE, FALSE );
INSERT INTO camera ( certificacaoIP, zoomLongoAlcance, visaoNoturna, conectividade, fonteAlimentacao, id, estabilizadorImagem, resistenteQueda )
	VALUES ( 'IP260', FALSE, TRUE, 'Harum numquam quos id veritatis. Dolo', 'Maxime qui placeat dolore maxime. Magnam sed modi si', 15, FALSE, FALSE );
INSERT INTO camera ( certificacaoIP, zoomLongoAlcance, visaoNoturna, conectividade, fonteAlimentacao, id, estabilizadorImagem, resistenteQueda )
	VALUES ( 'IP106', TRUE, TRUE, 'Ad omnis qui sed amet animi blanditiis. Optio fugit ', 'Numquam id in expedita temporibus. Hic aspernatur amet ne', 26, TRUE, FALSE );
INSERT INTO camera ( certificacaoIP, zoomLongoAlcance, visaoNoturna, conectividade, fonteAlimentacao, id, estabilizadorImagem, resistenteQueda )
	VALUES ( 'IP864u', FALSE, FALSE, 'Libero doloribus eius corporis rerum. Eligendi recusandae ', 'Nostrum pariatur voluptatum iusto temporibus. Reiciendis ', 12, FALSE, FALSE );
INSERT INTO camera ( certificacaoIP, zoomLongoAlcance, visaoNoturna, conectividade, fonteAlimentacao, id, estabilizadorImagem, resistenteQueda )
	VALUES ( 'IP80v', TRUE, FALSE, 'Officiis dicta velit soluta neque recusandae. V', 'Facere dolorum repellat a doloremque corporis in. Necessita', 67, FALSE, TRUE );
INSERT INTO camera ( certificacaoIP, zoomLongoAlcance, visaoNoturna, conectividade, fonteAlimentacao, id, estabilizadorImagem, resistenteQueda )
	VALUES ( 'IP535', FALSE, TRUE, 'Nulla dolor voluptas temporibus. Ullam sit voluptates eos no', 'Ratione non reprehenderit unde. Eveniet quae delectus vel re', 87, TRUE, TRUE );
INSERT INTO camera ( certificacaoIP, zoomLongoAlcance, visaoNoturna, conectividade, fonteAlimentacao, id, estabilizadorImagem, resistenteQueda )
	VALUES ( 'IP299', FALSE, FALSE, 'Molestias et minus iusto inventore illo. V', 'Voluptas numquam maxime natus qu', 57, FALSE, TRUE );
INSERT INTO camera ( certificacaoIP, zoomLongoAlcance, visaoNoturna, conectividade, fonteAlimentacao, id, estabilizadorImagem, resistenteQueda )
	VALUES ( 'IP494C', FALSE, TRUE, 'Iure officiis esse ipsa. Qui sequi non iure de', 'Cumque sint occaecati explicabo incidunt consequuntur modi quibu', 20, TRUE, FALSE );
INSERT INTO camera ( certificacaoIP, zoomLongoAlcance, visaoNoturna, conectividade, fonteAlimentacao, id, estabilizadorImagem, resistenteQueda )
	VALUES ( 'IP80', FALSE, FALSE, 'Molestias culpa sed nisi. Corporis aspernatur unde ', 'Vero illo aut molestiae quis. Sed dicta consequuntur neque ', 37, TRUE, FALSE );
INSERT INTO camera ( certificacaoIP, zoomLongoAlcance, visaoNoturna, conectividade, fonteAlimentacao, id, estabilizadorImagem, resistenteQueda )
	VALUES ( 'IP62', FALSE, FALSE, 'Maiores eius cumque nemo reprehenderit qu', 'Nostrum magnam odio aliquid perfe', 17, TRUE, FALSE );
INSERT INTO camera ( certificacaoIP, zoomLongoAlcance, visaoNoturna, conectividade, fonteAlimentacao, id, estabilizadorImagem, resistenteQueda )
	VALUES ( 'IP675', TRUE, TRUE, 'Sapiente vero perspiciatis corporis. Molest', 'Voluptatibus nostrum ipsa pariatur. Aspernatur reiciendis ten', 29, FALSE, FALSE );
INSERT INTO camera ( certificacaoIP, zoomLongoAlcance, visaoNoturna, conectividade, fonteAlimentacao, id, estabilizadorImagem, resistenteQueda )
	VALUES ( 'IP74', FALSE, FALSE, 'Quos doloremque harum omnis excep', 'Perferendis quaerat laudantium. Veniam nihil quibusdam ', 76, FALSE, FALSE );
INSERT INTO camera ( certificacaoIP, zoomLongoAlcance, visaoNoturna, conectividade, fonteAlimentacao, id, estabilizadorImagem, resistenteQueda )
	VALUES ( 'IP459W', TRUE, TRUE, 'Autem voluptates at occaecati. Provident qui laudantium saep', 'Aliquid ad laboriosam voluptas ipsa. Magni expedita elig', 62, TRUE, FALSE );
INSERT INTO camera ( certificacaoIP, zoomLongoAlcance, visaoNoturna, conectividade, fonteAlimentacao, id, estabilizadorImagem, resistenteQueda )
	VALUES ( 'IP620Q', FALSE, FALSE, 'Dolores pariatur necessitatibus rem deleniti', 'Harum ipsam quis.Quibusdam sapiente inven', 25, FALSE, FALSE );
INSERT INTO camera ( certificacaoIP, zoomLongoAlcance, visaoNoturna, conectividade, fonteAlimentacao, id, estabilizadorImagem, resistenteQueda )
	VALUES ( 'IP39', TRUE, TRUE, 'Saepe quaerat quidem laudantium. Tempora animi suscipit opt', 'Laudantium dolorem illo facere nobis. Facilis quod quia vel ', 95, TRUE, FALSE );
INSERT INTO camera ( certificacaoIP, zoomLongoAlcance, visaoNoturna, conectividade, fonteAlimentacao, id, estabilizadorImagem, resistenteQueda )
	VALUES ( 'IP283', TRUE, TRUE, 'Debitis ipsa autem dolores dolorum repudiandae. Vitae max', 'Modi similique dolores. Quod suscipit ip', 40, FALSE, FALSE );
INSERT INTO camera ( certificacaoIP, zoomLongoAlcance, visaoNoturna, conectividade, fonteAlimentacao, id, estabilizadorImagem, resistenteQueda )
	VALUES ( 'IP04', TRUE, FALSE, 'Laudantium porro impedit nulla modi quis.', 'Totam magnam veniam officiis.Ea in laborum qu', 97, FALSE, TRUE );
INSERT INTO camera ( certificacaoIP, zoomLongoAlcance, visaoNoturna, conectividade, fonteAlimentacao, id, estabilizadorImagem, resistenteQueda )
	VALUES ( 'IP007m', TRUE, FALSE, 'Perferendis dolor voluptatem nulla eos saepe. Repe', 'Explicabo fuga quis eaque quidem non. Placeat nihil inc', 52, FALSE, TRUE );
INSERT INTO camera ( certificacaoIP, zoomLongoAlcance, visaoNoturna, conectividade, fonteAlimentacao, id, estabilizadorImagem, resistenteQueda )
	VALUES ( 'IP874V', FALSE, FALSE, 'Veniam sequi iusto eligendi corrupti quidem alias. ', 'Soluta quaerat quod sed dolorem corporis cum. Volup', 83, TRUE, TRUE );
INSERT INTO camera ( certificacaoIP, zoomLongoAlcance, visaoNoturna, conectividade, fonteAlimentacao, id, estabilizadorImagem, resistenteQueda )
	VALUES ( 'IP27H', TRUE, TRUE, 'Sint quos fuga. Laudantium quis delectus explicabo t', 'Iusto quia mollitia ipsam.Sunt et suscipit fugit. Totam ', 78, TRUE, FALSE );
INSERT INTO camera ( certificacaoIP, zoomLongoAlcance, visaoNoturna, conectividade, fonteAlimentacao, id, estabilizadorImagem, resistenteQueda )
	VALUES ( 'IP05', FALSE, TRUE, 'Omnis illo et optio voluptatum a', 'Tempora vel placeat occaecati corrupti ', 93, FALSE, TRUE );
INSERT INTO camera ( certificacaoIP, zoomLongoAlcance, visaoNoturna, conectividade, fonteAlimentacao, id, estabilizadorImagem, resistenteQueda )
	VALUES ( 'IP69', FALSE, TRUE, 'Eum saepe dolor mollitia. Temporibus temporibus inc', 'Sapiente veniam perspiciatis eos fugit. Laudantium a', 8, TRUE, TRUE );
INSERT INTO camera ( certificacaoIP, zoomLongoAlcance, visaoNoturna, conectividade, fonteAlimentacao, id, estabilizadorImagem, resistenteQueda )
	VALUES ( 'IP143J', TRUE, FALSE, 'Quisquam ducimus ex rerum. Expedita facilis aliqui', 'Commodi ullam vel distinctio ut sed repell', 47, TRUE, TRUE );
INSERT INTO camera ( certificacaoIP, zoomLongoAlcance, visaoNoturna, conectividade, fonteAlimentacao, id, estabilizadorImagem, resistenteQueda )
	VALUES ( 'IP989', TRUE, TRUE, 'Eveniet quae hic quidem accusantium. Reprehenderit quo itaque ', 'Pariatur ipsa eos expedita vitae', 61, TRUE, TRUE );
INSERT INTO camera ( certificacaoIP, zoomLongoAlcance, visaoNoturna, conectividade, fonteAlimentacao, id, estabilizadorImagem, resistenteQueda )
	VALUES ( 'IP802', TRUE, FALSE, 'Eos excepturi repellat id. Nemo quisquam offic', 'Architecto dolor neque voluptatem. Nihil numquam ullam vel n', 58, TRUE, FALSE );
INSERT INTO camera ( certificacaoIP, zoomLongoAlcance, visaoNoturna, conectividade, fonteAlimentacao, id, estabilizadorImagem, resistenteQueda )
	VALUES ( 'IP34', TRUE, TRUE, 'Assumenda sunt assumenda quibusdam. Accusantium v', 'Ullam earum expedita aspernatur maiores hic id. Sunt', 99, FALSE, FALSE );
INSERT INTO camera ( certificacaoIP, zoomLongoAlcance, visaoNoturna, conectividade, fonteAlimentacao, id, estabilizadorImagem, resistenteQueda )
	VALUES ( 'IP11', TRUE, FALSE, 'Rem ab quia dolores nulla quibusdam. Magni consectetur exercitat', 'Adipisci minima quasi voluptatum aper', 36, FALSE, FALSE );
INSERT INTO camera ( certificacaoIP, zoomLongoAlcance, visaoNoturna, conectividade, fonteAlimentacao, id, estabilizadorImagem, resistenteQueda )
	VALUES ( 'IP74', TRUE, TRUE, 'Officia dignissimos accusantium odit e', 'Rem deserunt impedit nostrum. Assumenda ea voluptates eligendi. ', 7, FALSE, FALSE );
INSERT INTO camera ( certificacaoIP, zoomLongoAlcance, visaoNoturna, conectividade, fonteAlimentacao, id, estabilizadorImagem, resistenteQueda )
	VALUES ( 'IP587', TRUE, FALSE, 'Deleniti harum natus officiis de', 'Laudantium laudantium voluptate quas. Minu', 94, FALSE, TRUE );
INSERT INTO camera ( certificacaoIP, zoomLongoAlcance, visaoNoturna, conectividade, fonteAlimentacao, id, estabilizadorImagem, resistenteQueda )
	VALUES ( 'IP39j', FALSE, FALSE, 'Fugiat quis veniam saepe. Delectus consectetur ', 'Doloribus necessitatibus dignissimos atque', 73, TRUE, TRUE );
INSERT INTO camera ( certificacaoIP, zoomLongoAlcance, visaoNoturna, conectividade, fonteAlimentacao, id, estabilizadorImagem, resistenteQueda )
	VALUES ( 'IP05', TRUE, FALSE, 'Iste qui nisi esse ipsa molestias. Laudantium rerum id tenetur. ', 'Error doloremque cupiditate vel earum nesciunt accusa', 89, TRUE, TRUE );
INSERT INTO camera ( certificacaoIP, zoomLongoAlcance, visaoNoturna, conectividade, fonteAlimentacao, id, estabilizadorImagem, resistenteQueda )
	VALUES ( 'IP140', FALSE, FALSE, 'Tenetur iste libero quidem explicabo quas comm', 'Inventore deleniti temporibus eaque fugit ', 49, FALSE, FALSE );
INSERT INTO camera ( certificacaoIP, zoomLongoAlcance, visaoNoturna, conectividade, fonteAlimentacao, id, estabilizadorImagem, resistenteQueda )
	VALUES ( 'IP392M', TRUE, FALSE, 'Cumque pariatur cum numquam cupiditate repellendus.', 'Vitae odit totam fugiat voluptas doloremque eligend', 41, FALSE, TRUE );
INSERT INTO camera ( certificacaoIP, zoomLongoAlcance, visaoNoturna, conectividade, fonteAlimentacao, id, estabilizadorImagem, resistenteQueda )
	VALUES ( 'IP458', TRUE, FALSE, 'Commodi quisquam eaque nobis iste omnis qui a', 'Vero labore molestias aliquid quis. Saepe dicta q', 69, FALSE, TRUE );
INSERT INTO camera ( certificacaoIP, zoomLongoAlcance, visaoNoturna, conectividade, fonteAlimentacao, id, estabilizadorImagem, resistenteQueda )
	VALUES ( 'IP39', TRUE, TRUE, 'Repellendus neque assumenda sed inve', 'Perspiciatis enim omnis itaque sunt s', 33, TRUE, TRUE );
INSERT INTO camera ( certificacaoIP, zoomLongoAlcance, visaoNoturna, conectividade, fonteAlimentacao, id, estabilizadorImagem, resistenteQueda )
	VALUES ( 'IP194', TRUE, TRUE, 'Non iste quibusdam praesentium vero numquam aut. Eligendi t', 'Repudiandae autem eos recusandae. Placeat mo', 98, TRUE, FALSE );
INSERT INTO camera ( certificacaoIP, zoomLongoAlcance, visaoNoturna, conectividade, fonteAlimentacao, id, estabilizadorImagem, resistenteQueda )
	VALUES ( 'IP398', TRUE, FALSE, 'Dolore nemo alias. Aliquam facere eaque', 'Illo saepe asperiores ab ullam nam. Commodi deserunt ', 53, TRUE, TRUE );
INSERT INTO camera ( certificacaoIP, zoomLongoAlcance, visaoNoturna, conectividade, fonteAlimentacao, id, estabilizadorImagem, resistenteQueda )
	VALUES ( 'IP97', FALSE, TRUE, 'Quas eum praesentium quis fugit v', 'Delectus reiciendis sed libero animi q', 77, FALSE, TRUE );
INSERT INTO camera ( certificacaoIP, zoomLongoAlcance, visaoNoturna, conectividade, fonteAlimentacao, id, estabilizadorImagem, resistenteQueda )
	VALUES ( 'IP367r', TRUE, FALSE, 'Nesciunt commodi sapiente sed.Aliquam dolore o', 'Nemo omnis libero facilis adipisci arc', 6, FALSE, FALSE );
INSERT INTO camera ( certificacaoIP, zoomLongoAlcance, visaoNoturna, conectividade, fonteAlimentacao, id, estabilizadorImagem, resistenteQueda )
	VALUES ( 'IP57F', FALSE, FALSE, 'Suscipit asperiores vitae incidunt tenetur consequuntur. N', 'Dolor explicabo dicta molestiae nobis voluptas illum iure. Lab', 43, TRUE, FALSE );
INSERT INTO camera ( certificacaoIP, zoomLongoAlcance, visaoNoturna, conectividade, fonteAlimentacao, id, estabilizadorImagem, resistenteQueda )
	VALUES ( 'IP74H', TRUE, FALSE, 'Quidem similique asperiores dolorum necessit', 'Consequatur rerum velit distinctio ', 11, FALSE, TRUE );
INSERT INTO camera ( certificacaoIP, zoomLongoAlcance, visaoNoturna, conectividade, fonteAlimentacao, id, estabilizadorImagem, resistenteQueda )
	VALUES ( 'IP869', FALSE, FALSE, 'Eius numquam quam architecto assumenda. Quam asperiores magni s', 'Eligendi nesciunt a adipisci eius sint porro. Voluptatibus', 74, FALSE, TRUE );
INSERT INTO camera ( certificacaoIP, zoomLongoAlcance, visaoNoturna, conectividade, fonteAlimentacao, id, estabilizadorImagem, resistenteQueda )
	VALUES ( 'IP08', TRUE, TRUE, 'Ex eaque labore non tempore unde. Debitis est nemo exce', 'Magni quo quos iste soluta cumque eaque. Soluta', 81, FALSE, TRUE );
INSERT INTO camera ( certificacaoIP, zoomLongoAlcance, visaoNoturna, conectividade, fonteAlimentacao, id, estabilizadorImagem, resistenteQueda )
	VALUES ( 'IP451r', TRUE, TRUE, 'Natus nisi nisi velit facere magnam.Quod quasi similique ', 'Quod quidem occaecati culpa sint voluptatem consequat', 18, FALSE, FALSE );
INSERT INTO camera ( certificacaoIP, zoomLongoAlcance, visaoNoturna, conectividade, fonteAlimentacao, id, estabilizadorImagem, resistenteQueda )
	VALUES ( 'IP383V', FALSE, FALSE, 'Dolorem nesciunt laborum. Neque ', 'Ipsa deserunt nesciunt. Culpa delectus iure a quaerat.Cons', 21, TRUE, TRUE );
INSERT INTO camera ( certificacaoIP, zoomLongoAlcance, visaoNoturna, conectividade, fonteAlimentacao, id, estabilizadorImagem, resistenteQueda )
	VALUES ( 'IP20', TRUE, FALSE, 'Modi repellat doloribus tenetur. Quae enim in nisi molliti', 'Est doloremque consequuntur quas. Provident en', 79, TRUE, FALSE );
INSERT INTO camera ( certificacaoIP, zoomLongoAlcance, visaoNoturna, conectividade, fonteAlimentacao, id, estabilizadorImagem, resistenteQueda )
	VALUES ( 'IP468', FALSE, TRUE, 'Quisquam ab minima esse a porro fugit. Fugit officiis earum ', 'Illo inventore aliquid velit pariatur eius quisquam deserunt. ', 2, TRUE, FALSE );
INSERT INTO camera ( certificacaoIP, zoomLongoAlcance, visaoNoturna, conectividade, fonteAlimentacao, id, estabilizadorImagem, resistenteQueda )
	VALUES ( 'IP286', TRUE, FALSE, 'Nostrum provident omnis earum blanditii', 'Hic rerum totam placeat. Aliquam mollitia vero', 1, FALSE, TRUE );
INSERT INTO camera ( certificacaoIP, zoomLongoAlcance, visaoNoturna, conectividade, fonteAlimentacao, id, estabilizadorImagem, resistenteQueda )
	VALUES ( 'IP314', FALSE, TRUE, 'Possimus architecto eaque consequuntur fug', 'Accusamus exercitationem velit dolores c', 24, FALSE, TRUE );
INSERT INTO camera ( certificacaoIP, zoomLongoAlcance, visaoNoturna, conectividade, fonteAlimentacao, id, estabilizadorImagem, resistenteQueda )
	VALUES ( 'IP98w', TRUE, FALSE, 'Ea animi dolorem rerum asperiores alias libero. Qu', 'Quos odio autem minus tenetur. Voluptatibus sit q', 48, FALSE, FALSE );
INSERT INTO camera ( certificacaoIP, zoomLongoAlcance, visaoNoturna, conectividade, fonteAlimentacao, id, estabilizadorImagem, resistenteQueda )
	VALUES ( 'IP996b', FALSE, TRUE, 'Exercitationem beatae quidem tenetur', 'Provident veritatis eum accusamus dolores ', 14, TRUE, TRUE );
INSERT INTO camera ( certificacaoIP, zoomLongoAlcance, visaoNoturna, conectividade, fonteAlimentacao, id, estabilizadorImagem, resistenteQueda )
	VALUES ( 'IP26', TRUE, FALSE, 'Eum corporis suscipit expedita. Assumenda', 'Tempora ducimus enim inventore.Commo', 9, TRUE, TRUE );
INSERT INTO camera ( certificacaoIP, zoomLongoAlcance, visaoNoturna, conectividade, fonteAlimentacao, id, estabilizadorImagem, resistenteQueda )
	VALUES ( 'IP958', FALSE, FALSE, 'Saepe vitae vitae rerum suscipit magnam c', 'Magnam maiores iste consequuntur ex facere. Deserunt corrupti op', 31, TRUE, FALSE );
INSERT INTO camera ( certificacaoIP, zoomLongoAlcance, visaoNoturna, conectividade, fonteAlimentacao, id, estabilizadorImagem, resistenteQueda )
	VALUES ( 'IP96', TRUE, TRUE, 'Nemo nesciunt nisi temporibus. Perferendis rem', 'Aspernatur maxime necessitatibus tempore quibusdam ratione. Q', 42, FALSE, TRUE );
INSERT INTO camera ( certificacaoIP, zoomLongoAlcance, visaoNoturna, conectividade, fonteAlimentacao, id, estabilizadorImagem, resistenteQueda )
	VALUES ( 'IP36', FALSE, TRUE, 'Assumenda porro dolore rerum et saepe', 'Fugiat veritatis enim nemo itaque laboriosam. Fuga maiores repu', 84, TRUE, TRUE );
INSERT INTO camera ( certificacaoIP, zoomLongoAlcance, visaoNoturna, conectividade, fonteAlimentacao, id, estabilizadorImagem, resistenteQueda )
	VALUES ( 'IP03', FALSE, TRUE, 'Quia magnam corrupti eius ratione s', 'Quam nobis eveniet nemo illo id. Eum provident odio et earum. ', 44, TRUE, FALSE );
INSERT INTO camera ( certificacaoIP, zoomLongoAlcance, visaoNoturna, conectividade, fonteAlimentacao, id, estabilizadorImagem, resistenteQueda )
	VALUES ( 'IP96P', FALSE, TRUE, 'Perferendis fugiat voluptatibus om', 'Harum iure iure quidem delectus praesen', 86, FALSE, TRUE );
INSERT INTO camera ( certificacaoIP, zoomLongoAlcance, visaoNoturna, conectividade, fonteAlimentacao, id, estabilizadorImagem, resistenteQueda )
	VALUES ( 'IP39', TRUE, FALSE, 'Minus in voluptate voluptatem quam velit. Officia officiis', 'Tempora necessitatibus expedita laborum cumque. Tempore nu', 10, TRUE, TRUE );
INSERT INTO camera ( certificacaoIP, zoomLongoAlcance, visaoNoturna, conectividade, fonteAlimentacao, id, estabilizadorImagem, resistenteQueda )
	VALUES ( 'IP18x', FALSE, TRUE, 'Porro et neque hic. Similique fuga quae quibusdam sunt.', 'Aut id non. Architecto sit maiores reprehenderit culpa.Optio l', 64, FALSE, FALSE );
INSERT INTO camera ( certificacaoIP, zoomLongoAlcance, visaoNoturna, conectividade, fonteAlimentacao, id, estabilizadorImagem, resistenteQueda )
	VALUES ( 'IP069a', TRUE, FALSE, 'Impedit omnis architecto officia quas', 'Nisi beatae expedita eius repellat. Mollitia iur', 34, TRUE, TRUE );
INSERT INTO camera ( certificacaoIP, zoomLongoAlcance, visaoNoturna, conectividade, fonteAlimentacao, id, estabilizadorImagem, resistenteQueda )
	VALUES ( 'IP813x', FALSE, TRUE, 'Et et sit asperiores ullam dolorum', 'Pariatur inventore rem architecto. Molestias', 68, TRUE, FALSE );
INSERT INTO camera ( certificacaoIP, zoomLongoAlcance, visaoNoturna, conectividade, fonteAlimentacao, id, estabilizadorImagem, resistenteQueda )
	VALUES ( 'IP52', FALSE, TRUE, 'Perspiciatis animi quibusdam. Aspern', 'Facere atque expedita nam fugit magni ', 50, TRUE, FALSE );
INSERT INTO camera ( certificacaoIP, zoomLongoAlcance, visaoNoturna, conectividade, fonteAlimentacao, id, estabilizadorImagem, resistenteQueda )
	VALUES ( 'IP171', TRUE, TRUE, 'Voluptatum tempore dolor necessitatibus. Explicabo eius ipsa', 'Reprehenderit beatae sed ut vel. Dolor a', 91, FALSE, TRUE );
INSERT INTO camera ( certificacaoIP, zoomLongoAlcance, visaoNoturna, conectividade, fonteAlimentacao, id, estabilizadorImagem, resistenteQueda )
	VALUES ( 'IP396X', FALSE, FALSE, 'Fuga cum aliquam. Quisquam nostrum perspic', 'Tempore inventore maiores ipsum. Expedita porro ', 46, TRUE, TRUE );
INSERT INTO camera ( certificacaoIP, zoomLongoAlcance, visaoNoturna, conectividade, fonteAlimentacao, id, estabilizadorImagem, resistenteQueda )
	VALUES ( 'IP32', TRUE, TRUE, 'Veniam at molestiae facere veritatis nih', 'Error a soluta recusandae. Sed a', 30, TRUE, TRUE );
INSERT INTO camera ( certificacaoIP, zoomLongoAlcance, visaoNoturna, conectividade, fonteAlimentacao, id, estabilizadorImagem, resistenteQueda )
	VALUES ( 'IP604', TRUE, TRUE, 'Architecto tenetur qui quisquam neque odio. Iu', 'Incidunt velit earum ratione. Et nesciunt rem iste impedit.Ut', 39, FALSE, FALSE );
INSERT INTO camera ( certificacaoIP, zoomLongoAlcance, visaoNoturna, conectividade, fonteAlimentacao, id, estabilizadorImagem, resistenteQueda )
	VALUES ( 'IP391y', TRUE, FALSE, 'Fuga omnis hic quisquam. Porro acc', 'Alias deserunt nostrum aspernatur. Aliquid aliquid f', 27, FALSE, TRUE );
INSERT INTO camera ( certificacaoIP, zoomLongoAlcance, visaoNoturna, conectividade, fonteAlimentacao, id, estabilizadorImagem, resistenteQueda )
	VALUES ( 'IP24c', TRUE, TRUE, 'Debitis perferendis totam dicta. Sapiente aut', 'Sit deserunt voluptas aperiam distinctio nostrum', 5, FALSE, TRUE );
INSERT INTO camera ( certificacaoIP, zoomLongoAlcance, visaoNoturna, conectividade, fonteAlimentacao, id, estabilizadorImagem, resistenteQueda )
	VALUES ( 'IP093', TRUE, TRUE, 'Aut cupiditate ipsam possimus impedit. Animi lab', 'Commodi officia dignissimos. Itaque sapiente possimus', 88, FALSE, FALSE );
INSERT INTO camera ( certificacaoIP, zoomLongoAlcance, visaoNoturna, conectividade, fonteAlimentacao, id, estabilizadorImagem, resistenteQueda )
	VALUES ( 'IP759', TRUE, FALSE, 'Assumenda asperiores sapiente atque dolorem magnam facere. Quisq', 'Nobis maxime aspernatur eveniet. Ad quibusdam aut i', 92, TRUE, TRUE );
INSERT INTO camera ( certificacaoIP, zoomLongoAlcance, visaoNoturna, conectividade, fonteAlimentacao, id, estabilizadorImagem, resistenteQueda )
	VALUES ( 'IP57S', TRUE, TRUE, 'Magni accusantium veniam expedita rerum assumenda', 'Dolores fugiat non quos labore ratione blanditiis. Li', 51, TRUE, FALSE );
INSERT INTO camera ( certificacaoIP, zoomLongoAlcance, visaoNoturna, conectividade, fonteAlimentacao, id, estabilizadorImagem, resistenteQueda )
	VALUES ( 'IP058B', FALSE, FALSE, 'Nesciunt aut voluptate natus accusamu', 'Officia voluptate dolore ipsam molestiae sed minima. Corr', 23, FALSE, FALSE );
INSERT INTO camera ( certificacaoIP, zoomLongoAlcance, visaoNoturna, conectividade, fonteAlimentacao, id, estabilizadorImagem, resistenteQueda )
	VALUES ( 'IP189', FALSE, FALSE, 'Ea rem tempora. In asperiores aperiam aut.Sequi es', 'Adipisci quaerat quaerat id rem quos consequuntur. Atque ex', 3, TRUE, TRUE );
INSERT INTO camera ( certificacaoIP, zoomLongoAlcance, visaoNoturna, conectividade, fonteAlimentacao, id, estabilizadorImagem, resistenteQueda )
	VALUES ( 'IP402', FALSE, TRUE, 'Aperiam atque mollitia minima nobis a tempo', 'Vero et corporis necessitatibus earum quam ab. Occaecati e', 54, TRUE, FALSE );
INSERT INTO camera ( certificacaoIP, zoomLongoAlcance, visaoNoturna, conectividade, fonteAlimentacao, id, estabilizadorImagem, resistenteQueda )
	VALUES ( 'IP751v', TRUE, TRUE, 'Doloribus quidem similique. Occaecat', 'Dolores eaque hic quidem repellat eos. Recusandae minus', 13, TRUE, FALSE );
INSERT INTO camera ( certificacaoIP, zoomLongoAlcance, visaoNoturna, conectividade, fonteAlimentacao, id, estabilizadorImagem, resistenteQueda )
	VALUES ( 'IP710', TRUE, FALSE, 'Dolor optio voluptatem quibusdam culpa possimus. I', 'Illum nulla explicabo dicta. Est illo e', 72, FALSE, FALSE );
INSERT INTO camera ( certificacaoIP, zoomLongoAlcance, visaoNoturna, conectividade, fonteAlimentacao, id, estabilizadorImagem, resistenteQueda )
	VALUES ( 'IP24', TRUE, FALSE, 'Dolorum nesciunt laudantium enim libero ex. Ratione ', 'Quidem officiis voluptate cupiditate itaque do', 4, TRUE, FALSE );
INSERT INTO camera ( certificacaoIP, zoomLongoAlcance, visaoNoturna, conectividade, fonteAlimentacao, id, estabilizadorImagem, resistenteQueda )
	VALUES ( 'IP54H', FALSE, TRUE, 'Fugit fugit recusandae impedit doloremq', 'Architecto nobis optio error moles', 80, TRUE, TRUE );
INSERT INTO camera ( certificacaoIP, zoomLongoAlcance, visaoNoturna, conectividade, fonteAlimentacao, id, estabilizadorImagem, resistenteQueda )
	VALUES ( 'IP96R', TRUE, TRUE, 'Expedita dignissimos omnis magnam expedita ad corporis. Magni al', 'Accusantium officiis delectus beatae e', 71, TRUE, FALSE );
INSERT INTO camera ( certificacaoIP, zoomLongoAlcance, visaoNoturna, conectividade, fonteAlimentacao, id, estabilizadorImagem, resistenteQueda )
	VALUES ( 'IP63', TRUE, TRUE, 'Optio sint officia recusandae vero iure.', 'Ad ipsa sed repudiandae quas. Nulla iusto modi de', 59, FALSE, TRUE );
INSERT INTO camera ( certificacaoIP, zoomLongoAlcance, visaoNoturna, conectividade, fonteAlimentacao, id, estabilizadorImagem, resistenteQueda )
	VALUES ( 'IP326', TRUE, TRUE, 'Illo hic error dolorem quis. At autem maxime tempo', 'Molestias aliquam ipsa autem facere numquam. Laborum corr', 96, TRUE, TRUE );

/* TABLE registros */
INSERT INTO registros ( registro, idDrone )
	VALUES ( 'Magnam ip', 23 );
INSERT INTO registros ( registro, idDrone )
	VALUES ( 'Provident', 76 );
INSERT INTO registros ( registro, idDrone )
	VALUES ( 'Officia t', 35 );
INSERT INTO registros ( registro, idDrone )
	VALUES ( 'Pariatur ', 11 );
INSERT INTO registros ( registro, idDrone )
	VALUES ( 'Ipsum mol', 26 );
INSERT INTO registros ( registro, idDrone )
	VALUES ( 'Aliquid p', 60 );
INSERT INTO registros ( registro, idDrone )
	VALUES ( 'Quae repe', 83 );
INSERT INTO registros ( registro, idDrone )
	VALUES ( 'Illo dolo', 54 );
INSERT INTO registros ( registro, idDrone )
	VALUES ( 'Ex aliqua', 8 );
INSERT INTO registros ( registro, idDrone )
	VALUES ( 'Autem pra', 4 );
INSERT INTO registros ( registro, idDrone )
	VALUES ( 'Delectus ', 62 );
INSERT INTO registros ( registro, idDrone )
	VALUES ( 'Fuga nemo', 98 );
INSERT INTO registros ( registro, idDrone )
	VALUES ( 'Recusanda', 29 );
INSERT INTO registros ( registro, idDrone )
	VALUES ( 'Est iusto', 24 );
INSERT INTO registros ( registro, idDrone )
	VALUES ( 'Optio com', 68 );
INSERT INTO registros ( registro, idDrone )
	VALUES ( 'Fugiat od', 63 );
INSERT INTO registros ( registro, idDrone )
	VALUES ( 'Sunt culp', 10 );
INSERT INTO registros ( registro, idDrone )
	VALUES ( 'Magni vol', 51 );
INSERT INTO registros ( registro, idDrone )
	VALUES ( 'Beatae ex', 3 );
INSERT INTO registros ( registro, idDrone )
	VALUES ( 'Error sin', 47 );
INSERT INTO registros ( registro, idDrone )
	VALUES ( 'Et ration', 55 );
INSERT INTO registros ( registro, idDrone )
	VALUES ( 'Dolores i', 36 );
INSERT INTO registros ( registro, idDrone )
	VALUES ( 'Eaque con', 92 );
INSERT INTO registros ( registro, idDrone )
	VALUES ( 'Harum bla', 61 );
INSERT INTO registros ( registro, idDrone )
	VALUES ( 'Commodi d', 80 );
INSERT INTO registros ( registro, idDrone )
	VALUES ( 'Nihil ven', 13 );
INSERT INTO registros ( registro, idDrone )
	VALUES ( 'Vitae nec', 95 );
INSERT INTO registros ( registro, idDrone )
	VALUES ( 'Eaque cum', 36 );
INSERT INTO registros ( registro, idDrone )
	VALUES ( 'In quisqu', 73 );
INSERT INTO registros ( registro, idDrone )
	VALUES ( 'Magnam ha', 41 );
INSERT INTO registros ( registro, idDrone )
	VALUES ( 'Facere ac', 76 );
INSERT INTO registros ( registro, idDrone )
	VALUES ( 'Magni ear', 49 );
INSERT INTO registros ( registro, idDrone )
	VALUES ( 'Harum dol', 26 );
INSERT INTO registros ( registro, idDrone )
	VALUES ( 'Vitae in ', 5 );
INSERT INTO registros ( registro, idDrone )
	VALUES ( 'Ad quis q', 93 );
INSERT INTO registros ( registro, idDrone )
	VALUES ( 'Accusanti', 46 );
INSERT INTO registros ( registro, idDrone )
	VALUES ( 'Architect', 2 );
INSERT INTO registros ( registro, idDrone )
	VALUES ( 'Eveniet a', 42 );
INSERT INTO registros ( registro, idDrone )
	VALUES ( 'Hic volup', 12 );
INSERT INTO registros ( registro, idDrone )
	VALUES ( 'Qui persp', 79 );
INSERT INTO registros ( registro, idDrone )
	VALUES ( 'Iusto vel', 33 );
INSERT INTO registros ( registro, idDrone )
	VALUES ( 'Voluptate', 59 );
INSERT INTO registros ( registro, idDrone )
	VALUES ( 'Nihil ist', 76 );
INSERT INTO registros ( registro, idDrone )
	VALUES ( 'Fuga aper', 1 );
INSERT INTO registros ( registro, idDrone )
	VALUES ( 'Velit pra', 11 );
INSERT INTO registros ( registro, idDrone )
	VALUES ( 'Nemo nobi', 83 );
INSERT INTO registros ( registro, idDrone )
	VALUES ( 'Accusamus', 8 );
INSERT INTO registros ( registro, idDrone )
	VALUES ( 'Corporis ', 58 );
INSERT INTO registros ( registro, idDrone )
	VALUES ( 'Quas sapi', 95 );
INSERT INTO registros ( registro, idDrone )
	VALUES ( 'Optio rem', 38 );
INSERT INTO registros ( registro, idDrone )
	VALUES ( 'Modi dict', 89 );
INSERT INTO registros ( registro, idDrone )
	VALUES ( 'Repudiand', 40 );
INSERT INTO registros ( registro, idDrone )
	VALUES ( 'Corrupti ', 33 );
INSERT INTO registros ( registro, idDrone )
	VALUES ( 'Veritatis', 82 );
INSERT INTO registros ( registro, idDrone )
	VALUES ( 'Ab ipsam ', 2 );
INSERT INTO registros ( registro, idDrone )
	VALUES ( 'Velit eaq', 84 );
INSERT INTO registros ( registro, idDrone )
	VALUES ( 'At autem ', 100 );
INSERT INTO registros ( registro, idDrone )
	VALUES ( 'Perspicia', 27 );
INSERT INTO registros ( registro, idDrone )
	VALUES ( 'Fuga temp', 21 );
INSERT INTO registros ( registro, idDrone )
	VALUES ( 'Labore fu', 27 );
INSERT INTO registros ( registro, idDrone )
	VALUES ( 'Maiores a', 61 );
INSERT INTO registros ( registro, idDrone )
	VALUES ( 'Magni sin', 77 );
INSERT INTO registros ( registro, idDrone )
	VALUES ( 'Ducimus m', 62 );
INSERT INTO registros ( registro, idDrone )
	VALUES ( 'Illum lab', 71 );
INSERT INTO registros ( registro, idDrone )
	VALUES ( 'Labore au', 23 );
INSERT INTO registros ( registro, idDrone )
	VALUES ( 'Placeat a', 57 );
INSERT INTO registros ( registro, idDrone )
	VALUES ( 'Necessita', 82 );
INSERT INTO registros ( registro, idDrone )
	VALUES ( 'Sequi atq', 91 );
INSERT INTO registros ( registro, idDrone )
	VALUES ( 'Mollitia ', 6 );
INSERT INTO registros ( registro, idDrone )
	VALUES ( 'Commodi u', 49 );
INSERT INTO registros ( registro, idDrone )
	VALUES ( 'Commodi m', 91 );
INSERT INTO registros ( registro, idDrone )
	VALUES ( 'Est debit', 50 );
INSERT INTO registros ( registro, idDrone )
	VALUES ( 'Quasi off', 51 );
INSERT INTO registros ( registro, idDrone )
	VALUES ( 'Laudantiu', 3 );
INSERT INTO registros ( registro, idDrone )
	VALUES ( 'Maxime qu', 55 );
INSERT INTO registros ( registro, idDrone )
	VALUES ( 'Odio vita', 73 );
INSERT INTO registros ( registro, idDrone )
	VALUES ( 'Nemo dign', 54 );
INSERT INTO registros ( registro, idDrone )
	VALUES ( 'Velit ame', 58 );
INSERT INTO registros ( registro, idDrone )
	VALUES ( 'Expedita ', 63 );
INSERT INTO registros ( registro, idDrone )
	VALUES ( 'Ex ration', 95 );
INSERT INTO registros ( registro, idDrone )
	VALUES ( 'Maiores m', 19 );
INSERT INTO registros ( registro, idDrone )
	VALUES ( 'Eveniet v', 45 );
INSERT INTO registros ( registro, idDrone )
	VALUES ( 'Cum conse', 64 );
INSERT INTO registros ( registro, idDrone )
	VALUES ( 'Magni ex ', 67 );
INSERT INTO registros ( registro, idDrone )
	VALUES ( 'Adipisci ', 32 );
INSERT INTO registros ( registro, idDrone )
	VALUES ( 'Sequi fac', 11 );
INSERT INTO registros ( registro, idDrone )
	VALUES ( 'Odit solu', 64 );
INSERT INTO registros ( registro, idDrone )
	VALUES ( 'Excepturi', 31 );
INSERT INTO registros ( registro, idDrone )
	VALUES ( 'Ipsum pos', 31 );
INSERT INTO registros ( registro, idDrone )
	VALUES ( 'Repellend', 38 );
INSERT INTO registros ( registro, idDrone )
	VALUES ( 'Eos neque', 23 );
INSERT INTO registros ( registro, idDrone )
	VALUES ( 'Praesenti', 37 );
INSERT INTO registros ( registro, idDrone )
	VALUES ( 'Nihil del', 75 );
INSERT INTO registros ( registro, idDrone )
	VALUES ( 'Unde illo', 44 );
INSERT INTO registros ( registro, idDrone )
	VALUES ( 'Eligendi ', 85 );
INSERT INTO registros ( registro, idDrone )
	VALUES ( 'Nam enim ', 9 );
INSERT INTO registros ( registro, idDrone )
	VALUES ( 'Dolore mo', 93 );
INSERT INTO registros ( registro, idDrone )
	VALUES ( 'Autem mag', 7 );
INSERT INTO registros ( registro, idDrone )
	VALUES ( 'Doloremqu', 67 );
INSERT INTO registros ( registro, idDrone )
	VALUES ( 'Maiores l', 36 );

/* TABLE cameraAerea */
INSERT INTO cameraAerea ( quantidade, drone, camera, data )
	VALUES ( 435226, 55, 11, to_date ('2003-10-23', 'YYYY-MM-DD') );
INSERT INTO cameraAerea ( quantidade, drone, camera, data )
	VALUES ( 293584, 97, 77, to_date ('2002-10-16', 'YYYY-MM-DD') );
INSERT INTO cameraAerea ( quantidade, drone, camera, data )
	VALUES ( 683091, 75, 69, to_date ('2009-10-30', 'YYYY-MM-DD') );
INSERT INTO cameraAerea ( quantidade, drone, camera, data )
	VALUES ( 721540, 18, 23, to_date ('2011-02-28', 'YYYY-MM-DD') );
INSERT INTO cameraAerea ( quantidade, drone, camera, data )
	VALUES ( 694480, 7, 91, to_date ('2000-02-22', 'YYYY-MM-DD') );
INSERT INTO cameraAerea ( quantidade, drone, camera, data )
	VALUES ( 883697, 37, 76, to_date ('2016-10-26', 'YYYY-MM-DD') );
INSERT INTO cameraAerea ( quantidade, drone, camera, data )
	VALUES ( 857382, 13, 73, to_date ('2016-05-23', 'YYYY-MM-DD') );
INSERT INTO cameraAerea ( quantidade, drone, camera, data )
	VALUES ( 538434, 69, 36, to_date ('2004-04-06', 'YYYY-MM-DD') );
INSERT INTO cameraAerea ( quantidade, drone, camera, data )
	VALUES ( 162176, 65, 89, to_date ('2006-03-03', 'YYYY-MM-DD') );
INSERT INTO cameraAerea ( quantidade, drone, camera, data )
	VALUES ( 725402, 75, 67, to_date ('2005-07-28', 'YYYY-MM-DD') );
INSERT INTO cameraAerea ( quantidade, drone, camera, data )
	VALUES ( 316767, 94, 98, to_date ('2002-03-20', 'YYYY-MM-DD') );
INSERT INTO cameraAerea ( quantidade, drone, camera, data )
	VALUES ( 127079, 14, 34, to_date ('2015-04-22', 'YYYY-MM-DD') );
INSERT INTO cameraAerea ( quantidade, drone, camera, data )
	VALUES ( 645080, 96, 6, to_date ('2011-05-08', 'YYYY-MM-DD') );
INSERT INTO cameraAerea ( quantidade, drone, camera, data )
	VALUES ( 464594, 22, 99, to_date ('2002-07-05', 'YYYY-MM-DD') );
INSERT INTO cameraAerea ( quantidade, drone, camera, data )
	VALUES ( 619123, 87, 48, to_date ('2002-02-04', 'YYYY-MM-DD') );
INSERT INTO cameraAerea ( quantidade, drone, camera, data )
	VALUES ( 626448, 77, 28, to_date ('2014-09-14', 'YYYY-MM-DD') );
INSERT INTO cameraAerea ( quantidade, drone, camera, data )
	VALUES ( 259721, 30, 75, to_date ('2015-03-03', 'YYYY-MM-DD') );
INSERT INTO cameraAerea ( quantidade, drone, camera, data )
	VALUES ( 875434, 87, 14, to_date ('2013-01-03', 'YYYY-MM-DD') );
INSERT INTO cameraAerea ( quantidade, drone, camera, data )
	VALUES ( 774842, 71, 15, to_date ('2009-09-26', 'YYYY-MM-DD') );
INSERT INTO cameraAerea ( quantidade, drone, camera, data )
	VALUES ( 450580, 8, 10, to_date ('2011-06-17', 'YYYY-MM-DD') );
INSERT INTO cameraAerea ( quantidade, drone, camera, data )
	VALUES ( 615514, 52, 43, to_date ('2017-10-22', 'YYYY-MM-DD') );
INSERT INTO cameraAerea ( quantidade, drone, camera, data )
	VALUES ( 252420, 65, 61, to_date ('2000-06-15', 'YYYY-MM-DD') );
INSERT INTO cameraAerea ( quantidade, drone, camera, data )
	VALUES ( 366436, 39, 100, to_date ('2004-04-13', 'YYYY-MM-DD') );
INSERT INTO cameraAerea ( quantidade, drone, camera, data )
	VALUES ( 869371, 39, 65, to_date ('2018-06-24', 'YYYY-MM-DD') );
INSERT INTO cameraAerea ( quantidade, drone, camera, data )
	VALUES ( 644881, 18, 77, to_date ('2008-11-11', 'YYYY-MM-DD') );
INSERT INTO cameraAerea ( quantidade, drone, camera, data )
	VALUES ( 793544, 31, 63, to_date ('2013-03-12', 'YYYY-MM-DD') );
INSERT INTO cameraAerea ( quantidade, drone, camera, data )
	VALUES ( 350600, 66, 59, to_date ('2000-02-23', 'YYYY-MM-DD') );
INSERT INTO cameraAerea ( quantidade, drone, camera, data )
	VALUES ( 677874, 42, 88, to_date ('2005-07-04', 'YYYY-MM-DD') );
INSERT INTO cameraAerea ( quantidade, drone, camera, data )
	VALUES ( 235504, 87, 22, to_date ('2018-05-12', 'YYYY-MM-DD') );
INSERT INTO cameraAerea ( quantidade, drone, camera, data )
	VALUES ( 617648, 29, 33, to_date ('2011-01-19', 'YYYY-MM-DD') );
INSERT INTO cameraAerea ( quantidade, drone, camera, data )
	VALUES ( 694312, 95, 97, to_date ('2001-05-23', 'YYYY-MM-DD') );
INSERT INTO cameraAerea ( quantidade, drone, camera, data )
	VALUES ( 222602, 24, 47, to_date ('2009-09-27', 'YYYY-MM-DD') );
INSERT INTO cameraAerea ( quantidade, drone, camera, data )
	VALUES ( 400746, 81, 29, to_date ('2015-07-14', 'YYYY-MM-DD') );
INSERT INTO cameraAerea ( quantidade, drone, camera, data )
	VALUES ( 172800, 3, 17, to_date ('2004-08-08', 'YYYY-MM-DD') );
INSERT INTO cameraAerea ( quantidade, drone, camera, data )
	VALUES ( 665164, 50, 61, to_date ('2000-07-04', 'YYYY-MM-DD') );
INSERT INTO cameraAerea ( quantidade, drone, camera, data )
	VALUES ( 672721, 33, 46, to_date ('2004-05-24', 'YYYY-MM-DD') );
INSERT INTO cameraAerea ( quantidade, drone, camera, data )
	VALUES ( 406149, 13, 31, to_date ('2010-01-22', 'YYYY-MM-DD') );
INSERT INTO cameraAerea ( quantidade, drone, camera, data )
	VALUES ( 795250, 56, 71, to_date ('2003-06-15', 'YYYY-MM-DD') );
INSERT INTO cameraAerea ( quantidade, drone, camera, data )
	VALUES ( 267774, 20, 92, to_date ('2007-05-16', 'YYYY-MM-DD') );
INSERT INTO cameraAerea ( quantidade, drone, camera, data )
	VALUES ( 496611, 50, 60, to_date ('2003-02-22', 'YYYY-MM-DD') );
INSERT INTO cameraAerea ( quantidade, drone, camera, data )
	VALUES ( 327895, 81, 61, to_date ('2006-11-01', 'YYYY-MM-DD') );
INSERT INTO cameraAerea ( quantidade, drone, camera, data )
	VALUES ( 244879, 56, 93, to_date ('2003-08-21', 'YYYY-MM-DD') );
INSERT INTO cameraAerea ( quantidade, drone, camera, data )
	VALUES ( 857396, 6, 95, to_date ('2010-06-27', 'YYYY-MM-DD') );
INSERT INTO cameraAerea ( quantidade, drone, camera, data )
	VALUES ( 483976, 51, 76, to_date ('2009-03-12', 'YYYY-MM-DD') );
INSERT INTO cameraAerea ( quantidade, drone, camera, data )
	VALUES ( 511841, 70, 2, to_date ('2010-05-14', 'YYYY-MM-DD') );
INSERT INTO cameraAerea ( quantidade, drone, camera, data )
	VALUES ( 843842, 100, 38, to_date ('2014-09-28', 'YYYY-MM-DD') );
INSERT INTO cameraAerea ( quantidade, drone, camera, data )
	VALUES ( 247716, 38, 69, to_date ('2008-06-30', 'YYYY-MM-DD') );
INSERT INTO cameraAerea ( quantidade, drone, camera, data )
	VALUES ( 749853, 79, 88, to_date ('2005-08-19', 'YYYY-MM-DD') );
INSERT INTO cameraAerea ( quantidade, drone, camera, data )
	VALUES ( 774536, 75, 85, to_date ('2014-02-06', 'YYYY-MM-DD') );
INSERT INTO cameraAerea ( quantidade, drone, camera, data )
	VALUES ( 692005, 59, 46, to_date ('2001-07-29', 'YYYY-MM-DD') );
INSERT INTO cameraAerea ( quantidade, drone, camera, data )
	VALUES ( 439868, 5, 89, to_date ('2016-10-26', 'YYYY-MM-DD') );
INSERT INTO cameraAerea ( quantidade, drone, camera, data )
	VALUES ( 390552, 7, 51, to_date ('2007-08-21', 'YYYY-MM-DD') );
INSERT INTO cameraAerea ( quantidade, drone, camera, data )
	VALUES ( 742343, 71, 94, to_date ('2007-02-23', 'YYYY-MM-DD') );
INSERT INTO cameraAerea ( quantidade, drone, camera, data )
	VALUES ( 657812, 98, 71, to_date ('2017-08-18', 'YYYY-MM-DD') );
INSERT INTO cameraAerea ( quantidade, drone, camera, data )
	VALUES ( 126478, 66, 72, to_date ('2002-02-29', 'YYYY-MM-DD') );
INSERT INTO cameraAerea ( quantidade, drone, camera, data )
	VALUES ( 331816, 24, 51, to_date ('2005-09-03', 'YYYY-MM-DD') );
INSERT INTO cameraAerea ( quantidade, drone, camera, data )
	VALUES ( 388589, 73, 78, to_date ('2015-03-11', 'YYYY-MM-DD') );
INSERT INTO cameraAerea ( quantidade, drone, camera, data )
	VALUES ( 230083, 34, 89, to_date ('2016-02-24', 'YYYY-MM-DD') );
INSERT INTO cameraAerea ( quantidade, drone, camera, data )
	VALUES ( 528426, 8, 18, to_date ('2008-03-07', 'YYYY-MM-DD') );
INSERT INTO cameraAerea ( quantidade, drone, camera, data )
	VALUES ( 597760, 96, 36, to_date ('2008-01-12', 'YYYY-MM-DD') );
INSERT INTO cameraAerea ( quantidade, drone, camera, data )
	VALUES ( 602274, 75, 27, to_date ('2006-08-14', 'YYYY-MM-DD') );
INSERT INTO cameraAerea ( quantidade, drone, camera, data )
	VALUES ( 188614, 58, 16, to_date ('2017-05-29', 'YYYY-MM-DD') );
INSERT INTO cameraAerea ( quantidade, drone, camera, data )
	VALUES ( 831760, 91, 94, to_date ('2006-09-25', 'YYYY-MM-DD') );
INSERT INTO cameraAerea ( quantidade, drone, camera, data )
	VALUES ( 266186, 82, 40, to_date ('2008-09-04', 'YYYY-MM-DD') );
INSERT INTO cameraAerea ( quantidade, drone, camera, data )
	VALUES ( 449025, 70, 47, to_date ('2016-01-18', 'YYYY-MM-DD') );
INSERT INTO cameraAerea ( quantidade, drone, camera, data )
	VALUES ( 617941, 11, 1, to_date ('2011-11-09', 'YYYY-MM-DD') );
INSERT INTO cameraAerea ( quantidade, drone, camera, data )
	VALUES ( 708044, 70, 8, to_date ('2002-06-06', 'YYYY-MM-DD') );
INSERT INTO cameraAerea ( quantidade, drone, camera, data )
	VALUES ( 406926, 99, 63, to_date ('2002-11-02', 'YYYY-MM-DD') );
INSERT INTO cameraAerea ( quantidade, drone, camera, data )
	VALUES ( 375136, 14, 53, to_date ('2010-08-16', 'YYYY-MM-DD') );
INSERT INTO cameraAerea ( quantidade, drone, camera, data )
	VALUES ( 498215, 16, 35, to_date ('2005-11-07', 'YYYY-MM-DD') );
INSERT INTO cameraAerea ( quantidade, drone, camera, data )
	VALUES ( 823407, 28, 97, to_date ('2000-11-15', 'YYYY-MM-DD') );
INSERT INTO cameraAerea ( quantidade, drone, camera, data )
	VALUES ( 473899, 20, 64, to_date ('2005-11-14', 'YYYY-MM-DD') );
INSERT INTO cameraAerea ( quantidade, drone, camera, data )
	VALUES ( 107301, 39, 21, to_date ('2006-04-03', 'YYYY-MM-DD') );
INSERT INTO cameraAerea ( quantidade, drone, camera, data )
	VALUES ( 727871, 93, 16, to_date ('2014-09-24', 'YYYY-MM-DD') );
INSERT INTO cameraAerea ( quantidade, drone, camera, data )
	VALUES ( 702063, 20, 3, to_date ('2003-02-08', 'YYYY-MM-DD') );
INSERT INTO cameraAerea ( quantidade, drone, camera, data )
	VALUES ( 277588, 33, 40, to_date ('2017-07-16', 'YYYY-MM-DD') );
INSERT INTO cameraAerea ( quantidade, drone, camera, data )
	VALUES ( 678985, 66, 99, to_date ('2016-03-26', 'YYYY-MM-DD') );
INSERT INTO cameraAerea ( quantidade, drone, camera, data )
	VALUES ( 302921, 62, 60, to_date ('2003-05-15', 'YYYY-MM-DD') );
INSERT INTO cameraAerea ( quantidade, drone, camera, data )
	VALUES ( 882138, 39, 59, to_date ('2016-09-12', 'YYYY-MM-DD') );
INSERT INTO cameraAerea ( quantidade, drone, camera, data )
	VALUES ( 231106, 45, 66, to_date ('2012-05-05', 'YYYY-MM-DD') );
INSERT INTO cameraAerea ( quantidade, drone, camera, data )
	VALUES ( 347148, 4, 30, to_date ('2006-11-06', 'YYYY-MM-DD') );
INSERT INTO cameraAerea ( quantidade, drone, camera, data )
	VALUES ( 495865, 10, 35, to_date ('2009-09-05', 'YYYY-MM-DD') );
INSERT INTO cameraAerea ( quantidade, drone, camera, data )
	VALUES ( 744426, 79, 30, to_date ('2008-03-10', 'YYYY-MM-DD') );
INSERT INTO cameraAerea ( quantidade, drone, camera, data )
	VALUES ( 780554, 95, 72, to_date ('2009-06-26', 'YYYY-MM-DD') );
INSERT INTO cameraAerea ( quantidade, drone, camera, data )
	VALUES ( 785467, 44, 86, to_date ('2008-06-26', 'YYYY-MM-DD') );
INSERT INTO cameraAerea ( quantidade, drone, camera, data )
	VALUES ( 536128, 55, 11, to_date ('2018-05-03', 'YYYY-MM-DD') );
INSERT INTO cameraAerea ( quantidade, drone, camera, data )
	VALUES ( 247614, 43, 82, to_date ('2001-03-15', 'YYYY-MM-DD') );
INSERT INTO cameraAerea ( quantidade, drone, camera, data )
	VALUES ( 636969, 54, 12, to_date ('2006-09-13', 'YYYY-MM-DD') );
INSERT INTO cameraAerea ( quantidade, drone, camera, data )
	VALUES ( 302300, 42, 80, to_date ('2016-02-08', 'YYYY-MM-DD') );
INSERT INTO cameraAerea ( quantidade, drone, camera, data )
	VALUES ( 581713, 67, 89, to_date ('2006-11-03', 'YYYY-MM-DD') );
INSERT INTO cameraAerea ( quantidade, drone, camera, data )
	VALUES ( 851405, 8, 34, to_date ('2004-03-03', 'YYYY-MM-DD') );
INSERT INTO cameraAerea ( quantidade, drone, camera, data )
	VALUES ( 844950, 71, 60, to_date ('2003-08-18', 'YYYY-MM-DD') );
INSERT INTO cameraAerea ( quantidade, drone, camera, data )
	VALUES ( 512711, 42, 40, to_date ('2007-07-17', 'YYYY-MM-DD') );
INSERT INTO cameraAerea ( quantidade, drone, camera, data )
	VALUES ( 467712, 75, 31, to_date ('2011-01-25', 'YYYY-MM-DD') );
INSERT INTO cameraAerea ( quantidade, drone, camera, data )
	VALUES ( 873868, 28, 81, to_date ('2008-10-08', 'YYYY-MM-DD') );
INSERT INTO cameraAerea ( quantidade, drone, camera, data )
	VALUES ( 494328, 3, 68, to_date ('2007-02-28', 'YYYY-MM-DD') );
INSERT INTO cameraAerea ( quantidade, drone, camera, data )
	VALUES ( 656345, 94, 30, to_date ('2012-01-10', 'YYYY-MM-DD') );
INSERT INTO cameraAerea ( quantidade, drone, camera, data )
	VALUES ( 170664, 86, 36, to_date ('2016-04-19', 'YYYY-MM-DD') );
INSERT INTO cameraAerea ( quantidade, drone, camera, data )
	VALUES ( 329593, 1, 40, to_date ('2003-03-09', 'YYYY-MM-DD') );
INSERT INTO cameraAerea ( quantidade, drone, camera, data )
	VALUES ( 598480, 93, 89, to_date ('2007-05-05', 'YYYY-MM-DD') );

/* TABLE musico */
INSERT INTO musico ( nome, cpf )
	VALUES ( 'Ana Laura Pires', '112.512.507-97' );
INSERT INTO musico ( nome, cpf )
	VALUES ( 'Vitor Hugo Gomes', '368.154.318-06' );
INSERT INTO musico ( nome, cpf )
	VALUES ( 'Brenda Silveira', '477.067.407-75' );
INSERT INTO musico ( nome, cpf )
	VALUES ( 'Breno Castro', '552.428.487-44' );
INSERT INTO musico ( nome, cpf )
	VALUES ( 'Bárbara da Conceição', '734.948.330-23' );
INSERT INTO musico ( nome, cpf )
	VALUES ( 'Vitor Gabriel Azevedo', '568.818.850-14' );
INSERT INTO musico ( nome, cpf )
	VALUES ( 'Ian Cavalcanti', '804.262.363-95' );
INSERT INTO musico ( nome, cpf )
	VALUES ( 'Stella Jesus', '328.900.920-86' );
INSERT INTO musico ( nome, cpf )
	VALUES ( 'Ana Vitória Alves', '908.352.860-74' );
INSERT INTO musico ( nome, cpf )
	VALUES ( 'Ana Moreira', '629.082.577-82' );
INSERT INTO musico ( nome, cpf )
	VALUES ( 'Maria Alice Pires', '597.726.815-80' );
INSERT INTO musico ( nome, cpf )
	VALUES ( 'Isabel Rodrigues', '772.085.571-66' );
INSERT INTO musico ( nome, cpf )
	VALUES ( 'Vinicius Rocha', '700.649.179-57' );
INSERT INTO musico ( nome, cpf )
	VALUES ( 'Emanuel Campos', '814.067.474-84' );
INSERT INTO musico ( nome, cpf )
	VALUES ( 'Davi Luiz da Rosa', '825.559.120-33' );
INSERT INTO musico ( nome, cpf )
	VALUES ( 'Diego Pires', '929.729.522-55' );
INSERT INTO musico ( nome, cpf )
	VALUES ( 'Bruno Moura', '703.941.834-68' );
INSERT INTO musico ( nome, cpf )
	VALUES ( 'Ryan Araújo', '972.364.372-92' );
INSERT INTO musico ( nome, cpf )
	VALUES ( 'Vinicius Correia', '003.631.322-36' );
INSERT INTO musico ( nome, cpf )
	VALUES ( 'Pedro Miguel Costa', '994.052.987-22' );
INSERT INTO musico ( nome, cpf )
	VALUES ( 'João Lucas Dias', '212.997.420-98' );
INSERT INTO musico ( nome, cpf )
	VALUES ( 'Kevin Sales', '761.091.258-85' );
INSERT INTO musico ( nome, cpf )
	VALUES ( 'Kevin Pires', '991.198.353-15' );
INSERT INTO musico ( nome, cpf )
	VALUES ( 'Bianca da Cunha', '457.669.181-67' );
INSERT INTO musico ( nome, cpf )
	VALUES ( 'Gustavo Silveira', '508.870.186-63' );
INSERT INTO musico ( nome, cpf )
	VALUES ( 'Dra. Milena da Mata', '992.828.190-69' );
INSERT INTO musico ( nome, cpf )
	VALUES ( 'Vitória Silveira', '099.175.737-81' );
INSERT INTO musico ( nome, cpf )
	VALUES ( 'Dra. Marina Nunes', '917.560.040-83' );
INSERT INTO musico ( nome, cpf )
	VALUES ( 'Gabriela Alves', '586.230.151-81' );
INSERT INTO musico ( nome, cpf )
	VALUES ( 'Maria Sophia Lopes', '033.712.762-97' );
INSERT INTO musico ( nome, cpf )
	VALUES ( 'Juliana Barbosa', '349.780.189-16' );
INSERT INTO musico ( nome, cpf )
	VALUES ( 'Vinicius Gomes', '562.927.996-44' );
INSERT INTO musico ( nome, cpf )
	VALUES ( 'Srta. Julia Pires', '732.034.725-33' );
INSERT INTO musico ( nome, cpf )
	VALUES ( 'Otávio Jesus', '518.646.984-99' );
INSERT INTO musico ( nome, cpf )
	VALUES ( 'Isaac Souza', '343.007.932-03' );
INSERT INTO musico ( nome, cpf )
	VALUES ( 'Sra. Brenda Jesus', '637.325.381-45' );
INSERT INTO musico ( nome, cpf )
	VALUES ( 'Matheus Jesus', '295.594.072-05' );
INSERT INTO musico ( nome, cpf )
	VALUES ( 'Ana Laura Pires', '406.871.289-72' );
INSERT INTO musico ( nome, cpf )
	VALUES ( 'Isabella Ramos', '644.172.605-97' );
INSERT INTO musico ( nome, cpf )
	VALUES ( 'Emanuella Santos', '249.219.380-87' );
INSERT INTO musico ( nome, cpf )
	VALUES ( 'João Lucas Cardoso', '627.525.418-12' );
INSERT INTO musico ( nome, cpf )
	VALUES ( 'Otávio da Cunha', '631.234.958-92' );
INSERT INTO musico ( nome, cpf )
	VALUES ( 'Dra. Stella Cardoso,', '198.628.091-68' );
INSERT INTO musico ( nome, cpf )
	VALUES ( 'Sr. Cauã Araújo', '705.760.137-21' );
INSERT INTO musico ( nome, cpf )
	VALUES ( 'Fernanda Oliveira', '013.898.487-72' );
INSERT INTO musico ( nome, cpf )
	VALUES ( 'Cecília da Costa', '053.266.754-38' );
INSERT INTO musico ( nome, cpf )
	VALUES ( 'Camila Moura', '111.076.171-04' );
INSERT INTO musico ( nome, cpf )
	VALUES ( 'Cecília Caldeira', '055.066.514-81' );
INSERT INTO musico ( nome, cpf )
	VALUES ( 'Sra. Alana da Mota', '061.392.321-85' );
INSERT INTO musico ( nome, cpf )
	VALUES ( 'Ana Lívia Vieira', '207.105.844-58' );
INSERT INTO musico ( nome, cpf )
	VALUES ( 'Gabriela Nascimento', '264.208.069-92' );
INSERT INTO musico ( nome, cpf )
	VALUES ( 'Sarah Peixoto', '526.500.196-10' );
INSERT INTO musico ( nome, cpf )
	VALUES ( 'Ryan da Rocha', '536.196.570-68' );
INSERT INTO musico ( nome, cpf )
	VALUES ( 'Catarina Castro', '649.143.733-68' );
INSERT INTO musico ( nome, cpf )
	VALUES ( 'Vicente Barros', '565.236.221-42' );
INSERT INTO musico ( nome, cpf )
	VALUES ( 'Rafaela Correia', '983.820.754-61' );
INSERT INTO musico ( nome, cpf )
	VALUES ( 'Yuri Moreira', '070.814.032-12' );
INSERT INTO musico ( nome, cpf )
	VALUES ( 'Sr. Samuel Moura', '622.202.812-53' );
INSERT INTO musico ( nome, cpf )
	VALUES ( 'Dr. Davi Lucca Araújo', '165.507.240-01' );
INSERT INTO musico ( nome, cpf )
	VALUES ( 'Sofia Cardoso,', '950.117.200-64' );
INSERT INTO musico ( nome, cpf )
	VALUES ( 'Gustavo Ferreira', '505.487.223-92' );
INSERT INTO musico ( nome, cpf )
	VALUES ( 'Dra. Alice Caldeira', '137.036.815-79' );
INSERT INTO musico ( nome, cpf )
	VALUES ( 'Kevin Lima', '666.958.597-68' );
INSERT INTO musico ( nome, cpf )
	VALUES ( 'Dr. Leandro da Mota', '934.852.595-53' );
INSERT INTO musico ( nome, cpf )
	VALUES ( 'Theo Costela', '341.305.776-47' );
INSERT INTO musico ( nome, cpf )
	VALUES ( 'Lara Alves', '526.837.819-49' );
INSERT INTO musico ( nome, cpf )
	VALUES ( 'Enrico Campos', '129.888.442-44' );
INSERT INTO musico ( nome, cpf )
	VALUES ( 'Julia Cardoso', '495.144.910-71' );
INSERT INTO musico ( nome, cpf )
	VALUES ( 'Ana Beatriz da Costa', '721.624.204-31' );
INSERT INTO musico ( nome, cpf )
	VALUES ( 'Kamilly Ferreira', '580.639.765-31' );
INSERT INTO musico ( nome, cpf )
	VALUES ( 'Dr. Vitor Hugo da Costa', '572.948.090-33' );
INSERT INTO musico ( nome, cpf )
	VALUES ( 'Dra. Mariane Correia', '514.522.524-60' );
INSERT INTO musico ( nome, cpf )
	VALUES ( 'Arthur Costela', '037.983.619-14' );
INSERT INTO musico ( nome, cpf )
	VALUES ( 'Olivia Gomes', '922.792.919-32' );
INSERT INTO musico ( nome, cpf )
	VALUES ( 'Daniela Gonçalves', '309.588.174-33' );
INSERT INTO musico ( nome, cpf )
	VALUES ( 'Maria Eduarda Rezende', '397.006.147-57' );
INSERT INTO musico ( nome, cpf )
	VALUES ( 'Sr. João Felipe Cardoso,', '677.672.234-26' );
INSERT INTO musico ( nome, cpf )
	VALUES ( 'Sr. João Lucas da Mata', '846.548.296-37' );
INSERT INTO musico ( nome, cpf )
	VALUES ( 'Diego Alves', '870.389.766-48' );
INSERT INTO musico ( nome, cpf )
	VALUES ( 'Dr. Pedro Lucas Melo', '411.537.292-44' );
INSERT INTO musico ( nome, cpf )
	VALUES ( 'Igor Fogaça', '880.200.223-69' );
INSERT INTO musico ( nome, cpf )
	VALUES ( 'Maria Sophia Costa', '192.334.302-56' );
INSERT INTO musico ( nome, cpf )
	VALUES ( 'João Gonçalves', '388.076.847-12' );
INSERT INTO musico ( nome, cpf )
	VALUES ( 'Cauã Vieira', '576.337.211-55' );
INSERT INTO musico ( nome, cpf )
	VALUES ( 'Felipe Barros', '346.004.508-30' );
INSERT INTO musico ( nome, cpf )
	VALUES ( 'Dra. Lívia Moraes', '991.887.814-13' );
INSERT INTO musico ( nome, cpf )
	VALUES ( 'Bruna Moraes', '523.223.219-65' );
INSERT INTO musico ( nome, cpf )
	VALUES ( 'Felipe Jesus', '492.369.863-02' );
INSERT INTO musico ( nome, cpf )
	VALUES ( 'Srta. Ana Vitória Viana', '679.896.043-43' );
INSERT INTO musico ( nome, cpf )
	VALUES ( 'Paulo Costela', '254.170.804-02' );
INSERT INTO musico ( nome, cpf )
	VALUES ( 'Cecília Pires', '201.915.082-34' );
INSERT INTO musico ( nome, cpf )
	VALUES ( 'Sr. Kaique da Paz', '406.007.295-92' );
INSERT INTO musico ( nome, cpf )
	VALUES ( 'Sra. Catarina Rezende', '714.645.787-75' );
INSERT INTO musico ( nome, cpf )
	VALUES ( 'Dra. Sabrina Almeida', '073.544.329-52' );
INSERT INTO musico ( nome, cpf )
	VALUES ( 'Gabrielly Mendes', '651.396.682-85' );
INSERT INTO musico ( nome, cpf )
	VALUES ( 'Dr. Nathan Barros', '305.488.794-31' );
INSERT INTO musico ( nome, cpf )
	VALUES ( 'Leonardo Teixeira', '838.901.324-03' );
INSERT INTO musico ( nome, cpf )
	VALUES ( 'Ana Lívia Pereira', '109.130.773-93' );
INSERT INTO musico ( nome, cpf )
	VALUES ( 'Natália Nunes', '332.538.454-25' );
INSERT INTO musico ( nome, cpf )
	VALUES ( 'Luiza da Paz', '002.060.421-30' );

/* TABLE banda */
INSERT INTO banda ( dataCriacao, tipo, nome, estiloMusical )
	VALUES ( to_date ('2008-11-20', 'YYYY-MM-DD'), 'PARTICULAR', 'Marina Peixoto', 'Cupiditate ad odio asperiores quae consectetur ' );
INSERT INTO banda ( dataCriacao, tipo, nome, estiloMusical )
	VALUES ( to_date ('2012-01-08', 'YYYY-MM-DD'), 'CONTRATADA', 'João Lucas Costela', 'Accusantium quos laborum iste. Laboriosam vitae ' );
INSERT INTO banda ( dataCriacao, tipo, nome, estiloMusical )
	VALUES ( to_date ('2006-11-16', 'YYYY-MM-DD'), 'CONTRATADA', 'Luiz Otávio das Neves', 'Quia harum autem. Incidunt iure v' );
INSERT INTO banda ( dataCriacao, tipo, nome, estiloMusical )
	VALUES ( to_date ('2005-03-28', 'YYYY-MM-DD'), 'CONTRATADA', 'Ana Clara Viana', 'Earum saepe recusandae architecto ' );
INSERT INTO banda ( dataCriacao, tipo, nome, estiloMusical )
	VALUES ( to_date ('2005-10-18', 'YYYY-MM-DD'), 'CONTRATADA', 'Sra. Sarah Ramos', 'Iure dolor iure dolore aperiam cupiditate. Iure fugi' );
INSERT INTO banda ( dataCriacao, tipo, nome, estiloMusical )
	VALUES ( to_date ('2010-10-29', 'YYYY-MM-DD'), 'CONTRATADA', 'Isaac Sales', 'Similique tempore sequi sit modi facere eum' );
INSERT INTO banda ( dataCriacao, tipo, nome, estiloMusical )
	VALUES ( to_date ('2009-07-27', 'YYYY-MM-DD'), 'CONTRATADA', 'Sr. Miguel Nunes', 'Sed doloremque vero in voluptatu' );
INSERT INTO banda ( dataCriacao, tipo, nome, estiloMusical )
	VALUES ( to_date ('2017-02-14', 'YYYY-MM-DD'), 'PARTICULAR', 'Lorenzo Gomes', 'Aperiam alias nihil ipsa rerum. Laboriosam illum impedit.Nul' );
INSERT INTO banda ( dataCriacao, tipo, nome, estiloMusical )
	VALUES ( to_date ('2000-06-21', 'YYYY-MM-DD'), 'CONTRATADA', 'Helena Correia', 'Harum officiis consequatur quo. Quos al' );
INSERT INTO banda ( dataCriacao, tipo, nome, estiloMusical )
	VALUES ( to_date ('2004-08-20', 'YYYY-MM-DD'), 'CONTRATADA', 'Milena Rodrigues', 'Enim facilis pariatur aut. Accusantium nisi voluptatem' );
INSERT INTO banda ( dataCriacao, tipo, nome, estiloMusical )
	VALUES ( to_date ('2017-08-04', 'YYYY-MM-DD'), 'PARTICULAR', 'Davi Lucca Azevedo', 'Reiciendis tenetur vel error omnis illo. Voluptatibus des' );
INSERT INTO banda ( dataCriacao, tipo, nome, estiloMusical )
	VALUES ( to_date ('2007-09-16', 'YYYY-MM-DD'), 'PARTICULAR', 'Emanuelly Cardoso', 'Quisquam possimus iure quod. Vitae ' );
INSERT INTO banda ( dataCriacao, tipo, nome, estiloMusical )
	VALUES ( to_date ('2011-01-01', 'YYYY-MM-DD'), 'CONTRATADA', 'Pietra Peixoto', 'Incidunt doloribus nisi velit quam. Nihil minus repellendus iust' );
INSERT INTO banda ( dataCriacao, tipo, nome, estiloMusical )
	VALUES ( to_date ('2011-11-18', 'YYYY-MM-DD'), 'CONTRATADA', 'João Lucas Cardoso,', 'Maxime nam incidunt. Delectus minima possimus cor' );
INSERT INTO banda ( dataCriacao, tipo, nome, estiloMusical )
	VALUES ( to_date ('2000-06-23', 'YYYY-MM-DD'), 'CONTRATADA', 'Marcela da Conceição', 'Eveniet enim pariatur. Dolor suscipit qui repella' );
INSERT INTO banda ( dataCriacao, tipo, nome, estiloMusical )
	VALUES ( to_date ('2015-08-14', 'YYYY-MM-DD'), 'PARTICULAR', 'Milena Correia', 'Culpa voluptas optio dicta. Iusto ul' );
INSERT INTO banda ( dataCriacao, tipo, nome, estiloMusical )
	VALUES ( to_date ('2016-08-17', 'YYYY-MM-DD'), 'PARTICULAR', 'Sr. João Guilherme Dias', 'Voluptate ad corrupti similique dolore voluptas quaera' );
INSERT INTO banda ( dataCriacao, tipo, nome, estiloMusical )
	VALUES ( to_date ('2008-03-12', 'YYYY-MM-DD'), 'CONTRATADA', 'Srta. Carolina Dias', 'Aperiam hic reiciendis nesciunt laborum deleniti ipsu' );
INSERT INTO banda ( dataCriacao, tipo, nome, estiloMusical )
	VALUES ( to_date ('2013-11-20', 'YYYY-MM-DD'), 'CONTRATADA', 'Luiz Gustavo FariasFernandes', 'Aut numquam pariatur id est alias voluptatem.Ad maxime' );
INSERT INTO banda ( dataCriacao, tipo, nome, estiloMusical )
	VALUES ( to_date ('2006-01-03', 'YYYY-MM-DD'), 'PARTICULAR', 'Sophia Cavalcanti', 'Assumenda rem facilis unde eveniet.Quasi velit delen' );
INSERT INTO banda ( dataCriacao, tipo, nome, estiloMusical )
	VALUES ( to_date ('2015-10-02', 'YYYY-MM-DD'), 'PARTICULAR', 'Dr. Erick Almeida', 'Veritatis error tempore nulla voluptatem. Ex iusto quide' );
INSERT INTO banda ( dataCriacao, tipo, nome, estiloMusical )
	VALUES ( to_date ('2008-08-02', 'YYYY-MM-DD'), 'CONTRATADA', 'Emanuelly Gomes', 'Ipsum adipisci rerum natus assumenda' );
INSERT INTO banda ( dataCriacao, tipo, nome, estiloMusical )
	VALUES ( to_date ('2011-01-04', 'YYYY-MM-DD'), 'CONTRATADA', 'Dra. Gabriela da Conceição', 'Magnam laborum totam labore ipsum. ' );
INSERT INTO banda ( dataCriacao, tipo, nome, estiloMusical )
	VALUES ( to_date ('2000-01-26', 'YYYY-MM-DD'), 'PARTICULAR', 'Daniel Gonçalves', 'Expedita error sed optio. Esse ratio' );
INSERT INTO banda ( dataCriacao, tipo, nome, estiloMusical )
	VALUES ( to_date ('2017-03-08', 'YYYY-MM-DD'), 'PARTICULAR', 'Sr. João Miguel Carvalho', 'Nihil ex dicta debitis veritatis illo. Molesti' );
INSERT INTO banda ( dataCriacao, tipo, nome, estiloMusical )
	VALUES ( to_date ('2009-06-23', 'YYYY-MM-DD'), 'PARTICULAR', 'Dr. Benjamin Rocha', 'Recusandae ex nesciunt culpa minima. Incidunt suscipit qui.' );
INSERT INTO banda ( dataCriacao, tipo, nome, estiloMusical )
	VALUES ( to_date ('2005-06-07', 'YYYY-MM-DD'), 'PARTICULAR', 'Gabriela Jesus', 'Officia velit animi repudiandae ' );
INSERT INTO banda ( dataCriacao, tipo, nome, estiloMusical )
	VALUES ( to_date ('2012-10-09', 'YYYY-MM-DD'), 'PARTICULAR', 'Sr. Isaac Rodrigues', 'Aliquid cumque quod consectetur illo. Numqu' );
INSERT INTO banda ( dataCriacao, tipo, nome, estiloMusical )
	VALUES ( to_date ('2008-07-26', 'YYYY-MM-DD'), 'CONTRATADA', 'Thales Novaes', 'Occaecati ipsa amet consequatur. Optio sequi consequunt' );
INSERT INTO banda ( dataCriacao, tipo, nome, estiloMusical )
	VALUES ( to_date ('2001-09-28', 'YYYY-MM-DD'), 'PARTICULAR', 'Sra. Isabella Cunha', 'Fuga quas ab ut repudiandae delectus asper' );
INSERT INTO banda ( dataCriacao, tipo, nome, estiloMusical )
	VALUES ( to_date ('2005-06-30', 'YYYY-MM-DD'), 'PARTICULAR', 'Srta. Ana das Neves', 'Natus veniam veritatis commodi repudiandae voluptate' );
INSERT INTO banda ( dataCriacao, tipo, nome, estiloMusical )
	VALUES ( to_date ('2011-07-17', 'YYYY-MM-DD'), 'CONTRATADA', 'Davi Luiz Campos', 'Aliquid ex velit esse optio. Quis solut' );
INSERT INTO banda ( dataCriacao, tipo, nome, estiloMusical )
	VALUES ( to_date ('2007-11-10', 'YYYY-MM-DD'), 'PARTICULAR', 'Marina da Mata', 'Vero nulla deleniti eos commodi. Ex' );
INSERT INTO banda ( dataCriacao, tipo, nome, estiloMusical )
	VALUES ( to_date ('2012-06-25', 'YYYY-MM-DD'), 'PARTICULAR', 'Arthur Cavalcanti', 'Molestias eius aliquid nemo nostrum debitis adipisci. Fuga s' );
INSERT INTO banda ( dataCriacao, tipo, nome, estiloMusical )
	VALUES ( to_date ('2000-05-02', 'YYYY-MM-DD'), 'CONTRATADA', 'Mirella Nascimento', 'Dolores iure culpa officiis sapiente vi' );
INSERT INTO banda ( dataCriacao, tipo, nome, estiloMusical )
	VALUES ( to_date ('2004-09-28', 'YYYY-MM-DD'), 'CONTRATADA', 'Sabrina Ramos', 'Labore corrupti ad debitis aliquam.Quidem ' );
INSERT INTO banda ( dataCriacao, tipo, nome, estiloMusical )
	VALUES ( to_date ('2014-06-06', 'YYYY-MM-DD'), 'PARTICULAR', 'Sophia da Mota', 'Mollitia adipisci labore iusto. Mag' );
INSERT INTO banda ( dataCriacao, tipo, nome, estiloMusical )
	VALUES ( to_date ('2011-08-22', 'YYYY-MM-DD'), 'PARTICULAR', 'Sr. Bernardo Souza', 'Molestiae eum placeat numquam accusantium odit possimus omn' );
INSERT INTO banda ( dataCriacao, tipo, nome, estiloMusical )
	VALUES ( to_date ('2010-09-19', 'YYYY-MM-DD'), 'CONTRATADA', 'Sr. Lucas da Costa', 'Vitae minus odio pariatur iure nobis porro. Alias doloribus as' );
INSERT INTO banda ( dataCriacao, tipo, nome, estiloMusical )
	VALUES ( to_date ('2006-05-11', 'YYYY-MM-DD'), 'CONTRATADA', 'Breno Novaes', 'Occaecati dicta error eveniet asperiores placeat atqu' );
INSERT INTO banda ( dataCriacao, tipo, nome, estiloMusical )
	VALUES ( to_date ('2018-06-27', 'YYYY-MM-DD'), 'PARTICULAR', 'Maria Moura', 'Voluptate eius molestias culpa repellat cu' );
INSERT INTO banda ( dataCriacao, tipo, nome, estiloMusical )
	VALUES ( to_date ('2009-05-05', 'YYYY-MM-DD'), 'CONTRATADA', 'Sophia Moura', 'Illum ullam praesentium iusto necessit' );
INSERT INTO banda ( dataCriacao, tipo, nome, estiloMusical )
	VALUES ( to_date ('2011-11-11', 'YYYY-MM-DD'), 'PARTICULAR', 'Dr. Joaquim Peixoto', 'Repellat reiciendis dolor occaecati. Maior' );
INSERT INTO banda ( dataCriacao, tipo, nome, estiloMusical )
	VALUES ( to_date ('2017-11-17', 'YYYY-MM-DD'), 'CONTRATADA', 'Vitor Hugo Nascimento', 'Quisquam in quasi eligendi iste modi. Dignissimos m' );
INSERT INTO banda ( dataCriacao, tipo, nome, estiloMusical )
	VALUES ( to_date ('2015-06-29', 'YYYY-MM-DD'), 'PARTICULAR', 'Maria Sophia Rocha', 'Earum quidem molestiae laborum dolorum ape' );
INSERT INTO banda ( dataCriacao, tipo, nome, estiloMusical )
	VALUES ( to_date ('2016-02-16', 'YYYY-MM-DD'), 'CONTRATADA', 'Lorena Melo', 'Sint dignissimos enim in nihil quae enim quasi.' );
INSERT INTO banda ( dataCriacao, tipo, nome, estiloMusical )
	VALUES ( to_date ('2009-08-08', 'YYYY-MM-DD'), 'PARTICULAR', 'Isabel Silva', 'Nobis quaerat sequi dolore. Ex rerum magnam dignissim' );
INSERT INTO banda ( dataCriacao, tipo, nome, estiloMusical )
	VALUES ( to_date ('2015-04-28', 'YYYY-MM-DD'), 'CONTRATADA', 'Stephany Viana', 'Voluptatem a voluptatibus nisi sunt sapiente. Comm' );
INSERT INTO banda ( dataCriacao, tipo, nome, estiloMusical )
	VALUES ( to_date ('2006-08-02', 'YYYY-MM-DD'), 'PARTICULAR', 'Dr. Cauê Lopes', 'Provident asperiores quos cum. Inventore voluptate repreh' );
INSERT INTO banda ( dataCriacao, tipo, nome, estiloMusical )
	VALUES ( to_date ('2003-10-18', 'YYYY-MM-DD'), 'PARTICULAR', 'Rafaela Gonçalves', 'Unde soluta facere optio facilis sapiente seq' );
INSERT INTO banda ( dataCriacao, tipo, nome, estiloMusical )
	VALUES ( to_date ('2015-03-18', 'YYYY-MM-DD'), 'PARTICULAR', 'Carlos Eduardo Vieira', 'Ea laboriosam officiis occaecati velit. A' );
INSERT INTO banda ( dataCriacao, tipo, nome, estiloMusical )
	VALUES ( to_date ('2014-01-07', 'YYYY-MM-DD'), 'PARTICULAR', 'Alexia Gomes', 'Et excepturi velit. Molestiae nihil nulla fac' );
INSERT INTO banda ( dataCriacao, tipo, nome, estiloMusical )
	VALUES ( to_date ('2010-05-06', 'YYYY-MM-DD'), 'PARTICULAR', 'Francisco Rocha', 'Illum corrupti esse suscipit. Velit cup' );
INSERT INTO banda ( dataCriacao, tipo, nome, estiloMusical )
	VALUES ( to_date ('2008-10-23', 'YYYY-MM-DD'), 'CONTRATADA', 'Marina Alves', 'Natus nisi sint iste quis. Corpo' );
INSERT INTO banda ( dataCriacao, tipo, nome, estiloMusical )
	VALUES ( to_date ('2017-05-13', 'YYYY-MM-DD'), 'PARTICULAR', 'Vitor Lopes', 'Tempore vel nostrum fuga. Eaque explicabo beatae ' );
INSERT INTO banda ( dataCriacao, tipo, nome, estiloMusical )
	VALUES ( to_date ('2001-10-07', 'YYYY-MM-DD'), 'CONTRATADA', 'Samuel da Mota', 'Aspernatur hic aut tenetur doloribus praesentium' );
INSERT INTO banda ( dataCriacao, tipo, nome, estiloMusical )
	VALUES ( to_date ('2016-11-01', 'YYYY-MM-DD'), 'CONTRATADA', 'Benício Lima', 'Adipisci eaque quam hic provident ex. Doloremque libero ' );
INSERT INTO banda ( dataCriacao, tipo, nome, estiloMusical )
	VALUES ( to_date ('2011-06-19', 'YYYY-MM-DD'), 'CONTRATADA', 'Beatriz Teixeira', 'Iure tempora alias. Sequi assumenda vero impedit quaerat qui. ' );
INSERT INTO banda ( dataCriacao, tipo, nome, estiloMusical )
	VALUES ( to_date ('2011-11-16', 'YYYY-MM-DD'), 'PARTICULAR', 'Maria Eduarda das Neves', 'Accusamus culpa consequuntur odit. Quos de' );
INSERT INTO banda ( dataCriacao, tipo, nome, estiloMusical )
	VALUES ( to_date ('2017-01-09', 'YYYY-MM-DD'), 'PARTICULAR', 'Pietra Moura', 'Minima dolore modi aspernatur enim pariatur illo. Ipsa saepe s' );
INSERT INTO banda ( dataCriacao, tipo, nome, estiloMusical )
	VALUES ( to_date ('2004-09-21', 'YYYY-MM-DD'), 'PARTICULAR', 'Guilherme das Neves', 'Magni porro aliquam. Ipsum repudiandae sint numqua' );
INSERT INTO banda ( dataCriacao, tipo, nome, estiloMusical )
	VALUES ( to_date ('2018-09-05', 'YYYY-MM-DD'), 'CONTRATADA', 'Diogo Melo', 'Distinctio tempora eius expedita.Sequi quo quia veniam adipi' );
INSERT INTO banda ( dataCriacao, tipo, nome, estiloMusical )
	VALUES ( to_date ('2000-10-28', 'YYYY-MM-DD'), 'CONTRATADA', 'João Miguel Gonçalves', 'Cum totam distinctio fugiat explicabo' );
INSERT INTO banda ( dataCriacao, tipo, nome, estiloMusical )
	VALUES ( to_date ('2007-05-17', 'YYYY-MM-DD'), 'PARTICULAR', 'Enzo Gabriel da Rosa', 'Quidem laborum assumenda exercitationem sunt. Quisquam aperia' );
INSERT INTO banda ( dataCriacao, tipo, nome, estiloMusical )
	VALUES ( to_date ('2010-01-03', 'YYYY-MM-DD'), 'CONTRATADA', 'Igor Martins', 'Quod omnis dolorem voluptates quam ex. Eaque ex ad alias u' );
INSERT INTO banda ( dataCriacao, tipo, nome, estiloMusical )
	VALUES ( to_date ('2013-11-20', 'YYYY-MM-DD'), 'PARTICULAR', 'Daniel Correia', 'Velit amet expedita veritatis cumqu' );
INSERT INTO banda ( dataCriacao, tipo, nome, estiloMusical )
	VALUES ( to_date ('2005-04-01', 'YYYY-MM-DD'), 'PARTICULAR', 'Dra. Sofia Azevedo', 'Et exercitationem beatae aliquam ani' );
INSERT INTO banda ( dataCriacao, tipo, nome, estiloMusical )
	VALUES ( to_date ('2013-07-14', 'YYYY-MM-DD'), 'PARTICULAR', 'Fernando Lima', 'Neque dicta commodi unde. Odit amet nesciun' );
INSERT INTO banda ( dataCriacao, tipo, nome, estiloMusical )
	VALUES ( to_date ('2018-09-05', 'YYYY-MM-DD'), 'PARTICULAR', 'Sr. Diogo Correia', 'Id unde minus. Odit nihil ipsam quos.' );
INSERT INTO banda ( dataCriacao, tipo, nome, estiloMusical )
	VALUES ( to_date ('2000-10-30', 'YYYY-MM-DD'), 'CONTRATADA', 'Ana Luiza Duarte', 'Deleniti accusantium officia molestias assumenda hic. Eum ha' );
INSERT INTO banda ( dataCriacao, tipo, nome, estiloMusical )
	VALUES ( to_date ('2000-10-06', 'YYYY-MM-DD'), 'PARTICULAR', 'Guilherme das Neves', 'Autem consequatur nesciunt minim' );
INSERT INTO banda ( dataCriacao, tipo, nome, estiloMusical )
	VALUES ( to_date ('2003-02-05', 'YYYY-MM-DD'), 'CONTRATADA', 'Igor Martins', 'Quidem unde ut. Ab cupiditate ratione repellendus ' );
INSERT INTO banda ( dataCriacao, tipo, nome, estiloMusical )
	VALUES ( to_date ('2006-07-22', 'YYYY-MM-DD'), 'PARTICULAR', 'Yago da Mata', 'Delectus consequatur iste officiis off' );
INSERT INTO banda ( dataCriacao, tipo, nome, estiloMusical )
	VALUES ( to_date ('2012-06-11', 'YYYY-MM-DD'), 'CONTRATADA', 'Gabrielly da Mota', 'Illum laborum dignissimos animi vitae natus vitae. Explicabo ' );
INSERT INTO banda ( dataCriacao, tipo, nome, estiloMusical )
	VALUES ( to_date ('2009-07-09', 'YYYY-MM-DD'), 'CONTRATADA', 'Yago Pereira', 'Harum quidem magni id esse consectetur ' );
INSERT INTO banda ( dataCriacao, tipo, nome, estiloMusical )
	VALUES ( to_date ('2000-06-18', 'YYYY-MM-DD'), 'PARTICULAR', 'André Aragão', 'Culpa est incidunt ipsa fugit. Harum aliquid illo hic odit d' );
INSERT INTO banda ( dataCriacao, tipo, nome, estiloMusical )
	VALUES ( to_date ('2009-06-17', 'YYYY-MM-DD'), 'CONTRATADA', 'Diogo Carvalho', 'Ipsa dolore suscipit alias repellendus architecto. Officiis pro' );
INSERT INTO banda ( dataCriacao, tipo, nome, estiloMusical )
	VALUES ( to_date ('2015-07-02', 'YYYY-MM-DD'), 'CONTRATADA', 'Augusto Silveira', 'Vitae harum consequuntur consectetur placeat. Asp' );
INSERT INTO banda ( dataCriacao, tipo, nome, estiloMusical )
	VALUES ( to_date ('2000-01-21', 'YYYY-MM-DD'), 'CONTRATADA', 'Nathan Almeida', 'Aliquam veniam aspernatur. Hic iure illo commodi similique.In' );
INSERT INTO banda ( dataCriacao, tipo, nome, estiloMusical )
	VALUES ( to_date ('2002-09-02', 'YYYY-MM-DD'), 'CONTRATADA', 'Pietro Lopes', 'Nam sint doloribus voluptas nemo voluptatibus fugiat.Officiis n' );
INSERT INTO banda ( dataCriacao, tipo, nome, estiloMusical )
	VALUES ( to_date ('2009-11-25', 'YYYY-MM-DD'), 'PARTICULAR', 'Juliana Ferreira', 'Mollitia reiciendis nemo maiores blanditiis' );
INSERT INTO banda ( dataCriacao, tipo, nome, estiloMusical )
	VALUES ( to_date ('2003-11-04', 'YYYY-MM-DD'), 'PARTICULAR', 'Caroline Fogaça', 'Saepe vel cum atque praesentium no' );
INSERT INTO banda ( dataCriacao, tipo, nome, estiloMusical )
	VALUES ( to_date ('2006-01-06', 'YYYY-MM-DD'), 'CONTRATADA', 'Vitória Silveira', 'Sed vero delectus ab tenetur id it' );
INSERT INTO banda ( dataCriacao, tipo, nome, estiloMusical )
	VALUES ( to_date ('2011-05-17', 'YYYY-MM-DD'), 'PARTICULAR', 'Igor Viana', 'Nesciunt numquam beatae voluptates mag' );
INSERT INTO banda ( dataCriacao, tipo, nome, estiloMusical )
	VALUES ( to_date ('2011-04-09', 'YYYY-MM-DD'), 'PARTICULAR', 'Nina FariasFernandes', 'Eaque aspernatur eius assumenda nam temporibus occa' );
INSERT INTO banda ( dataCriacao, tipo, nome, estiloMusical )
	VALUES ( to_date ('2009-04-09', 'YYYY-MM-DD'), 'PARTICULAR', 'Emanuella Viana', 'Deleniti necessitatibus sit repudiandae. ' );
INSERT INTO banda ( dataCriacao, tipo, nome, estiloMusical )
	VALUES ( to_date ('2014-09-29', 'YYYY-MM-DD'), 'PARTICULAR', 'Ryan da Rocha', 'Excepturi impedit cupiditate corporis atque pariatur provid' );
INSERT INTO banda ( dataCriacao, tipo, nome, estiloMusical )
	VALUES ( to_date ('2015-05-28', 'YYYY-MM-DD'), 'CONTRATADA', 'Benjamin Cardoso,', 'Commodi et excepturi doloribus. Ullam sunt vol' );
INSERT INTO banda ( dataCriacao, tipo, nome, estiloMusical )
	VALUES ( to_date ('2005-11-23', 'YYYY-MM-DD'), 'CONTRATADA', 'Carolina da Costa', 'Eligendi ducimus ut harum porro. Voluptatem odio eos.Incidunt i' );
INSERT INTO banda ( dataCriacao, tipo, nome, estiloMusical )
	VALUES ( to_date ('2003-08-26', 'YYYY-MM-DD'), 'PARTICULAR', 'Paulo Freitas', 'Amet tempore hic occaecati qui ab doloremque corrupti' );
INSERT INTO banda ( dataCriacao, tipo, nome, estiloMusical )
	VALUES ( to_date ('2012-07-09', 'YYYY-MM-DD'), 'PARTICULAR', 'Ana Carolina da Rocha', 'Illum esse ea saepe placeat. Soluta quae error debi' );
INSERT INTO banda ( dataCriacao, tipo, nome, estiloMusical )
	VALUES ( to_date ('2001-11-20', 'YYYY-MM-DD'), 'CONTRATADA', 'Pedro Henrique Moura', 'Incidunt impedit eveniet odit sunt eius. Harum unde occaecat' );
INSERT INTO banda ( dataCriacao, tipo, nome, estiloMusical )
	VALUES ( to_date ('2012-01-11', 'YYYY-MM-DD'), 'PARTICULAR', 'Heloísa FariasFernandes', 'Aperiam eveniet provident minus. Delectus occaecati explicab' );
INSERT INTO banda ( dataCriacao, tipo, nome, estiloMusical )
	VALUES ( to_date ('2005-07-16', 'YYYY-MM-DD'), 'CONTRATADA', 'Cecília da Paz', 'Optio aperiam soluta iste autem molestias ipsum. Expedi' );
INSERT INTO banda ( dataCriacao, tipo, nome, estiloMusical )
	VALUES ( to_date ('2011-06-26', 'YYYY-MM-DD'), 'PARTICULAR', 'Srta. Larissa da Mata', 'Maiores quibusdam error. Laborum ducimus unde ne' );
INSERT INTO banda ( dataCriacao, tipo, nome, estiloMusical )
	VALUES ( to_date ('2004-07-03', 'YYYY-MM-DD'), 'CONTRATADA', 'Juan Moraes', 'Quam veritatis id alias. Eos facilis quibusdam' );
INSERT INTO banda ( dataCriacao, tipo, nome, estiloMusical )
	VALUES ( to_date ('2015-11-24', 'YYYY-MM-DD'), 'PARTICULAR', 'Lara Cunha', 'Deserunt temporibus totam voluptatum officia face' );
INSERT INTO banda ( dataCriacao, tipo, nome, estiloMusical )
	VALUES ( to_date ('2004-08-29', 'YYYY-MM-DD'), 'CONTRATADA', 'João Miguel Nogueira', 'Cumque libero eveniet quis deleniti. Cum aliquid cum. Soluta' );
INSERT INTO banda ( dataCriacao, tipo, nome, estiloMusical )
	VALUES ( to_date ('2002-07-05', 'YYYY-MM-DD'), 'CONTRATADA', 'Fernanda Aragão', 'Repellat odio corporis repellendus archi' );
INSERT INTO banda ( dataCriacao, tipo, nome, estiloMusical )
	VALUES ( to_date ('2008-07-17', 'YYYY-MM-DD'), 'PARTICULAR', 'Dr. João Gabriel Freitas', 'Qui fugit excepturi sed id. Voluptates voluptatem' );
/* NULL INSERTION FOR ATTRIBUTE estiloMusical AT TABLE banda  */
 INSERT INTO banda ( dataCriacao, tipo, nome, estiloMusical )
	VALUES ( to_date ('2002-08-15', 'YYYY-MM-DD'), 'PARTICULAR', 'Leandro da Rocha', NULL );

/* TABLE compoe */
INSERT INTO compoe ( dataCriacaoBanda, cpfMusico, nomeBanda )
	VALUES ( to_date ('2009-05-05', 'YYYY-MM-DD'), '536.196.570-68', 'Sophia Moura' );
INSERT INTO compoe ( dataCriacaoBanda, cpfMusico, nomeBanda )
	VALUES ( to_date ('2011-11-18', 'YYYY-MM-DD'), '037.983.619-14', 'João Lucas Cardoso,' );
INSERT INTO compoe ( dataCriacaoBanda, cpfMusico, nomeBanda )
	VALUES ( to_date ('2000-05-02', 'YYYY-MM-DD'), '254.170.804-02', 'Mirella Nascimento' );
INSERT INTO compoe ( dataCriacaoBanda, cpfMusico, nomeBanda )
	VALUES ( to_date ('2008-03-12', 'YYYY-MM-DD'), '732.034.725-33', 'Srta. Carolina Dias' );
INSERT INTO compoe ( dataCriacaoBanda, cpfMusico, nomeBanda )
	VALUES ( to_date ('2005-03-28', 'YYYY-MM-DD'), '397.006.147-57', 'Ana Clara Viana' );
INSERT INTO compoe ( dataCriacaoBanda, cpfMusico, nomeBanda )
	VALUES ( to_date ('2018-06-27', 'YYYY-MM-DD'), '679.896.043-43', 'Maria Moura' );
INSERT INTO compoe ( dataCriacaoBanda, cpfMusico, nomeBanda )
	VALUES ( to_date ('2000-06-21', 'YYYY-MM-DD'), '055.066.514-81', 'Helena Correia' );
INSERT INTO compoe ( dataCriacaoBanda, cpfMusico, nomeBanda )
	VALUES ( to_date ('2002-09-02', 'YYYY-MM-DD'), '651.396.682-85', 'Pietro Lopes' );
INSERT INTO compoe ( dataCriacaoBanda, cpfMusico, nomeBanda )
	VALUES ( to_date ('2012-06-25', 'YYYY-MM-DD'), '637.325.381-45', 'Arthur Cavalcanti' );
INSERT INTO compoe ( dataCriacaoBanda, cpfMusico, nomeBanda )
	VALUES ( to_date ('2010-05-06', 'YYYY-MM-DD'), '627.525.418-12', 'Francisco Rocha' );
INSERT INTO compoe ( dataCriacaoBanda, cpfMusico, nomeBanda )
	VALUES ( to_date ('2010-10-29', 'YYYY-MM-DD'), '013.898.487-72', 'Isaac Sales' );
INSERT INTO compoe ( dataCriacaoBanda, cpfMusico, nomeBanda )
	VALUES ( to_date ('2013-11-20', 'YYYY-MM-DD'), '565.236.221-42', 'Daniel Correia' );
INSERT INTO compoe ( dataCriacaoBanda, cpfMusico, nomeBanda )
	VALUES ( to_date ('2011-06-19', 'YYYY-MM-DD'), '201.915.082-34', 'Beatriz Teixeira' );
INSERT INTO compoe ( dataCriacaoBanda, cpfMusico, nomeBanda )
	VALUES ( to_date ('2014-01-07', 'YYYY-MM-DD'), '212.997.420-98', 'Alexia Gomes' );
INSERT INTO compoe ( dataCriacaoBanda, cpfMusico, nomeBanda )
	VALUES ( to_date ('2015-03-18', 'YYYY-MM-DD'), '349.780.189-16', 'Carlos Eduardo Vieira' );
INSERT INTO compoe ( dataCriacaoBanda, cpfMusico, nomeBanda )
	VALUES ( to_date ('2015-11-24', 'YYYY-MM-DD'), '705.760.137-21', 'Lara Cunha' );
INSERT INTO compoe ( dataCriacaoBanda, cpfMusico, nomeBanda )
	VALUES ( to_date ('2012-06-25', 'YYYY-MM-DD'), '565.236.221-42', 'Arthur Cavalcanti' );
INSERT INTO compoe ( dataCriacaoBanda, cpfMusico, nomeBanda )
	VALUES ( to_date ('2003-11-04', 'YYYY-MM-DD'), '586.230.151-81', 'Caroline Fogaça' );
INSERT INTO compoe ( dataCriacaoBanda, cpfMusico, nomeBanda )
	VALUES ( to_date ('2014-09-29', 'YYYY-MM-DD'), '033.712.762-97', 'Ryan da Rocha' );
INSERT INTO compoe ( dataCriacaoBanda, cpfMusico, nomeBanda )
	VALUES ( to_date ('2004-08-29', 'YYYY-MM-DD'), '992.828.190-69', 'João Miguel Nogueira' );
INSERT INTO compoe ( dataCriacaoBanda, cpfMusico, nomeBanda )
	VALUES ( to_date ('2005-10-18', 'YYYY-MM-DD'), '804.262.363-95', 'Sra. Sarah Ramos' );
INSERT INTO compoe ( dataCriacaoBanda, cpfMusico, nomeBanda )
	VALUES ( to_date ('2007-05-17', 'YYYY-MM-DD'), '846.548.296-37', 'Enzo Gabriel da Rosa' );
INSERT INTO compoe ( dataCriacaoBanda, cpfMusico, nomeBanda )
	VALUES ( to_date ('2000-10-30', 'YYYY-MM-DD'), '129.888.442-44', 'Ana Luiza Duarte' );
INSERT INTO compoe ( dataCriacaoBanda, cpfMusico, nomeBanda )
	VALUES ( to_date ('2003-11-04', 'YYYY-MM-DD'), '991.198.353-15', 'Caroline Fogaça' );
INSERT INTO compoe ( dataCriacaoBanda, cpfMusico, nomeBanda )
	VALUES ( to_date ('2009-08-08', 'YYYY-MM-DD'), '368.154.318-06', 'Isabel Silva' );
INSERT INTO compoe ( dataCriacaoBanda, cpfMusico, nomeBanda )
	VALUES ( to_date ('2011-01-01', 'YYYY-MM-DD'), '870.389.766-48', 'Pietra Peixoto' );
INSERT INTO compoe ( dataCriacaoBanda, cpfMusico, nomeBanda )
	VALUES ( to_date ('2011-06-26', 'YYYY-MM-DD'), '477.067.407-75', 'Srta. Larissa da Mata' );
INSERT INTO compoe ( dataCriacaoBanda, cpfMusico, nomeBanda )
	VALUES ( to_date ('2011-04-09', 'YYYY-MM-DD'), '631.234.958-92', 'Nina FariasFernandes' );
INSERT INTO compoe ( dataCriacaoBanda, cpfMusico, nomeBanda )
	VALUES ( to_date ('2012-01-08', 'YYYY-MM-DD'), '518.646.984-99', 'João Lucas Costela' );
INSERT INTO compoe ( dataCriacaoBanda, cpfMusico, nomeBanda )
	VALUES ( to_date ('2017-01-09', 'YYYY-MM-DD'), '341.305.776-47', 'Pietra Moura' );
INSERT INTO compoe ( dataCriacaoBanda, cpfMusico, nomeBanda )
	VALUES ( to_date ('2005-11-23', 'YYYY-MM-DD'), '112.512.507-97', 'Carolina da Costa' );
INSERT INTO compoe ( dataCriacaoBanda, cpfMusico, nomeBanda )
	VALUES ( to_date ('2006-07-22', 'YYYY-MM-DD'), '505.487.223-92', 'Yago da Mata' );
INSERT INTO compoe ( dataCriacaoBanda, cpfMusico, nomeBanda )
	VALUES ( to_date ('2000-06-18', 'YYYY-MM-DD'), '111.076.171-04', 'André Aragão' );
INSERT INTO compoe ( dataCriacaoBanda, cpfMusico, nomeBanda )
	VALUES ( to_date ('2014-01-07', 'YYYY-MM-DD'), '109.130.773-93', 'Alexia Gomes' );
INSERT INTO compoe ( dataCriacaoBanda, cpfMusico, nomeBanda )
	VALUES ( to_date ('2010-01-03', 'YYYY-MM-DD'), '772.085.571-66', 'Igor Martins' );
INSERT INTO compoe ( dataCriacaoBanda, cpfMusico, nomeBanda )
	VALUES ( to_date ('2007-11-10', 'YYYY-MM-DD'), '249.219.380-87', 'Marina da Mata' );
INSERT INTO compoe ( dataCriacaoBanda, cpfMusico, nomeBanda )
	VALUES ( to_date ('2016-02-16', 'YYYY-MM-DD'), '137.036.815-79', 'Lorena Melo' );
INSERT INTO compoe ( dataCriacaoBanda, cpfMusico, nomeBanda )
	VALUES ( to_date ('2003-10-18', 'YYYY-MM-DD'), '991.198.353-15', 'Rafaela Gonçalves' );
INSERT INTO compoe ( dataCriacaoBanda, cpfMusico, nomeBanda )
	VALUES ( to_date ('2009-07-27', 'YYYY-MM-DD'), '991.887.814-13', 'Sr. Miguel Nunes' );
INSERT INTO compoe ( dataCriacaoBanda, cpfMusico, nomeBanda )
	VALUES ( to_date ('2008-07-17', 'YYYY-MM-DD'), '477.067.407-75', 'Dr. João Gabriel Freitas' );
INSERT INTO compoe ( dataCriacaoBanda, cpfMusico, nomeBanda )
	VALUES ( to_date ('2005-06-30', 'YYYY-MM-DD'), '929.729.522-55', 'Srta. Ana das Neves' );
INSERT INTO compoe ( dataCriacaoBanda, cpfMusico, nomeBanda )
	VALUES ( to_date ('2016-08-17', 'YYYY-MM-DD'), '761.091.258-85', 'Sr. João Guilherme Dias' );
INSERT INTO compoe ( dataCriacaoBanda, cpfMusico, nomeBanda )
	VALUES ( to_date ('2005-04-01', 'YYYY-MM-DD'), '457.669.181-67', 'Dra. Sofia Azevedo' );
INSERT INTO compoe ( dataCriacaoBanda, cpfMusico, nomeBanda )
	VALUES ( to_date ('2018-09-05', 'YYYY-MM-DD'), '627.525.418-12', 'Diogo Melo' );
INSERT INTO compoe ( dataCriacaoBanda, cpfMusico, nomeBanda )
	VALUES ( to_date ('2010-09-19', 'YYYY-MM-DD'), '406.871.289-72', 'Sr. Lucas da Costa' );
INSERT INTO compoe ( dataCriacaoBanda, cpfMusico, nomeBanda )
	VALUES ( to_date ('2000-06-23', 'YYYY-MM-DD'), '825.559.120-33', 'Marcela da Conceição' );
INSERT INTO compoe ( dataCriacaoBanda, cpfMusico, nomeBanda )
	VALUES ( to_date ('2013-07-14', 'YYYY-MM-DD'), '838.901.324-03', 'Fernando Lima' );
INSERT INTO compoe ( dataCriacaoBanda, cpfMusico, nomeBanda )
	VALUES ( to_date ('2012-10-09', 'YYYY-MM-DD'), '666.958.597-68', 'Sr. Isaac Rodrigues' );
INSERT INTO compoe ( dataCriacaoBanda, cpfMusico, nomeBanda )
	VALUES ( to_date ('2006-01-03', 'YYYY-MM-DD'), '099.175.737-81', 'Sophia Cavalcanti' );
INSERT INTO compoe ( dataCriacaoBanda, cpfMusico, nomeBanda )
	VALUES ( to_date ('2009-06-23', 'YYYY-MM-DD'), '922.792.919-32', 'Dr. Benjamin Rocha' );
INSERT INTO compoe ( dataCriacaoBanda, cpfMusico, nomeBanda )
	VALUES ( to_date ('2006-08-02', 'YYYY-MM-DD'), '679.896.043-43', 'Dr. Cauê Lopes' );
INSERT INTO compoe ( dataCriacaoBanda, cpfMusico, nomeBanda )
	VALUES ( to_date ('2012-07-09', 'YYYY-MM-DD'), '721.624.204-31', 'Ana Carolina da Rocha' );
INSERT INTO compoe ( dataCriacaoBanda, cpfMusico, nomeBanda )
	VALUES ( to_date ('2017-02-14', 'YYYY-MM-DD'), '526.500.196-10', 'Lorenzo Gomes' );
INSERT INTO compoe ( dataCriacaoBanda, cpfMusico, nomeBanda )
	VALUES ( to_date ('2006-01-06', 'YYYY-MM-DD'), '994.052.987-22', 'Vitória Silveira' );
INSERT INTO compoe ( dataCriacaoBanda, cpfMusico, nomeBanda )
	VALUES ( to_date ('2007-09-16', 'YYYY-MM-DD'), '972.364.372-92', 'Emanuelly Cardoso' );
INSERT INTO compoe ( dataCriacaoBanda, cpfMusico, nomeBanda )
	VALUES ( to_date ('2018-09-05', 'YYYY-MM-DD'), '037.983.619-14', 'Sr. Diogo Correia' );
INSERT INTO compoe ( dataCriacaoBanda, cpfMusico, nomeBanda )
	VALUES ( to_date ('2012-01-11', 'YYYY-MM-DD'), '814.067.474-84', 'Heloísa FariasFernandes' );
INSERT INTO compoe ( dataCriacaoBanda, cpfMusico, nomeBanda )
	VALUES ( to_date ('2011-11-16', 'YYYY-MM-DD'), '772.085.571-66', 'Maria Eduarda das Neves' );
INSERT INTO compoe ( dataCriacaoBanda, cpfMusico, nomeBanda )
	VALUES ( to_date ('2008-03-12', 'YYYY-MM-DD'), '622.202.812-53', 'Srta. Carolina Dias' );
INSERT INTO compoe ( dataCriacaoBanda, cpfMusico, nomeBanda )
	VALUES ( to_date ('2005-04-01', 'YYYY-MM-DD'), '705.760.137-21', 'Dra. Sofia Azevedo' );
INSERT INTO compoe ( dataCriacaoBanda, cpfMusico, nomeBanda )
	VALUES ( to_date ('2010-09-19', 'YYYY-MM-DD'), '033.712.762-97', 'Sr. Lucas da Costa' );
INSERT INTO compoe ( dataCriacaoBanda, cpfMusico, nomeBanda )
	VALUES ( to_date ('2000-10-06', 'YYYY-MM-DD'), '309.588.174-33', 'Guilherme das Neves' );
INSERT INTO compoe ( dataCriacaoBanda, cpfMusico, nomeBanda )
	VALUES ( to_date ('2009-06-23', 'YYYY-MM-DD'), '644.172.605-97', 'Dr. Benjamin Rocha' );
INSERT INTO compoe ( dataCriacaoBanda, cpfMusico, nomeBanda )
	VALUES ( to_date ('2015-10-02', 'YYYY-MM-DD'), '305.488.794-31', 'Dr. Erick Almeida' );
INSERT INTO compoe ( dataCriacaoBanda, cpfMusico, nomeBanda )
	VALUES ( to_date ('2017-11-17', 'YYYY-MM-DD'), '703.941.834-68', 'Vitor Hugo Nascimento' );
INSERT INTO compoe ( dataCriacaoBanda, cpfMusico, nomeBanda )
	VALUES ( to_date ('2009-05-05', 'YYYY-MM-DD'), '207.105.844-58', 'Sophia Moura' );
INSERT INTO compoe ( dataCriacaoBanda, cpfMusico, nomeBanda )
	VALUES ( to_date ('2013-07-14', 'YYYY-MM-DD'), '508.870.186-63', 'Fernando Lima' );
INSERT INTO compoe ( dataCriacaoBanda, cpfMusico, nomeBanda )
	VALUES ( to_date ('2008-03-12', 'YYYY-MM-DD'), '207.105.844-58', 'Srta. Carolina Dias' );
INSERT INTO compoe ( dataCriacaoBanda, cpfMusico, nomeBanda )
	VALUES ( to_date ('2009-07-09', 'YYYY-MM-DD'), '003.631.322-36', 'Yago Pereira' );
INSERT INTO compoe ( dataCriacaoBanda, cpfMusico, nomeBanda )
	VALUES ( to_date ('2004-09-28', 'YYYY-MM-DD'), '003.631.322-36', 'Sabrina Ramos' );
INSERT INTO compoe ( dataCriacaoBanda, cpfMusico, nomeBanda )
	VALUES ( to_date ('2006-01-03', 'YYYY-MM-DD'), '629.082.577-82', 'Sophia Cavalcanti' );
INSERT INTO compoe ( dataCriacaoBanda, cpfMusico, nomeBanda )
	VALUES ( to_date ('2006-08-02', 'YYYY-MM-DD'), '846.548.296-37', 'Dr. Cauê Lopes' );
INSERT INTO compoe ( dataCriacaoBanda, cpfMusico, nomeBanda )
	VALUES ( to_date ('2011-07-17', 'YYYY-MM-DD'), '109.130.773-93', 'Davi Luiz Campos' );
INSERT INTO compoe ( dataCriacaoBanda, cpfMusico, nomeBanda )
	VALUES ( to_date ('2010-10-29', 'YYYY-MM-DD'), '825.559.120-33', 'Isaac Sales' );
INSERT INTO compoe ( dataCriacaoBanda, cpfMusico, nomeBanda )
	VALUES ( to_date ('2000-01-21', 'YYYY-MM-DD'), '991.198.353-15', 'Nathan Almeida' );
INSERT INTO compoe ( dataCriacaoBanda, cpfMusico, nomeBanda )
	VALUES ( to_date ('2004-08-20', 'YYYY-MM-DD'), '597.726.815-80', 'Milena Rodrigues' );
INSERT INTO compoe ( dataCriacaoBanda, cpfMusico, nomeBanda )
	VALUES ( to_date ('2015-07-02', 'YYYY-MM-DD'), '934.852.595-53', 'Augusto Silveira' );
INSERT INTO compoe ( dataCriacaoBanda, cpfMusico, nomeBanda )
	VALUES ( to_date ('2004-08-20', 'YYYY-MM-DD'), '477.067.407-75', 'Milena Rodrigues' );
INSERT INTO compoe ( dataCriacaoBanda, cpfMusico, nomeBanda )
	VALUES ( to_date ('2011-07-17', 'YYYY-MM-DD'), '070.814.032-12', 'Davi Luiz Campos' );
INSERT INTO compoe ( dataCriacaoBanda, cpfMusico, nomeBanda )
	VALUES ( to_date ('2015-03-18', 'YYYY-MM-DD'), '846.548.296-37', 'Carlos Eduardo Vieira' );
INSERT INTO compoe ( dataCriacaoBanda, cpfMusico, nomeBanda )
	VALUES ( to_date ('2016-11-01', 'YYYY-MM-DD'), '295.594.072-05', 'Benício Lima' );
INSERT INTO compoe ( dataCriacaoBanda, cpfMusico, nomeBanda )
	VALUES ( to_date ('2011-05-17', 'YYYY-MM-DD'), '991.198.353-15', 'Igor Viana' );
INSERT INTO compoe ( dataCriacaoBanda, cpfMusico, nomeBanda )
	VALUES ( to_date ('2010-10-29', 'YYYY-MM-DD'), '526.837.819-49', 'Isaac Sales' );
INSERT INTO compoe ( dataCriacaoBanda, cpfMusico, nomeBanda )
	VALUES ( to_date ('2008-07-26', 'YYYY-MM-DD'), '572.948.090-33', 'Thales Novaes' );
INSERT INTO compoe ( dataCriacaoBanda, cpfMusico, nomeBanda )
	VALUES ( to_date ('2004-09-21', 'YYYY-MM-DD'), '254.170.804-02', 'Guilherme das Neves' );
INSERT INTO compoe ( dataCriacaoBanda, cpfMusico, nomeBanda )
	VALUES ( to_date ('2001-11-20', 'YYYY-MM-DD'), '804.262.363-95', 'Pedro Henrique Moura' );
INSERT INTO compoe ( dataCriacaoBanda, cpfMusico, nomeBanda )
	VALUES ( to_date ('2009-07-27', 'YYYY-MM-DD'), '073.544.329-52', 'Sr. Miguel Nunes' );
INSERT INTO compoe ( dataCriacaoBanda, cpfMusico, nomeBanda )
	VALUES ( to_date ('2002-07-05', 'YYYY-MM-DD'), '649.143.733-68', 'Fernanda Aragão' );
INSERT INTO compoe ( dataCriacaoBanda, cpfMusico, nomeBanda )
	VALUES ( to_date ('2017-11-17', 'YYYY-MM-DD'), '198.628.091-68', 'Vitor Hugo Nascimento' );
INSERT INTO compoe ( dataCriacaoBanda, cpfMusico, nomeBanda )
	VALUES ( to_date ('2009-04-09', 'YYYY-MM-DD'), '526.837.819-49', 'Emanuella Viana' );
INSERT INTO compoe ( dataCriacaoBanda, cpfMusico, nomeBanda )
	VALUES ( to_date ('2005-03-28', 'YYYY-MM-DD'), '129.888.442-44', 'Ana Clara Viana' );
INSERT INTO compoe ( dataCriacaoBanda, cpfMusico, nomeBanda )
	VALUES ( to_date ('2000-10-28', 'YYYY-MM-DD'), '572.948.090-33', 'João Miguel Gonçalves' );
INSERT INTO compoe ( dataCriacaoBanda, cpfMusico, nomeBanda )
	VALUES ( to_date ('2015-06-29', 'YYYY-MM-DD'), '983.820.754-61', 'Maria Sophia Rocha' );
INSERT INTO compoe ( dataCriacaoBanda, cpfMusico, nomeBanda )
	VALUES ( to_date ('2015-03-18', 'YYYY-MM-DD'), '666.958.597-68', 'Carlos Eduardo Vieira' );
INSERT INTO compoe ( dataCriacaoBanda, cpfMusico, nomeBanda )
	VALUES ( to_date ('2009-06-17', 'YYYY-MM-DD'), '388.076.847-12', 'Diogo Carvalho' );
INSERT INTO compoe ( dataCriacaoBanda, cpfMusico, nomeBanda )
	VALUES ( to_date ('2017-02-14', 'YYYY-MM-DD'), '562.927.996-44', 'Lorenzo Gomes' );
INSERT INTO compoe ( dataCriacaoBanda, cpfMusico, nomeBanda )
	VALUES ( to_date ('2008-08-02', 'YYYY-MM-DD'), '552.428.487-44', 'Emanuelly Gomes' );
INSERT INTO compoe ( dataCriacaoBanda, cpfMusico, nomeBanda )
	VALUES ( to_date ('2004-08-29', 'YYYY-MM-DD'), '137.036.815-79', 'João Miguel Nogueira' );
INSERT INTO compoe ( dataCriacaoBanda, cpfMusico, nomeBanda )
	VALUES ( to_date ('2005-07-16', 'YYYY-MM-DD'), '714.645.787-75', 'Cecília da Paz' );
INSERT INTO compoe ( dataCriacaoBanda, cpfMusico, nomeBanda )
	VALUES ( to_date ('2017-03-08', 'YYYY-MM-DD'), '552.428.487-44', 'Sr. João Miguel Carvalho' );

/* TABLE festaNoCruzeiro */
INSERT INTO festaNoCruzeiro ( dataInicio, numeroConvidados, nome, dataFim, IMO )
	VALUES ( to_date ('2011-03-18', 'YYYY-MM-DD'), 547819, 'Beatriz Cardoso', to_date ('2002-09-13', 'YYYY-MM-DD'), 606930 );
INSERT INTO festaNoCruzeiro ( dataInicio, numeroConvidados, nome, dataFim, IMO )
	VALUES ( to_date ('2007-02-29', 'YYYY-MM-DD'), 724995, 'Sophie Alves', to_date ('2014-05-26', 'YYYY-MM-DD'), 685587 );
INSERT INTO festaNoCruzeiro ( dataInicio, numeroConvidados, nome, dataFim, IMO )
	VALUES ( to_date ('2013-08-11', 'YYYY-MM-DD'), 233418, 'João Gabriel Pereira', to_date ('2005-06-01', 'YYYY-MM-DD'), 561844 );
INSERT INTO festaNoCruzeiro ( dataInicio, numeroConvidados, nome, dataFim, IMO )
	VALUES ( to_date ('2006-07-05', 'YYYY-MM-DD'), 612086, 'Mirella Fogaça', to_date ('2007-09-13', 'YYYY-MM-DD'), 740141 );
INSERT INTO festaNoCruzeiro ( dataInicio, numeroConvidados, nome, dataFim, IMO )
	VALUES ( to_date ('2007-01-16', 'YYYY-MM-DD'), 586501, 'Cauã Castro', to_date ('2008-02-16', 'YYYY-MM-DD'), 574871 );
INSERT INTO festaNoCruzeiro ( dataInicio, numeroConvidados, nome, dataFim, IMO )
	VALUES ( to_date ('2004-10-02', 'YYYY-MM-DD'), 668998, 'Luiza Cavalcanti', to_date ('2014-10-28', 'YYYY-MM-DD'), 319869 );
INSERT INTO festaNoCruzeiro ( dataInicio, numeroConvidados, nome, dataFim, IMO )
	VALUES ( to_date ('2017-06-21', 'YYYY-MM-DD'), 590236, 'Rafaela Nascimento', to_date ('2002-11-27', 'YYYY-MM-DD'), 158526 );
INSERT INTO festaNoCruzeiro ( dataInicio, numeroConvidados, nome, dataFim, IMO )
	VALUES ( to_date ('2013-08-15', 'YYYY-MM-DD'), 502624, 'Nicolas Gonçalves', to_date ('2000-05-26', 'YYYY-MM-DD'), 320540 );
INSERT INTO festaNoCruzeiro ( dataInicio, numeroConvidados, nome, dataFim, IMO )
	VALUES ( to_date ('2014-04-11', 'YYYY-MM-DD'), 247344, 'Gustavo Henrique Souza', to_date ('2000-01-14', 'YYYY-MM-DD'), 860952 );
INSERT INTO festaNoCruzeiro ( dataInicio, numeroConvidados, nome, dataFim, IMO )
	VALUES ( to_date ('2007-01-04', 'YYYY-MM-DD'), 500128, 'Alice Freitas', to_date ('2013-02-19', 'YYYY-MM-DD'), 763144 );
INSERT INTO festaNoCruzeiro ( dataInicio, numeroConvidados, nome, dataFim, IMO )
	VALUES ( to_date ('2017-01-03', 'YYYY-MM-DD'), 216288, 'Cecília Nascimento', to_date ('2009-06-18', 'YYYY-MM-DD'), 242641 );
INSERT INTO festaNoCruzeiro ( dataInicio, numeroConvidados, nome, dataFim, IMO )
	VALUES ( to_date ('2000-09-03', 'YYYY-MM-DD'), 542407, 'Pedro Duarte', to_date ('2008-01-17', 'YYYY-MM-DD'), 803542 );
INSERT INTO festaNoCruzeiro ( dataInicio, numeroConvidados, nome, dataFim, IMO )
	VALUES ( to_date ('2003-08-01', 'YYYY-MM-DD'), 349546, 'Bianca Lopes', to_date ('2014-05-14', 'YYYY-MM-DD'), 511308 );
INSERT INTO festaNoCruzeiro ( dataInicio, numeroConvidados, nome, dataFim, IMO )
	VALUES ( to_date ('2006-10-07', 'YYYY-MM-DD'), 222637, 'Srta. Emanuelly Teixeira', to_date ('2015-10-20', 'YYYY-MM-DD'), 258068 );
INSERT INTO festaNoCruzeiro ( dataInicio, numeroConvidados, nome, dataFim, IMO )
	VALUES ( to_date ('2014-02-27', 'YYYY-MM-DD'), 112694, 'Rafaela Dias', to_date ('2010-03-15', 'YYYY-MM-DD'), 836688 );
INSERT INTO festaNoCruzeiro ( dataInicio, numeroConvidados, nome, dataFim, IMO )
	VALUES ( to_date ('2011-07-01', 'YYYY-MM-DD'), 271230, 'Felipe Aragão', to_date ('2006-10-05', 'YYYY-MM-DD'), 265439 );
INSERT INTO festaNoCruzeiro ( dataInicio, numeroConvidados, nome, dataFim, IMO )
	VALUES ( to_date ('2007-01-13', 'YYYY-MM-DD'), 629307, 'Ana Carolina Fogaça', to_date ('2012-04-17', 'YYYY-MM-DD'), 746157 );
INSERT INTO festaNoCruzeiro ( dataInicio, numeroConvidados, nome, dataFim, IMO )
	VALUES ( to_date ('2014-03-18', 'YYYY-MM-DD'), 146681, 'Vitória Gomes', to_date ('2000-07-19', 'YYYY-MM-DD'), 617479 );
INSERT INTO festaNoCruzeiro ( dataInicio, numeroConvidados, nome, dataFim, IMO )
	VALUES ( to_date ('2009-10-27', 'YYYY-MM-DD'), 580572, 'Sra. Maria Vitória Cardoso', to_date ('2013-04-09', 'YYYY-MM-DD'), 100729 );
INSERT INTO festaNoCruzeiro ( dataInicio, numeroConvidados, nome, dataFim, IMO )
	VALUES ( to_date ('2003-03-14', 'YYYY-MM-DD'), 280290, 'Bárbara da Cunha', to_date ('2009-05-18', 'YYYY-MM-DD'), 441425 );
INSERT INTO festaNoCruzeiro ( dataInicio, numeroConvidados, nome, dataFim, IMO )
	VALUES ( to_date ('2016-11-06', 'YYYY-MM-DD'), 888167, 'Heloísa Carvalho', to_date ('2008-03-22', 'YYYY-MM-DD'), 543289 );
INSERT INTO festaNoCruzeiro ( dataInicio, numeroConvidados, nome, dataFim, IMO )
	VALUES ( to_date ('2015-06-17', 'YYYY-MM-DD'), 500483, 'Juliana Rodrigues', to_date ('2003-11-14', 'YYYY-MM-DD'), 296365 );
INSERT INTO festaNoCruzeiro ( dataInicio, numeroConvidados, nome, dataFim, IMO )
	VALUES ( to_date ('2010-05-17', 'YYYY-MM-DD'), 288486, 'Dr. Luiz Henrique Melo', to_date ('2001-09-14', 'YYYY-MM-DD'), 784494 );
INSERT INTO festaNoCruzeiro ( dataInicio, numeroConvidados, nome, dataFim, IMO )
	VALUES ( to_date ('2013-02-19', 'YYYY-MM-DD'), 152504, 'Gabriela Campos', to_date ('2005-04-27', 'YYYY-MM-DD'), 303400 );
INSERT INTO festaNoCruzeiro ( dataInicio, numeroConvidados, nome, dataFim, IMO )
	VALUES ( to_date ('2007-11-07', 'YYYY-MM-DD'), 401662, 'Marcos Vinicius Rocha', to_date ('2005-06-20', 'YYYY-MM-DD'), 379694 );
INSERT INTO festaNoCruzeiro ( dataInicio, numeroConvidados, nome, dataFim, IMO )
	VALUES ( to_date ('2017-09-05', 'YYYY-MM-DD'), 732226, 'Amanda Cardoso', to_date ('2008-11-14', 'YYYY-MM-DD'), 157009 );
INSERT INTO festaNoCruzeiro ( dataInicio, numeroConvidados, nome, dataFim, IMO )
	VALUES ( to_date ('2004-07-09', 'YYYY-MM-DD'), 703143, 'Dr. Murilo Freitas', to_date ('2002-07-27', 'YYYY-MM-DD'), 347279 );
INSERT INTO festaNoCruzeiro ( dataInicio, numeroConvidados, nome, dataFim, IMO )
	VALUES ( to_date ('2016-11-01', 'YYYY-MM-DD'), 814351, 'Marina Barbosa', to_date ('2000-05-07', 'YYYY-MM-DD'), 732693 );
INSERT INTO festaNoCruzeiro ( dataInicio, numeroConvidados, nome, dataFim, IMO )
	VALUES ( to_date ('2014-01-23', 'YYYY-MM-DD'), 305019, 'Heloísa Costa', to_date ('2007-01-12', 'YYYY-MM-DD'), 234840 );
INSERT INTO festaNoCruzeiro ( dataInicio, numeroConvidados, nome, dataFim, IMO )
	VALUES ( to_date ('2000-10-25', 'YYYY-MM-DD'), 819503, 'Vitor Hugo da Mata', to_date ('2002-04-20', 'YYYY-MM-DD'), 887983 );
INSERT INTO festaNoCruzeiro ( dataInicio, numeroConvidados, nome, dataFim, IMO )
	VALUES ( to_date ('2001-06-10', 'YYYY-MM-DD'), 312356, 'Renan Carvalho', to_date ('2001-05-15', 'YYYY-MM-DD'), 508631 );
INSERT INTO festaNoCruzeiro ( dataInicio, numeroConvidados, nome, dataFim, IMO )
	VALUES ( to_date ('2001-06-26', 'YYYY-MM-DD'), 860412, 'Sra. Sarah Cavalcanti', to_date ('2004-04-15', 'YYYY-MM-DD'), 219823 );
INSERT INTO festaNoCruzeiro ( dataInicio, numeroConvidados, nome, dataFim, IMO )
	VALUES ( to_date ('2010-01-17', 'YYYY-MM-DD'), 587705, 'Milena Campos', to_date ('2015-01-29', 'YYYY-MM-DD'), 655798 );
INSERT INTO festaNoCruzeiro ( dataInicio, numeroConvidados, nome, dataFim, IMO )
	VALUES ( to_date ('2012-09-27', 'YYYY-MM-DD'), 457060, 'Maria Clara Cunha', to_date ('2002-02-23', 'YYYY-MM-DD'), 588757 );
INSERT INTO festaNoCruzeiro ( dataInicio, numeroConvidados, nome, dataFim, IMO )
	VALUES ( to_date ('2016-05-02', 'YYYY-MM-DD'), 196107, 'Guilherme Oliveira', to_date ('2005-11-07', 'YYYY-MM-DD'), 449885 );
INSERT INTO festaNoCruzeiro ( dataInicio, numeroConvidados, nome, dataFim, IMO )
	VALUES ( to_date ('2006-08-22', 'YYYY-MM-DD'), 421628, 'Sabrina Nascimento', to_date ('2007-02-25', 'YYYY-MM-DD'), 880269 );
INSERT INTO festaNoCruzeiro ( dataInicio, numeroConvidados, nome, dataFim, IMO )
	VALUES ( to_date ('2009-09-22', 'YYYY-MM-DD'), 213804, 'Lorena Gomes', to_date ('2006-09-09', 'YYYY-MM-DD'), 268782 );
INSERT INTO festaNoCruzeiro ( dataInicio, numeroConvidados, nome, dataFim, IMO )
	VALUES ( to_date ('2016-07-10', 'YYYY-MM-DD'), 683990, 'Luana Vieira', to_date ('2016-02-02', 'YYYY-MM-DD'), 495169 );
INSERT INTO festaNoCruzeiro ( dataInicio, numeroConvidados, nome, dataFim, IMO )
	VALUES ( to_date ('2007-08-14', 'YYYY-MM-DD'), 270241, 'Sabrina Novaes', to_date ('2013-09-15', 'YYYY-MM-DD'), 503845 );
INSERT INTO festaNoCruzeiro ( dataInicio, numeroConvidados, nome, dataFim, IMO )
	VALUES ( to_date ('2017-07-24', 'YYYY-MM-DD'), 408725, 'Catarina Nogueira', to_date ('2001-01-14', 'YYYY-MM-DD'), 130167 );
INSERT INTO festaNoCruzeiro ( dataInicio, numeroConvidados, nome, dataFim, IMO )
	VALUES ( to_date ('2007-08-18', 'YYYY-MM-DD'), 403736, 'Dr. Kevin da Rocha', to_date ('2003-11-14', 'YYYY-MM-DD'), 155041 );
INSERT INTO festaNoCruzeiro ( dataInicio, numeroConvidados, nome, dataFim, IMO )
	VALUES ( to_date ('2004-05-13', 'YYYY-MM-DD'), 572365, 'Isaac Mendes', to_date ('2010-04-20', 'YYYY-MM-DD'), 523507 );
INSERT INTO festaNoCruzeiro ( dataInicio, numeroConvidados, nome, dataFim, IMO )
	VALUES ( to_date ('2004-10-20', 'YYYY-MM-DD'), 885131, 'Maitê Silveira', to_date ('2018-11-18', 'YYYY-MM-DD'), 784820 );
INSERT INTO festaNoCruzeiro ( dataInicio, numeroConvidados, nome, dataFim, IMO )
	VALUES ( to_date ('2011-10-09', 'YYYY-MM-DD'), 435256, 'Sophia Peixoto', to_date ('2013-10-09', 'YYYY-MM-DD'), 717506 );
INSERT INTO festaNoCruzeiro ( dataInicio, numeroConvidados, nome, dataFim, IMO )
	VALUES ( to_date ('2014-10-25', 'YYYY-MM-DD'), 897928, 'Ana Luiza da Luz', to_date ('2017-05-29', 'YYYY-MM-DD'), 898155 );
INSERT INTO festaNoCruzeiro ( dataInicio, numeroConvidados, nome, dataFim, IMO )
	VALUES ( to_date ('2003-04-15', 'YYYY-MM-DD'), 350632, 'Cauê da Rosa', to_date ('2014-06-19', 'YYYY-MM-DD'), 883477 );
INSERT INTO festaNoCruzeiro ( dataInicio, numeroConvidados, nome, dataFim, IMO )
	VALUES ( to_date ('2010-08-24', 'YYYY-MM-DD'), 788343, 'Maria Alice da Cunha', to_date ('2002-02-13', 'YYYY-MM-DD'), 134917 );
INSERT INTO festaNoCruzeiro ( dataInicio, numeroConvidados, nome, dataFim, IMO )
	VALUES ( to_date ('2011-08-14', 'YYYY-MM-DD'), 200008, 'Enzo Gabriel das Neves', to_date ('2006-05-10', 'YYYY-MM-DD'), 214470 );
INSERT INTO festaNoCruzeiro ( dataInicio, numeroConvidados, nome, dataFim, IMO )
	VALUES ( to_date ('2007-10-18', 'YYYY-MM-DD'), 197427, 'Isabelly da Luz', to_date ('2017-02-17', 'YYYY-MM-DD'), 732409 );
INSERT INTO festaNoCruzeiro ( dataInicio, numeroConvidados, nome, dataFim, IMO )
	VALUES ( to_date ('2014-07-03', 'YYYY-MM-DD'), 614101, 'Igor Melo', to_date ('2008-10-22', 'YYYY-MM-DD'), 587666 );
INSERT INTO festaNoCruzeiro ( dataInicio, numeroConvidados, nome, dataFim, IMO )
	VALUES ( to_date ('2013-02-24', 'YYYY-MM-DD'), 612971, 'Mirella Ferreira', to_date ('2017-10-19', 'YYYY-MM-DD'), 225312 );
INSERT INTO festaNoCruzeiro ( dataInicio, numeroConvidados, nome, dataFim, IMO )
	VALUES ( to_date ('2014-10-09', 'YYYY-MM-DD'), 426377, 'Rebeca Castro', to_date ('2003-02-15', 'YYYY-MM-DD'), 476436 );
INSERT INTO festaNoCruzeiro ( dataInicio, numeroConvidados, nome, dataFim, IMO )
	VALUES ( to_date ('2004-08-29', 'YYYY-MM-DD'), 305074, 'Nathan Lima', to_date ('2011-08-13', 'YYYY-MM-DD'), 593872 );
INSERT INTO festaNoCruzeiro ( dataInicio, numeroConvidados, nome, dataFim, IMO )
	VALUES ( to_date ('2004-04-30', 'YYYY-MM-DD'), 339037, 'Vicente Monteiro', to_date ('2004-07-15', 'YYYY-MM-DD'), 737411 );
INSERT INTO festaNoCruzeiro ( dataInicio, numeroConvidados, nome, dataFim, IMO )
	VALUES ( to_date ('2012-01-19', 'YYYY-MM-DD'), 241834, 'Emanuelly Ribeiro', to_date ('2018-06-26', 'YYYY-MM-DD'), 151614 );
INSERT INTO festaNoCruzeiro ( dataInicio, numeroConvidados, nome, dataFim, IMO )
	VALUES ( to_date ('2001-05-08', 'YYYY-MM-DD'), 330163, 'Emanuel Carvalho', to_date ('2010-10-27', 'YYYY-MM-DD'), 185523 );
INSERT INTO festaNoCruzeiro ( dataInicio, numeroConvidados, nome, dataFim, IMO )
	VALUES ( to_date ('2009-03-29', 'YYYY-MM-DD'), 299197, 'Kaique Novaes', to_date ('2013-05-08', 'YYYY-MM-DD'), 341493 );
INSERT INTO festaNoCruzeiro ( dataInicio, numeroConvidados, nome, dataFim, IMO )
	VALUES ( to_date ('2009-06-01', 'YYYY-MM-DD'), 843866, 'Pedro Viana', to_date ('2005-08-10', 'YYYY-MM-DD'), 142278 );
INSERT INTO festaNoCruzeiro ( dataInicio, numeroConvidados, nome, dataFim, IMO )
	VALUES ( to_date ('2008-08-09', 'YYYY-MM-DD'), 704923, 'Maria Luiza Cardoso', to_date ('2008-05-22', 'YYYY-MM-DD'), 248109 );
INSERT INTO festaNoCruzeiro ( dataInicio, numeroConvidados, nome, dataFim, IMO )
	VALUES ( to_date ('2004-07-29', 'YYYY-MM-DD'), 352094, 'Joana da Conceição', to_date ('2002-09-05', 'YYYY-MM-DD'), 871223 );
INSERT INTO festaNoCruzeiro ( dataInicio, numeroConvidados, nome, dataFim, IMO )
	VALUES ( to_date ('2017-08-28', 'YYYY-MM-DD'), 232218, 'Pietro Moura', to_date ('2000-02-23', 'YYYY-MM-DD'), 388962 );
INSERT INTO festaNoCruzeiro ( dataInicio, numeroConvidados, nome, dataFim, IMO )
	VALUES ( to_date ('2007-10-29', 'YYYY-MM-DD'), 422860, 'Dr. Felipe da Conceição', to_date ('2002-11-28', 'YYYY-MM-DD'), 816533 );
INSERT INTO festaNoCruzeiro ( dataInicio, numeroConvidados, nome, dataFim, IMO )
	VALUES ( to_date ('2010-09-12', 'YYYY-MM-DD'), 279592, 'Cauê Carvalho', to_date ('2000-11-27', 'YYYY-MM-DD'), 607559 );
INSERT INTO festaNoCruzeiro ( dataInicio, numeroConvidados, nome, dataFim, IMO )
	VALUES ( to_date ('2000-01-06', 'YYYY-MM-DD'), 442243, 'Luiz Felipe Silva', to_date ('2010-05-07', 'YYYY-MM-DD'), 808363 );
INSERT INTO festaNoCruzeiro ( dataInicio, numeroConvidados, nome, dataFim, IMO )
	VALUES ( to_date ('2008-07-18', 'YYYY-MM-DD'), 508961, 'Diogo Almeida', to_date ('2000-04-16', 'YYYY-MM-DD'), 558331 );
INSERT INTO festaNoCruzeiro ( dataInicio, numeroConvidados, nome, dataFim, IMO )
	VALUES ( to_date ('2002-03-20', 'YYYY-MM-DD'), 734123, 'Marina Araújo', to_date ('2017-04-06', 'YYYY-MM-DD'), 414710 );
INSERT INTO festaNoCruzeiro ( dataInicio, numeroConvidados, nome, dataFim, IMO )
	VALUES ( to_date ('2000-09-23', 'YYYY-MM-DD'), 144714, 'Isabelly da Luz', to_date ('2018-07-14', 'YYYY-MM-DD'), 600027 );
INSERT INTO festaNoCruzeiro ( dataInicio, numeroConvidados, nome, dataFim, IMO )
	VALUES ( to_date ('2010-05-23', 'YYYY-MM-DD'), 140659, 'Vitor Gabriel Pereira', to_date ('2006-02-20', 'YYYY-MM-DD'), 488542 );
INSERT INTO festaNoCruzeiro ( dataInicio, numeroConvidados, nome, dataFim, IMO )
	VALUES ( to_date ('2012-06-05', 'YYYY-MM-DD'), 310596, 'Thales Martins', to_date ('2010-08-01', 'YYYY-MM-DD'), 567625 );
INSERT INTO festaNoCruzeiro ( dataInicio, numeroConvidados, nome, dataFim, IMO )
	VALUES ( to_date ('2000-05-10', 'YYYY-MM-DD'), 358278, 'Nicole da Rosa', to_date ('2013-08-19', 'YYYY-MM-DD'), 212968 );
INSERT INTO festaNoCruzeiro ( dataInicio, numeroConvidados, nome, dataFim, IMO )
	VALUES ( to_date ('2010-06-16', 'YYYY-MM-DD'), 799152, 'Fernando Cardoso', to_date ('2000-08-09', 'YYYY-MM-DD'), 569113 );
INSERT INTO festaNoCruzeiro ( dataInicio, numeroConvidados, nome, dataFim, IMO )
	VALUES ( to_date ('2009-11-24', 'YYYY-MM-DD'), 785894, 'Stephany Araújo', to_date ('2004-08-24', 'YYYY-MM-DD'), 359044 );
INSERT INTO festaNoCruzeiro ( dataInicio, numeroConvidados, nome, dataFim, IMO )
	VALUES ( to_date ('2009-02-08', 'YYYY-MM-DD'), 256209, 'Ana Clara da Rosa', to_date ('2012-01-16', 'YYYY-MM-DD'), 126221 );
INSERT INTO festaNoCruzeiro ( dataInicio, numeroConvidados, nome, dataFim, IMO )
	VALUES ( to_date ('2001-01-01', 'YYYY-MM-DD'), 350152, 'Isis Campos', to_date ('2018-07-11', 'YYYY-MM-DD'), 753881 );
INSERT INTO festaNoCruzeiro ( dataInicio, numeroConvidados, nome, dataFim, IMO )
	VALUES ( to_date ('2000-02-03', 'YYYY-MM-DD'), 465389, 'Dr. Enzo Gabriel da Rocha', to_date ('2008-02-29', 'YYYY-MM-DD'), 746148 );
INSERT INTO festaNoCruzeiro ( dataInicio, numeroConvidados, nome, dataFim, IMO )
	VALUES ( to_date ('2012-08-29', 'YYYY-MM-DD'), 129851, 'Emanuelly Castro', to_date ('2007-03-25', 'YYYY-MM-DD'), 622278 );
INSERT INTO festaNoCruzeiro ( dataInicio, numeroConvidados, nome, dataFim, IMO )
	VALUES ( to_date ('2016-03-01', 'YYYY-MM-DD'), 324126, 'Renan Jesus', to_date ('2000-03-04', 'YYYY-MM-DD'), 583933 );
INSERT INTO festaNoCruzeiro ( dataInicio, numeroConvidados, nome, dataFim, IMO )
	VALUES ( to_date ('2002-05-09', 'YYYY-MM-DD'), 240494, 'Alice da Rocha', to_date ('2002-03-21', 'YYYY-MM-DD'), 118706 );
INSERT INTO festaNoCruzeiro ( dataInicio, numeroConvidados, nome, dataFim, IMO )
	VALUES ( to_date ('2015-05-11', 'YYYY-MM-DD'), 813454, 'Dra. Maria Eduarda Souza', to_date ('2004-08-12', 'YYYY-MM-DD'), 404151 );
INSERT INTO festaNoCruzeiro ( dataInicio, numeroConvidados, nome, dataFim, IMO )
	VALUES ( to_date ('2012-08-14', 'YYYY-MM-DD'), 659360, 'Srta. Marina Lima', to_date ('2001-07-01', 'YYYY-MM-DD'), 412730 );
INSERT INTO festaNoCruzeiro ( dataInicio, numeroConvidados, nome, dataFim, IMO )
	VALUES ( to_date ('2011-02-20', 'YYYY-MM-DD'), 704242, 'Heloísa Jesus', to_date ('2008-06-07', 'YYYY-MM-DD'), 373474 );
INSERT INTO festaNoCruzeiro ( dataInicio, numeroConvidados, nome, dataFim, IMO )
	VALUES ( to_date ('2008-07-11', 'YYYY-MM-DD'), 566569, 'Theo Ferreira', to_date ('2010-04-23', 'YYYY-MM-DD'), 843239 );
INSERT INTO festaNoCruzeiro ( dataInicio, numeroConvidados, nome, dataFim, IMO )
	VALUES ( to_date ('2012-08-12', 'YYYY-MM-DD'), 193490, 'Noah Cunha', to_date ('2016-05-07', 'YYYY-MM-DD'), 695104 );
INSERT INTO festaNoCruzeiro ( dataInicio, numeroConvidados, nome, dataFim, IMO )
	VALUES ( to_date ('2007-02-15', 'YYYY-MM-DD'), 452537, 'Levi da Mata', to_date ('2004-05-01', 'YYYY-MM-DD'), 880367 );
INSERT INTO festaNoCruzeiro ( dataInicio, numeroConvidados, nome, dataFim, IMO )
	VALUES ( to_date ('2017-05-05', 'YYYY-MM-DD'), 286483, 'Luigi Correia', to_date ('2000-01-11', 'YYYY-MM-DD'), 177717 );
INSERT INTO festaNoCruzeiro ( dataInicio, numeroConvidados, nome, dataFim, IMO )
	VALUES ( to_date ('2002-07-22', 'YYYY-MM-DD'), 393006, 'Dr. Marcelo Barbosa', to_date ('2016-01-11', 'YYYY-MM-DD'), 239801 );
INSERT INTO festaNoCruzeiro ( dataInicio, numeroConvidados, nome, dataFim, IMO )
	VALUES ( to_date ('2017-10-01', 'YYYY-MM-DD'), 609337, 'Maria Cecília Barbosa', to_date ('2001-01-10', 'YYYY-MM-DD'), 241204 );
INSERT INTO festaNoCruzeiro ( dataInicio, numeroConvidados, nome, dataFim, IMO )
	VALUES ( to_date ('2007-09-06', 'YYYY-MM-DD'), 509247, 'Kamilly Moura', to_date ('2011-11-20', 'YYYY-MM-DD'), 857861 );
INSERT INTO festaNoCruzeiro ( dataInicio, numeroConvidados, nome, dataFim, IMO )
	VALUES ( to_date ('2001-02-04', 'YYYY-MM-DD'), 752231, 'Gabrielly da Paz', to_date ('2009-03-24', 'YYYY-MM-DD'), 743680 );
INSERT INTO festaNoCruzeiro ( dataInicio, numeroConvidados, nome, dataFim, IMO )
	VALUES ( to_date ('2002-10-25', 'YYYY-MM-DD'), 457624, 'Giovanna das Neves', to_date ('2010-03-10', 'YYYY-MM-DD'), 184600 );
INSERT INTO festaNoCruzeiro ( dataInicio, numeroConvidados, nome, dataFim, IMO )
	VALUES ( to_date ('2001-01-07', 'YYYY-MM-DD'), 382962, 'Luiz Otávio Ramos', to_date ('2008-07-01', 'YYYY-MM-DD'), 724005 );
INSERT INTO festaNoCruzeiro ( dataInicio, numeroConvidados, nome, dataFim, IMO )
	VALUES ( to_date ('2004-03-09', 'YYYY-MM-DD'), 208695, 'Otávio Cardoso,', to_date ('2010-07-27', 'YYYY-MM-DD'), 422247 );
INSERT INTO festaNoCruzeiro ( dataInicio, numeroConvidados, nome, dataFim, IMO )
	VALUES ( to_date ('2004-11-17', 'YYYY-MM-DD'), 395220, 'Lucas Azevedo', to_date ('2009-02-12', 'YYYY-MM-DD'), 630955 );
INSERT INTO festaNoCruzeiro ( dataInicio, numeroConvidados, nome, dataFim, IMO )
	VALUES ( to_date ('2001-02-18', 'YYYY-MM-DD'), 218058, 'Sra. Kamilly Cavalcanti', to_date ('2009-04-12', 'YYYY-MM-DD'), 141810 );
INSERT INTO festaNoCruzeiro ( dataInicio, numeroConvidados, nome, dataFim, IMO )
	VALUES ( to_date ('2016-05-12', 'YYYY-MM-DD'), 167547, 'Davi Luiz Ribeiro', to_date ('2013-09-23', 'YYYY-MM-DD'), 892828 );
INSERT INTO festaNoCruzeiro ( dataInicio, numeroConvidados, nome, dataFim, IMO )
	VALUES ( to_date ('2014-02-12', 'YYYY-MM-DD'), 210482, 'Heitor Nogueira', to_date ('2017-10-11', 'YYYY-MM-DD'), 233250 );
INSERT INTO festaNoCruzeiro ( dataInicio, numeroConvidados, nome, dataFim, IMO )
	VALUES ( to_date ('2007-11-01', 'YYYY-MM-DD'), 192219, 'Ana Clara Almeida', to_date ('2005-04-06', 'YYYY-MM-DD'), 145800 );
INSERT INTO festaNoCruzeiro ( dataInicio, numeroConvidados, nome, dataFim, IMO )
	VALUES ( to_date ('2012-04-23', 'YYYY-MM-DD'), 103585, 'Maria Alice Castro', to_date ('2017-04-20', 'YYYY-MM-DD'), 728624 );
INSERT INTO festaNoCruzeiro ( dataInicio, numeroConvidados, nome, dataFim, IMO )
	VALUES ( to_date ('2009-08-24', 'YYYY-MM-DD'), 282068, 'Rebeca Araújo', to_date ('2007-02-07', 'YYYY-MM-DD'), 207074 );
INSERT INTO festaNoCruzeiro ( dataInicio, numeroConvidados, nome, dataFim, IMO )
	VALUES ( to_date ('2002-06-07', 'YYYY-MM-DD'), 495726, 'Pedro Henrique Cavalcanti', to_date ('2017-10-05', 'YYYY-MM-DD'), 229102 );
/* NULL INSERTION FOR ATTRIBUTE numeroConvidados AT TABLE festaNoCruzeiro  */
 INSERT INTO festaNoCruzeiro ( dataInicio, numeroConvidados, nome, dataFim, IMO )
	VALUES ( to_date ('2010-09-10', 'YYYY-MM-DD'), NULL, 'Bruno Nogueira', to_date ('2016-05-18', 'YYYY-MM-DD'), 667995 );
/* NULL INSERTION FOR ATTRIBUTE dataFim AT TABLE festaNoCruzeiro  */
 INSERT INTO festaNoCruzeiro ( dataInicio, numeroConvidados, nome, dataFim, IMO )
	VALUES ( to_date ('2006-03-18', 'YYYY-MM-DD'), 359845, 'Murilo Alves', NULL, 745982 );

/* TABLE locaisCruzeiro */
INSERT INTO locaisCruzeiro ( dataFesta, local, IMO )
	VALUES ( to_date ('2014-10-25', 'YYYY-MM-DD'), 'Quis cum recusandae ratione vel. Eius aliquam aperiam voluptatum asperiores.', 898155 );
INSERT INTO locaisCruzeiro ( dataFesta, local, IMO )
	VALUES ( to_date ('2007-02-15', 'YYYY-MM-DD'), 'Dolor a molestias provident aperiam. Iure perspiciatis reiciendis id har', 880367 );
INSERT INTO locaisCruzeiro ( dataFesta, local, IMO )
	VALUES ( to_date ('2006-10-07', 'YYYY-MM-DD'), 'Recusandae dolore enim consequatur corrupti. Corrupti reprehenderit itaque amet.', 258068 );
INSERT INTO locaisCruzeiro ( dataFesta, local, IMO )
	VALUES ( to_date ('2010-08-24', 'YYYY-MM-DD'), 'Molestiae eaque molestias cum delectus similique. Rem perferendis incidunt quos veniam animi u', 134917 );
INSERT INTO locaisCruzeiro ( dataFesta, local, IMO )
	VALUES ( to_date ('2014-07-03', 'YYYY-MM-DD'), 'Quasi occaecati magnam excepturi. Doloribus aut est veritatis provident excep', 587666 );
INSERT INTO locaisCruzeiro ( dataFesta, local, IMO )
	VALUES ( to_date ('2017-05-05', 'YYYY-MM-DD'), 'Assumenda maxime dolore dolorem quas voluptas. Voluptate eius est repellat occaecati distinctio minima d', 177717 );
INSERT INTO locaisCruzeiro ( dataFesta, local, IMO )
	VALUES ( to_date ('2009-02-08', 'YYYY-MM-DD'), 'Facere illo accusantium dicta et.Culpa maxime quae ipsa dolor repellendus. Suscipit impedit nesciunt quasi accusantiu', 126221 );
INSERT INTO locaisCruzeiro ( dataFesta, local, IMO )
	VALUES ( to_date ('2006-08-22', 'YYYY-MM-DD'), 'Deserunt minima facilis mollitia accusamus. Natus neque ea dignis', 880269 );
INSERT INTO locaisCruzeiro ( dataFesta, local, IMO )
	VALUES ( to_date ('2009-06-01', 'YYYY-MM-DD'), 'Ullam rerum totam. Animi commodi beatae ea cum. Tempora in mollitia.Odit numquam', 142278 );
INSERT INTO locaisCruzeiro ( dataFesta, local, IMO )
	VALUES ( to_date ('2007-11-07', 'YYYY-MM-DD'), 'Quos molestias error necessitatibus veritatis aperiam. Nobis accusamus magni modi aliquam dolor. Inventore ut s', 379694 );
INSERT INTO locaisCruzeiro ( dataFesta, local, IMO )
	VALUES ( to_date ('2002-10-25', 'YYYY-MM-DD'), 'Magni doloribus omnis id ullam ratione. Dolore vitae voluptatibus reiciendis veniam. Laborum facere ', 184600 );
INSERT INTO locaisCruzeiro ( dataFesta, local, IMO )
	VALUES ( to_date ('2010-01-17', 'YYYY-MM-DD'), 'Blanditiis aspernatur exercitationem blanditiis odio. Corrupti quo expedita sunt', 655798 );
INSERT INTO locaisCruzeiro ( dataFesta, local, IMO )
	VALUES ( to_date ('2007-08-14', 'YYYY-MM-DD'), 'Dignissimos temporibus alias. Provident tenetur deserunt veniam in omnis ipsa. Blanditiis consequuntur eligendi optio do', 503845 );
INSERT INTO locaisCruzeiro ( dataFesta, local, IMO )
	VALUES ( to_date ('2011-07-01', 'YYYY-MM-DD'), 'Ipsa maiores nemo non quam.Odio impedit ad molestiae similique. Libero quis assumenda dolo', 265439 );
INSERT INTO locaisCruzeiro ( dataFesta, local, IMO )
	VALUES ( to_date ('2009-08-24', 'YYYY-MM-DD'), 'Repellendus eveniet cumque laborum quaerat. Accusantium praesentium consectetur molestias voluptates.Tenetur ', 207074 );
INSERT INTO locaisCruzeiro ( dataFesta, local, IMO )
	VALUES ( to_date ('2010-05-23', 'YYYY-MM-DD'), 'Necessitatibus possimus recusandae adipisci quisquam. Porro ratione et provident vitae hic. Distinctio architecto praesent', 488542 );
INSERT INTO locaisCruzeiro ( dataFesta, local, IMO )
	VALUES ( to_date ('2003-08-01', 'YYYY-MM-DD'), 'Error enim eum ullam neque ullam suscipit. Doloribus laboriosam itaque laboriosam eligendi do', 511308 );
INSERT INTO locaisCruzeiro ( dataFesta, local, IMO )
	VALUES ( to_date ('2014-10-09', 'YYYY-MM-DD'), 'Ratione nesciunt aliquid possimus. Quos officia error quidem nihil.', 476436 );
INSERT INTO locaisCruzeiro ( dataFesta, local, IMO )
	VALUES ( to_date ('2012-08-12', 'YYYY-MM-DD'), 'Voluptatibus beatae optio fugiat commodi. Eos quam enim quidem molestias. Quo ', 695104 );
INSERT INTO locaisCruzeiro ( dataFesta, local, IMO )
	VALUES ( to_date ('2004-03-09', 'YYYY-MM-DD'), 'Facilis ut iure quam dolore. Nisi ipsum occaecati reprehenderit.', 422247 );
INSERT INTO locaisCruzeiro ( dataFesta, local, IMO )
	VALUES ( to_date ('2007-01-04', 'YYYY-MM-DD'), 'Libero ratione blanditiis. Aspernatur voluptate magni suscipit commo', 763144 );
INSERT INTO locaisCruzeiro ( dataFesta, local, IMO )
	VALUES ( to_date ('2010-05-17', 'YYYY-MM-DD'), 'Magni dolore sint veritatis eligendi exercitationem fugiat itaque. Laudantium inventore eum eaque ut deleniti.At aut ', 784494 );
INSERT INTO locaisCruzeiro ( dataFesta, local, IMO )
	VALUES ( to_date ('2014-02-27', 'YYYY-MM-DD'), 'Vel aperiam non perspiciatis nesciunt vitae odio. Quo quam fugiat quos ', 836688 );
INSERT INTO locaisCruzeiro ( dataFesta, local, IMO )
	VALUES ( to_date ('2008-07-11', 'YYYY-MM-DD'), 'Officia reiciendis numquam ipsum sit. Temporibus corrupti mollitia quia architecto.Pariatur earum sae', 843239 );
INSERT INTO locaisCruzeiro ( dataFesta, local, IMO )
	VALUES ( to_date ('2015-05-11', 'YYYY-MM-DD'), 'Dolorem placeat facilis. Incidunt dicta quibusdam molestiae aliquam distinctio. Voluptates porro incidunt architect', 404151 );
INSERT INTO locaisCruzeiro ( dataFesta, local, IMO )
	VALUES ( to_date ('2009-11-24', 'YYYY-MM-DD'), 'Optio sequi corrupti numquam optio sequi in. Expedita minus volu', 359044 );
INSERT INTO locaisCruzeiro ( dataFesta, local, IMO )
	VALUES ( to_date ('2001-02-18', 'YYYY-MM-DD'), 'Doloremque tempora delectus dolores molestiae cupiditate. Ad assumenda nemo neque. Quia debitis excepturi fugiat nulla.', 141810 );
INSERT INTO locaisCruzeiro ( dataFesta, local, IMO )
	VALUES ( to_date ('2012-08-14', 'YYYY-MM-DD'), 'Eaque voluptatum corrupti facilis a dicta. Eaque totam corporis expedita illum sequi in suscipit.Veniam accusamus dolorem f', 412730 );
INSERT INTO locaisCruzeiro ( dataFesta, local, IMO )
	VALUES ( to_date ('2013-08-15', 'YYYY-MM-DD'), 'Fugiat quibusdam vero magnam eveniet praesentium. Reiciendis corrupti iure inventore illo ess', 320540 );
INSERT INTO locaisCruzeiro ( dataFesta, local, IMO )
	VALUES ( to_date ('2004-11-17', 'YYYY-MM-DD'), 'Modi eveniet et aliquam officia nisi officia voluptatibus. Sed illo placeat eveniet. Et molestiae aliquid di', 630955 );
INSERT INTO locaisCruzeiro ( dataFesta, local, IMO )
	VALUES ( to_date ('2016-05-12', 'YYYY-MM-DD'), 'Aut itaque illum veniam nesciunt nobis. Cumque vero ea est.Commodi maxime deser', 892828 );
INSERT INTO locaisCruzeiro ( dataFesta, local, IMO )
	VALUES ( to_date ('2007-01-13', 'YYYY-MM-DD'), 'Dolor sapiente minus. Ab totam veritatis.Eius odio dicta porro impedit. Earum aspe', 746157 );
INSERT INTO locaisCruzeiro ( dataFesta, local, IMO )
	VALUES ( to_date ('2012-09-27', 'YYYY-MM-DD'), 'Nostrum rerum tempore vel eveniet provident laboriosam. Inventore repellat neque', 588757 );
INSERT INTO locaisCruzeiro ( dataFesta, local, IMO )
	VALUES ( to_date ('2007-10-18', 'YYYY-MM-DD'), 'Odio dignissimos mollitia saepe atque ipsam. Numquam facilis omnis deleniti atque et. Aliquid nostrum qui adipisci.Dolorum volu', 732409 );
INSERT INTO locaisCruzeiro ( dataFesta, local, IMO )
	VALUES ( to_date ('2007-11-01', 'YYYY-MM-DD'), 'Porro illum blanditiis animi repudiandae alias.Beatae saepe inventore ut. Iure e', 145800 );
INSERT INTO locaisCruzeiro ( dataFesta, local, IMO )
	VALUES ( to_date ('2002-03-20', 'YYYY-MM-DD'), 'Recusandae necessitatibus nisi pariatur nobis totam. Similique perferendis corrupti magnam. Natus error veniam praesentium fug', 414710 );
INSERT INTO locaisCruzeiro ( dataFesta, local, IMO )
	VALUES ( to_date ('2016-11-01', 'YYYY-MM-DD'), 'Fugit veritatis quo cumque culpa dignissimos. Corporis omnis corporis a.Voluptas magni placeat repellendus odit. Alias eaqu', 732693 );
INSERT INTO locaisCruzeiro ( dataFesta, local, IMO )
	VALUES ( to_date ('2009-09-22', 'YYYY-MM-DD'), 'Iure cupiditate nihil eveniet occaecati nobis culpa. Quia harum asperiores vel quo odio modi omnis. Cum necessitat', 268782 );
INSERT INTO locaisCruzeiro ( dataFesta, local, IMO )
	VALUES ( to_date ('2017-09-05', 'YYYY-MM-DD'), 'Perspiciatis temporibus quisquam vel nemo. Dolorum ea doloremque nesciunt optio. Ipsa numquam eius quasi rerum.', 157009 );
INSERT INTO locaisCruzeiro ( dataFesta, local, IMO )
	VALUES ( to_date ('2006-07-05', 'YYYY-MM-DD'), 'Libero est beatae tempora excepturi ullam. Dicta architecto officiis eaque perspiciatis ratione labore. Laboriosam ', 740141 );
INSERT INTO locaisCruzeiro ( dataFesta, local, IMO )
	VALUES ( to_date ('2016-03-01', 'YYYY-MM-DD'), 'Repellat nisi earum accusamus. Iusto quas nam incidunt. Omnis saep', 583933 );
INSERT INTO locaisCruzeiro ( dataFesta, local, IMO )
	VALUES ( to_date ('2001-01-01', 'YYYY-MM-DD'), 'Nihil adipisci quibusdam eaque. Mollitia vero libero a voluptatibus tempore.', 753881 );
INSERT INTO locaisCruzeiro ( dataFesta, local, IMO )
	VALUES ( to_date ('2012-01-19', 'YYYY-MM-DD'), 'Dolores vitae assumenda. Laborum iste totam sequi suscipit qui facere dolorem. Totam labore harum ad repellendus harum numqu', 151614 );
INSERT INTO locaisCruzeiro ( dataFesta, local, IMO )
	VALUES ( to_date ('2002-06-07', 'YYYY-MM-DD'), 'Fuga occaecati ratione et maiores nulla consequatur vel. Consequuntur necessitatibus tempore optio. La', 229102 );
INSERT INTO locaisCruzeiro ( dataFesta, local, IMO )
	VALUES ( to_date ('2012-06-05', 'YYYY-MM-DD'), 'Commodi at cum harum ullam. Temporibus fugit laboriosam dolorem vitae d', 567625 );
INSERT INTO locaisCruzeiro ( dataFesta, local, IMO )
	VALUES ( to_date ('2000-02-03', 'YYYY-MM-DD'), 'Consectetur error aliquid corporis aliquam tenetur incidunt vitae.Perspiciatis corporis volupt', 746148 );
INSERT INTO locaisCruzeiro ( dataFesta, local, IMO )
	VALUES ( to_date ('2011-02-20', 'YYYY-MM-DD'), 'Nemo id illo provident provident explicabo at. Magnam consectetur maxime architecto. Doloribus c', 373474 );
INSERT INTO locaisCruzeiro ( dataFesta, local, IMO )
	VALUES ( to_date ('2014-02-12', 'YYYY-MM-DD'), 'Qui nihil quibusdam dolorem. Fugiat quibusdam sint voluptatem nostrum recusan', 233250 );
INSERT INTO locaisCruzeiro ( dataFesta, local, IMO )
	VALUES ( to_date ('2008-07-18', 'YYYY-MM-DD'), 'Occaecati adipisci earum natus. Totam fuga repellat dolor maiores do', 558331 );
INSERT INTO locaisCruzeiro ( dataFesta, local, IMO )
	VALUES ( to_date ('2014-04-11', 'YYYY-MM-DD'), 'Doloribus provident perferendis. Voluptates exercitationem quae ', 860952 );
INSERT INTO locaisCruzeiro ( dataFesta, local, IMO )
	VALUES ( to_date ('2010-06-16', 'YYYY-MM-DD'), 'Voluptate autem tempora possimus. Incidunt repudiandae eum libero facilis fugit per', 569113 );
INSERT INTO locaisCruzeiro ( dataFesta, local, IMO )
	VALUES ( to_date ('2016-05-02', 'YYYY-MM-DD'), 'Quod nihil consectetur itaque occaecati necessitatibus. Modi omnis architecto quae vol', 449885 );
INSERT INTO locaisCruzeiro ( dataFesta, local, IMO )
	VALUES ( to_date ('2001-01-07', 'YYYY-MM-DD'), 'Eos quaerat illo itaque excepturi.Quisquam illo doloremque explicabo fug', 724005 );
INSERT INTO locaisCruzeiro ( dataFesta, local, IMO )
	VALUES ( to_date ('2001-06-26', 'YYYY-MM-DD'), 'Dolorem praesentium porro esse culpa provident. Quisquam nulla quos repellat. Quisquam libero at ', 219823 );
INSERT INTO locaisCruzeiro ( dataFesta, local, IMO )
	VALUES ( to_date ('2011-10-09', 'YYYY-MM-DD'), 'Perferendis quam voluptatibus exercitationem. Porro assumenda illum officia facilis. Rem labore dicta. Dolor porro ex', 717506 );
INSERT INTO locaisCruzeiro ( dataFesta, local, IMO )
	VALUES ( to_date ('2007-10-29', 'YYYY-MM-DD'), 'Dicta accusamus in repudiandae aspernatur. Explicabo ab earum a nihil quibusdam. Placeat asperiores doloribus asperiores quaer', 816533 );
INSERT INTO locaisCruzeiro ( dataFesta, local, IMO )
	VALUES ( to_date ('2012-04-23', 'YYYY-MM-DD'), 'Aliquid mollitia quas. Repudiandae architecto pariatur. Hic dignissimos a quae q', 728624 );
INSERT INTO locaisCruzeiro ( dataFesta, local, IMO )
	VALUES ( to_date ('2017-06-21', 'YYYY-MM-DD'), 'Voluptatum perspiciatis magnam voluptatibus cumque maxime vel aliquam. Repe', 158526 );
INSERT INTO locaisCruzeiro ( dataFesta, local, IMO )
	VALUES ( to_date ('2017-01-03', 'YYYY-MM-DD'), 'Reprehenderit quibusdam cum aspernatur magnam. Sed at nobis laborum doloremque maxime. Perferendis similique mollitia at cum.', 242641 );
INSERT INTO locaisCruzeiro ( dataFesta, local, IMO )
	VALUES ( to_date ('2007-08-18', 'YYYY-MM-DD'), 'Veritatis error deleniti. Aperiam accusantium iure harum.Quasi voluptate nostrum error asperior', 155041 );
INSERT INTO locaisCruzeiro ( dataFesta, local, IMO )
	VALUES ( to_date ('2016-11-06', 'YYYY-MM-DD'), 'Laboriosam alias voluptatum tenetur odit. Quia nihil aliquid exercitation', 543289 );
INSERT INTO locaisCruzeiro ( dataFesta, local, IMO )
	VALUES ( to_date ('2017-08-28', 'YYYY-MM-DD'), 'Magnam nesciunt perferendis minus animi voluptatem. Consequuntur quaerat molestiae mol', 388962 );
INSERT INTO locaisCruzeiro ( dataFesta, local, IMO )
	VALUES ( to_date ('2000-09-03', 'YYYY-MM-DD'), 'Voluptatum eligendi incidunt quam aspernatur aspernatur quo. Animi commodi non', 803542 );
INSERT INTO locaisCruzeiro ( dataFesta, local, IMO )
	VALUES ( to_date ('2004-05-13', 'YYYY-MM-DD'), 'At maxime quis dolor doloremque voluptates consequatur. Rerum cupidita', 523507 );
INSERT INTO locaisCruzeiro ( dataFesta, local, IMO )
	VALUES ( to_date ('2011-08-14', 'YYYY-MM-DD'), 'Itaque natus nostrum error explicabo. Quis libero quo facere. Maiores consectetur recusandae autem.Dolor tenetur omnis vel.', 214470 );
INSERT INTO locaisCruzeiro ( dataFesta, local, IMO )
	VALUES ( to_date ('2002-05-09', 'YYYY-MM-DD'), 'Ducimus cupiditate atque possimus suscipit nesciunt. Commodi possimus minima eius deleniti.', 118706 );
INSERT INTO locaisCruzeiro ( dataFesta, local, IMO )
	VALUES ( to_date ('2010-09-12', 'YYYY-MM-DD'), 'Cum unde molestiae explicabo mollitia perspiciatis animi.', 607559 );
INSERT INTO locaisCruzeiro ( dataFesta, local, IMO )
	VALUES ( to_date ('2007-02-29', 'YYYY-MM-DD'), 'Totam ullam possimus eaque perferendis rerum delectus. Expedita sed vel aliquam quis. Quia ea sunt at inventore reprehender', 685587 );
INSERT INTO locaisCruzeiro ( dataFesta, local, IMO )
	VALUES ( to_date ('2007-01-16', 'YYYY-MM-DD'), 'Accusamus sequi sequi aliquam consequatur eveniet distinctio. Soluta', 574871 );
INSERT INTO locaisCruzeiro ( dataFesta, local, IMO )
	VALUES ( to_date ('2009-03-29', 'YYYY-MM-DD'), 'Alias consequatur odit alias a.Aspernatur nisi quam placeat. Adipisci facere fugit corporis d', 341493 );
INSERT INTO locaisCruzeiro ( dataFesta, local, IMO )
	VALUES ( to_date ('2011-03-18', 'YYYY-MM-DD'), 'Voluptatem nesciunt tempore nesciunt quaerat quo. Quam laborum veritatis quibusdam.Cupiditate iste fugiat esse rer', 606930 );
INSERT INTO locaisCruzeiro ( dataFesta, local, IMO )
	VALUES ( to_date ('2013-02-24', 'YYYY-MM-DD'), 'Dicta delectus magni libero architecto nisi.Architecto eaque labore perspiciatis. Expedita quia beatae ', 225312 );
INSERT INTO locaisCruzeiro ( dataFesta, local, IMO )
	VALUES ( to_date ('2001-05-08', 'YYYY-MM-DD'), 'Aliquid harum facilis. Tempora officiis ad labore est assumenda eos error. Illum numquam ration', 185523 );
INSERT INTO locaisCruzeiro ( dataFesta, local, IMO )
	VALUES ( to_date ('2001-06-10', 'YYYY-MM-DD'), 'Ratione incidunt minus beatae modi enim. Repellendus dolores ab tempora consequatur in modi perspiciatis. Hic hic corru', 508631 );
INSERT INTO locaisCruzeiro ( dataFesta, local, IMO )
	VALUES ( to_date ('2017-10-01', 'YYYY-MM-DD'), 'Possimus odio ad minus voluptates rem vel. Veniam odio fuga. Sint placeat mollitia odio.', 241204 );
INSERT INTO locaisCruzeiro ( dataFesta, local, IMO )
	VALUES ( to_date ('2017-07-24', 'YYYY-MM-DD'), 'Nisi natus nobis. Cumque laboriosam reiciendis culpa vitae laboriosam.Earum sit vitae aliquid. Eaque magni earum vitae la', 130167 );
INSERT INTO locaisCruzeiro ( dataFesta, local, IMO )
	VALUES ( to_date ('2014-01-23', 'YYYY-MM-DD'), 'Placeat cupiditate in illo eaque quaerat. Hic repudiandae dolorum id ducimus id. N', 234840 );
INSERT INTO locaisCruzeiro ( dataFesta, local, IMO )
	VALUES ( to_date ('2000-01-06', 'YYYY-MM-DD'), 'Vitae ex minus adipisci fugit. Labore voluptatum aspernatur accusam', 808363 );
INSERT INTO locaisCruzeiro ( dataFesta, local, IMO )
	VALUES ( to_date ('2004-08-29', 'YYYY-MM-DD'), 'Doloribus amet dicta sint. Voluptas ullam sapiente. Mollitia incidunt laudantium accusantium ', 593872 );
INSERT INTO locaisCruzeiro ( dataFesta, local, IMO )
	VALUES ( to_date ('2001-02-04', 'YYYY-MM-DD'), 'Veniam dolorum molestiae cupiditate magni. Molestiae odio ex. Dolorum deserunt con', 743680 );
INSERT INTO locaisCruzeiro ( dataFesta, local, IMO )
	VALUES ( to_date ('2000-05-10', 'YYYY-MM-DD'), 'Dolorem eos doloribus architecto occaecati. Vitae aliquam tempore beatae illo ', 212968 );
INSERT INTO locaisCruzeiro ( dataFesta, local, IMO )
	VALUES ( to_date ('2004-07-09', 'YYYY-MM-DD'), 'Dolores odio pariatur occaecati blanditiis voluptatum. Cum adipisci dol', 347279 );
INSERT INTO locaisCruzeiro ( dataFesta, local, IMO )
	VALUES ( to_date ('2004-07-29', 'YYYY-MM-DD'), 'Esse enim amet. Mollitia accusantium numquam amet eos nulla atque.', 871223 );
INSERT INTO locaisCruzeiro ( dataFesta, local, IMO )
	VALUES ( to_date ('2004-04-30', 'YYYY-MM-DD'), 'Ipsa rem quae animi expedita quis. Distinctio aut aspernatur. Saep', 737411 );
INSERT INTO locaisCruzeiro ( dataFesta, local, IMO )
	VALUES ( to_date ('2014-03-18', 'YYYY-MM-DD'), 'Illum commodi odit laboriosam. Ipsa sed optio ad.Voluptatibus ad vero placeat. Amet la', 617479 );
INSERT INTO locaisCruzeiro ( dataFesta, local, IMO )
	VALUES ( to_date ('2013-02-19', 'YYYY-MM-DD'), 'Natus et illum facilis id. Numquam totam ea quaerat.', 303400 );
INSERT INTO locaisCruzeiro ( dataFesta, local, IMO )
	VALUES ( to_date ('2007-09-06', 'YYYY-MM-DD'), 'Illo voluptatem ullam laboriosam harum voluptatibus eos. Eveniet culpa labore architecto i', 857861 );
INSERT INTO locaisCruzeiro ( dataFesta, local, IMO )
	VALUES ( to_date ('2016-07-10', 'YYYY-MM-DD'), 'Illum delectus voluptas consectetur. Necessitatibus molestias corrupti.Commodi facilis hic non magnam. Adipisci nam id eaque.', 495169 );
INSERT INTO locaisCruzeiro ( dataFesta, local, IMO )
	VALUES ( to_date ('2013-08-11', 'YYYY-MM-DD'), 'Harum tenetur libero sed asperiores laudantium. Ipsum mollitia error laboriosam.', 561844 );
INSERT INTO locaisCruzeiro ( dataFesta, local, IMO )
	VALUES ( to_date ('2003-04-15', 'YYYY-MM-DD'), 'Sit exercitationem modi doloremque. Nostrum harum ad architecto consequuntur eius', 883477 );
INSERT INTO locaisCruzeiro ( dataFesta, local, IMO )
	VALUES ( to_date ('2004-10-02', 'YYYY-MM-DD'), 'Veritatis expedita reiciendis unde harum commodi dicta in. Magnam deleniti alias beatae voluptas natus', 319869 );
INSERT INTO locaisCruzeiro ( dataFesta, local, IMO )
	VALUES ( to_date ('2015-06-17', 'YYYY-MM-DD'), 'Tenetur soluta doloremque. Nihil odio perferendis eos sunt tempora asperiores doloribus.', 296365 );
INSERT INTO locaisCruzeiro ( dataFesta, local, IMO )
	VALUES ( to_date ('2002-07-22', 'YYYY-MM-DD'), 'Numquam asperiores provident accusamus fuga aspernatur blanditiis. Quis odio aliquam aperiam laudantium sed voluptatum. Pla', 239801 );
INSERT INTO locaisCruzeiro ( dataFesta, local, IMO )
	VALUES ( to_date ('2004-10-20', 'YYYY-MM-DD'), 'Odit mollitia inventore at doloremque eligendi. Quasi doloribus unde recusandae a suscipit dolorem velit. Modi maxime labore sit', 784820 );
INSERT INTO locaisCruzeiro ( dataFesta, local, IMO )
	VALUES ( to_date ('2000-09-23', 'YYYY-MM-DD'), 'Fugit ea architecto ex tempora itaque. Numquam quisquam omnis consequatur. Voluptatem amet id voluptatibu', 600027 );
INSERT INTO locaisCruzeiro ( dataFesta, local, IMO )
	VALUES ( to_date ('2000-10-25', 'YYYY-MM-DD'), 'Amet nihil totam. Eos itaque quia consequuntur non eveniet maxime. Delectus nihil eius excepturi libero quos.Exercitation', 887983 );
INSERT INTO locaisCruzeiro ( dataFesta, local, IMO )
	VALUES ( to_date ('2003-03-14', 'YYYY-MM-DD'), 'In unde dignissimos placeat. Ratione tempora minima explicabo culpa cumque. Expedita repudiandae cum.Iure ma', 441425 );
INSERT INTO locaisCruzeiro ( dataFesta, local, IMO )
	VALUES ( to_date ('2008-08-09', 'YYYY-MM-DD'), 'Explicabo qui ipsum tenetur minima ad. Deserunt error voluptatum voluptatum odio labore inventore.Totam tenetur nobis t', 248109 );
INSERT INTO locaisCruzeiro ( dataFesta, local, IMO )
	VALUES ( to_date ('2012-08-29', 'YYYY-MM-DD'), 'Odit voluptatibus possimus quae laboriosam. Porro non accusamus praesentium cumque. Consequatur iste iusto tota', 622278 );
INSERT INTO locaisCruzeiro ( dataFesta, local, IMO )
	VALUES ( to_date ('2009-10-27', 'YYYY-MM-DD'), 'Vel deleniti perspiciatis id necessitatibus consequatur error.Dolorem explicabo aut debitis offi', 100729 );

/* TABLE show */
INSERT INTO show ( contrato, dataFesta, nomeBanda, IMO, dataCriacaoBanda, terminoPrevisto, horaInicio, data )
	VALUES ( 'Voluptas nesciunt sint ullam possimus nih', to_date ('2000-10-25', 'YYYY-MM-DD'), 'Dr. Joaquim Peixoto', 887983, to_date ('2011-11-11', 'YYYY-MM-DD'), to_timestamp ('2014-08-11 21:08:19', 'YYYY-MM-DD HH24:MI:SS'), '10:18:20', to_date ('2004-03-27', 'YYYY-MM-DD') );
INSERT INTO show ( contrato, dataFesta, nomeBanda, IMO, dataCriacaoBanda, terminoPrevisto, horaInicio, data )
	VALUES ( 'Cum sunt dicta suscipit laudantium nihil. Possimus repellat magn', to_date ('2013-08-11', 'YYYY-MM-DD'), 'Emanuella Viana', 561844, to_date ('2009-04-09', 'YYYY-MM-DD'), to_timestamp ('2007-10-15 17:19:14', 'YYYY-MM-DD HH24:MI:SS'), '08:46:09', to_date ('2018-07-05', 'YYYY-MM-DD') );
INSERT INTO show ( contrato, dataFesta, nomeBanda, IMO, dataCriacaoBanda, terminoPrevisto, horaInicio, data )
	VALUES ( 'Ex odit excepturi labore pariatur ', to_date ('2017-05-05', 'YYYY-MM-DD'), 'Rafaela Gonçalves', 177717, to_date ('2003-10-18', 'YYYY-MM-DD'), to_timestamp ('2002-11-04 04:43:41', 'YYYY-MM-DD HH24:MI:SS'), '14:33:46', to_date ('2016-08-22', 'YYYY-MM-DD') );
INSERT INTO show ( contrato, dataFesta, nomeBanda, IMO, dataCriacaoBanda, terminoPrevisto, horaInicio, data )
	VALUES ( 'Voluptatibus fugit itaque placeat inventore. Possimus maiores', to_date ('2017-07-24', 'YYYY-MM-DD'), 'Arthur Cavalcanti', 130167, to_date ('2012-06-25', 'YYYY-MM-DD'), to_timestamp ('2018-07-29 06:22:44', 'YYYY-MM-DD HH24:MI:SS'), '17:09:25', to_date ('2009-08-11', 'YYYY-MM-DD') );
INSERT INTO show ( contrato, dataFesta, nomeBanda, IMO, dataCriacaoBanda, terminoPrevisto, horaInicio, data )
	VALUES ( 'Nostrum suscipit repellat maiores ', to_date ('2017-10-01', 'YYYY-MM-DD'), 'Marcela da Conceição', 241204, to_date ('2000-06-23', 'YYYY-MM-DD'), to_timestamp ('2001-08-11 06:48:12', 'YYYY-MM-DD HH24:MI:SS'), '16:58:28', to_date ('2009-01-12', 'YYYY-MM-DD') );
INSERT INTO show ( contrato, dataFesta, nomeBanda, IMO, dataCriacaoBanda, terminoPrevisto, horaInicio, data )
	VALUES ( 'Qui aliquid impedit mollitia sunt', to_date ('2003-04-15', 'YYYY-MM-DD'), 'Marina Peixoto', 883477, to_date ('2008-11-20', 'YYYY-MM-DD'), to_timestamp ('2003-11-17 22:13:18', 'YYYY-MM-DD HH24:MI:SS'), '07:25:01', to_date ('2016-08-06', 'YYYY-MM-DD') );
INSERT INTO show ( contrato, dataFesta, nomeBanda, IMO, dataCriacaoBanda, terminoPrevisto, horaInicio, data )
	VALUES ( 'Officia aliquid alias cupiditate. Fugiat to', to_date ('2002-07-22', 'YYYY-MM-DD'), 'Marina Alves', 239801, to_date ('2008-10-23', 'YYYY-MM-DD'), to_timestamp ('2013-09-06 07:21:10', 'YYYY-MM-DD HH24:MI:SS'), '14:04:58', to_date ('2002-01-27', 'YYYY-MM-DD') );
INSERT INTO show ( contrato, dataFesta, nomeBanda, IMO, dataCriacaoBanda, terminoPrevisto, horaInicio, data )
	VALUES ( 'Similique doloremque animi. Magnam sint ipsum laudantium', to_date ('2006-08-22', 'YYYY-MM-DD'), 'Diogo Carvalho', 880269, to_date ('2009-06-17', 'YYYY-MM-DD'), to_timestamp ('2013-11-11 09:33:42', 'YYYY-MM-DD HH24:MI:SS'), '03:05:13', to_date ('2012-01-19', 'YYYY-MM-DD') );
INSERT INTO show ( contrato, dataFesta, nomeBanda, IMO, dataCriacaoBanda, terminoPrevisto, horaInicio, data )
	VALUES ( 'Eligendi ipsum laboriosam ab soluta sit. ', to_date ('2014-04-11', 'YYYY-MM-DD'), 'Enzo Gabriel da Rosa', 860952, to_date ('2007-05-17', 'YYYY-MM-DD'), to_timestamp ('2012-10-11 08:29:30', 'YYYY-MM-DD HH24:MI:SS'), '08:39:26', to_date ('2016-09-07', 'YYYY-MM-DD') );
INSERT INTO show ( contrato, dataFesta, nomeBanda, IMO, dataCriacaoBanda, terminoPrevisto, horaInicio, data )
	VALUES ( 'Officia sint earum explicabo quae totam et. Vitae e', to_date ('2010-06-16', 'YYYY-MM-DD'), 'Benício Lima', 569113, to_date ('2016-11-01', 'YYYY-MM-DD'), to_timestamp ('2004-06-15 16:00:02', 'YYYY-MM-DD HH24:MI:SS'), '02:21:46', to_date ('2013-05-08', 'YYYY-MM-DD') );
INSERT INTO show ( contrato, dataFesta, nomeBanda, IMO, dataCriacaoBanda, terminoPrevisto, horaInicio, data )
	VALUES ( 'Explicabo at beatae praesentium. Cons', to_date ('2015-05-11', 'YYYY-MM-DD'), 'Luiz Otávio das Neves', 404151, to_date ('2006-11-16', 'YYYY-MM-DD'), to_timestamp ('2001-09-04 00:32:19', 'YYYY-MM-DD HH24:MI:SS'), '09:53:45', to_date ('2009-01-17', 'YYYY-MM-DD') );
INSERT INTO show ( contrato, dataFesta, nomeBanda, IMO, dataCriacaoBanda, terminoPrevisto, horaInicio, data )
	VALUES ( 'Voluptatem sed cumque enim ipsum cumque temporibus. Porr', to_date ('2002-05-09', 'YYYY-MM-DD'), 'Dr. Cauê Lopes', 118706, to_date ('2006-08-02', 'YYYY-MM-DD'), to_timestamp ('2001-11-22 16:42:53', 'YYYY-MM-DD HH24:MI:SS'), '21:44:38', to_date ('2016-07-02', 'YYYY-MM-DD') );
INSERT INTO show ( contrato, dataFesta, nomeBanda, IMO, dataCriacaoBanda, terminoPrevisto, horaInicio, data )
	VALUES ( 'Aperiam tempore perspiciatis magnam. Eos cu', to_date ('2012-09-27', 'YYYY-MM-DD'), 'Emanuelly Cardoso', 588757, to_date ('2007-09-16', 'YYYY-MM-DD'), to_timestamp ('2013-11-13 04:57:15', 'YYYY-MM-DD HH24:MI:SS'), '12:13:40', to_date ('2016-02-18', 'YYYY-MM-DD') );
INSERT INTO show ( contrato, dataFesta, nomeBanda, IMO, dataCriacaoBanda, terminoPrevisto, horaInicio, data )
	VALUES ( 'Facilis deserunt magnam accusamus eum quam. Labore sunt id exerc', to_date ('2002-05-09', 'YYYY-MM-DD'), 'Dr. Erick Almeida', 118706, to_date ('2015-10-02', 'YYYY-MM-DD'), to_timestamp ('2006-01-02 14:28:35', 'YYYY-MM-DD HH24:MI:SS'), '01:27:14', to_date ('2013-09-29', 'YYYY-MM-DD') );
INSERT INTO show ( contrato, dataFesta, nomeBanda, IMO, dataCriacaoBanda, terminoPrevisto, horaInicio, data )
	VALUES ( 'Nesciunt deleniti perspiciatis alias minus ex nobis. Comm', to_date ('2009-02-08', 'YYYY-MM-DD'), 'Sra. Isabella Cunha', 126221, to_date ('2001-09-28', 'YYYY-MM-DD'), to_timestamp ('2000-10-07 14:22:56', 'YYYY-MM-DD HH24:MI:SS'), '19:58:24', to_date ('2000-07-23', 'YYYY-MM-DD') );
INSERT INTO show ( contrato, dataFesta, nomeBanda, IMO, dataCriacaoBanda, terminoPrevisto, horaInicio, data )
	VALUES ( 'Enim aliquam tempora. Facilis recusandae od', to_date ('2009-02-08', 'YYYY-MM-DD'), 'Marcela da Conceição', 126221, to_date ('2000-06-23', 'YYYY-MM-DD'), to_timestamp ('2003-03-08 13:29:08', 'YYYY-MM-DD HH24:MI:SS'), '11:37:18', to_date ('2013-06-05', 'YYYY-MM-DD') );
INSERT INTO show ( contrato, dataFesta, nomeBanda, IMO, dataCriacaoBanda, terminoPrevisto, horaInicio, data )
	VALUES ( 'Cumque expedita nostrum. Ullam consectetur fuga corp', to_date ('2014-07-03', 'YYYY-MM-DD'), 'Caroline Fogaça', 587666, to_date ('2003-11-04', 'YYYY-MM-DD'), to_timestamp ('2018-01-18 05:04:40', 'YYYY-MM-DD HH24:MI:SS'), '21:07:32', to_date ('2009-08-14', 'YYYY-MM-DD') );
INSERT INTO show ( contrato, dataFesta, nomeBanda, IMO, dataCriacaoBanda, terminoPrevisto, horaInicio, data )
	VALUES ( 'Iusto illo quos rem dolores quia occ', to_date ('2010-05-17', 'YYYY-MM-DD'), 'Vitória Silveira', 784494, to_date ('2006-01-06', 'YYYY-MM-DD'), to_timestamp ('2000-01-16 14:57:10', 'YYYY-MM-DD HH24:MI:SS'), '06:36:19', to_date ('2009-07-16', 'YYYY-MM-DD') );
INSERT INTO show ( contrato, dataFesta, nomeBanda, IMO, dataCriacaoBanda, terminoPrevisto, horaInicio, data )
	VALUES ( 'Assumenda provident nihil commodi. Repellend', to_date ('2017-06-21', 'YYYY-MM-DD'), 'Isaac Sales', 158526, to_date ('2010-10-29', 'YYYY-MM-DD'), to_timestamp ('2006-11-14 05:31:01', 'YYYY-MM-DD HH24:MI:SS'), '12:10:40', to_date ('2011-01-11', 'YYYY-MM-DD') );
INSERT INTO show ( contrato, dataFesta, nomeBanda, IMO, dataCriacaoBanda, terminoPrevisto, horaInicio, data )
	VALUES ( 'Possimus repellat iusto. Repellat dolorem ', to_date ('2004-04-30', 'YYYY-MM-DD'), 'Isaac Sales', 737411, to_date ('2010-10-29', 'YYYY-MM-DD'), to_timestamp ('2014-05-05 13:57:29', 'YYYY-MM-DD HH24:MI:SS'), '20:40:18', to_date ('2017-04-10', 'YYYY-MM-DD') );
INSERT INTO show ( contrato, dataFesta, nomeBanda, IMO, dataCriacaoBanda, terminoPrevisto, horaInicio, data )
	VALUES ( 'Illum iste quaerat provident. Quia archite', to_date ('2004-08-29', 'YYYY-MM-DD'), 'Srta. Carolina Dias', 593872, to_date ('2008-03-12', 'YYYY-MM-DD'), to_timestamp ('2007-02-20 05:19:37', 'YYYY-MM-DD HH24:MI:SS'), '21:16:54', to_date ('2005-03-20', 'YYYY-MM-DD') );
INSERT INTO show ( contrato, dataFesta, nomeBanda, IMO, dataCriacaoBanda, terminoPrevisto, horaInicio, data )
	VALUES ( 'Iusto sapiente nihil aut explica', to_date ('2004-05-13', 'YYYY-MM-DD'), 'Dr. Erick Almeida', 523507, to_date ('2015-10-02', 'YYYY-MM-DD'), to_timestamp ('2001-01-14 18:27:18', 'YYYY-MM-DD HH24:MI:SS'), '03:11:18', to_date ('2011-09-24', 'YYYY-MM-DD') );
INSERT INTO show ( contrato, dataFesta, nomeBanda, IMO, dataCriacaoBanda, terminoPrevisto, horaInicio, data )
	VALUES ( 'Ut magni eaque ex. Esse id impedit', to_date ('2006-08-22', 'YYYY-MM-DD'), 'Stephany Viana', 880269, to_date ('2015-04-28', 'YYYY-MM-DD'), to_timestamp ('2015-03-26 09:41:43', 'YYYY-MM-DD HH24:MI:SS'), '01:40:27', to_date ('2009-05-26', 'YYYY-MM-DD') );
INSERT INTO show ( contrato, dataFesta, nomeBanda, IMO, dataCriacaoBanda, terminoPrevisto, horaInicio, data )
	VALUES ( 'Commodi similique accusamus pariatur doloremque aliquid. Autem ', to_date ('2007-08-14', 'YYYY-MM-DD'), 'Marina Alves', 503845, to_date ('2008-10-23', 'YYYY-MM-DD'), to_timestamp ('2008-01-28 20:49:32', 'YYYY-MM-DD HH24:MI:SS'), '13:23:31', to_date ('2015-09-19', 'YYYY-MM-DD') );
INSERT INTO show ( contrato, dataFesta, nomeBanda, IMO, dataCriacaoBanda, terminoPrevisto, horaInicio, data )
	VALUES ( 'Voluptate nam aliquam aperiam nobis quaerat. Tenetu', to_date ('2014-01-23', 'YYYY-MM-DD'), 'Sra. Sarah Ramos', 234840, to_date ('2005-10-18', 'YYYY-MM-DD'), to_timestamp ('2006-08-01 01:15:19', 'YYYY-MM-DD HH24:MI:SS'), '05:50:06', to_date ('2008-07-05', 'YYYY-MM-DD') );
INSERT INTO show ( contrato, dataFesta, nomeBanda, IMO, dataCriacaoBanda, terminoPrevisto, horaInicio, data )
	VALUES ( 'Libero sequi dolorem perspiciatis eaque dolorum laborum sit. Ha', to_date ('2011-10-09', 'YYYY-MM-DD'), 'Gabrielly da Mota', 717506, to_date ('2012-06-11', 'YYYY-MM-DD'), to_timestamp ('2003-05-22 04:56:39', 'YYYY-MM-DD HH24:MI:SS'), '11:51:10', to_date ('2011-07-22', 'YYYY-MM-DD') );
INSERT INTO show ( contrato, dataFesta, nomeBanda, IMO, dataCriacaoBanda, terminoPrevisto, horaInicio, data )
	VALUES ( 'Fuga quaerat distinctio nam numquam. O', to_date ('2010-05-17', 'YYYY-MM-DD'), 'Sophia Cavalcanti', 784494, to_date ('2006-01-03', 'YYYY-MM-DD'), to_timestamp ('2015-06-20 08:51:24', 'YYYY-MM-DD HH24:MI:SS'), '18:24:04', to_date ('2009-09-29', 'YYYY-MM-DD') );
INSERT INTO show ( contrato, dataFesta, nomeBanda, IMO, dataCriacaoBanda, terminoPrevisto, horaInicio, data )
	VALUES ( 'Eius quae fuga consectetur assumenda tempore perferendis. Quos d', to_date ('2001-01-07', 'YYYY-MM-DD'), 'Pietro Lopes', 724005, to_date ('2002-09-02', 'YYYY-MM-DD'), to_timestamp ('2002-09-08 06:47:49', 'YYYY-MM-DD HH24:MI:SS'), '05:12:31', to_date ('2003-01-03', 'YYYY-MM-DD') );
INSERT INTO show ( contrato, dataFesta, nomeBanda, IMO, dataCriacaoBanda, terminoPrevisto, horaInicio, data )
	VALUES ( 'Odio adipisci tempore aspernatur omnis. Error cons', to_date ('2007-10-29', 'YYYY-MM-DD'), 'Ana Luiza Duarte', 816533, to_date ('2000-10-30', 'YYYY-MM-DD'), to_timestamp ('2008-11-06 19:07:09', 'YYYY-MM-DD HH24:MI:SS'), '03:00:29', to_date ('2017-01-10', 'YYYY-MM-DD') );
INSERT INTO show ( contrato, dataFesta, nomeBanda, IMO, dataCriacaoBanda, terminoPrevisto, horaInicio, data )
	VALUES ( 'Possimus placeat itaque odio. Iste magni qu', to_date ('2006-07-05', 'YYYY-MM-DD'), 'Breno Novaes', 740141, to_date ('2006-05-11', 'YYYY-MM-DD'), to_timestamp ('2017-03-15 01:42:08', 'YYYY-MM-DD HH24:MI:SS'), '00:37:49', to_date ('2004-10-09', 'YYYY-MM-DD') );
INSERT INTO show ( contrato, dataFesta, nomeBanda, IMO, dataCriacaoBanda, terminoPrevisto, horaInicio, data )
	VALUES ( 'Numquam velit libero dolor corrupti. Doloribus quisquam', to_date ('2001-01-07', 'YYYY-MM-DD'), 'Srta. Larissa da Mata', 724005, to_date ('2011-06-26', 'YYYY-MM-DD'), to_timestamp ('2008-01-05 04:04:03', 'YYYY-MM-DD HH24:MI:SS'), '13:00:20', to_date ('2010-07-16', 'YYYY-MM-DD') );
INSERT INTO show ( contrato, dataFesta, nomeBanda, IMO, dataCriacaoBanda, terminoPrevisto, horaInicio, data )
	VALUES ( 'Omnis saepe repellat. Magni sequi optio neque', to_date ('2016-07-10', 'YYYY-MM-DD'), 'Maria Sophia Rocha', 495169, to_date ('2015-06-29', 'YYYY-MM-DD'), to_timestamp ('2002-04-02 18:17:13', 'YYYY-MM-DD HH24:MI:SS'), '19:22:04', to_date ('2000-05-27', 'YYYY-MM-DD') );
INSERT INTO show ( contrato, dataFesta, nomeBanda, IMO, dataCriacaoBanda, terminoPrevisto, horaInicio, data )
	VALUES ( 'Dolor veniam a alias id corrupti. Natus dicta aliquam. Molli', to_date ('2016-05-12', 'YYYY-MM-DD'), 'Srta. Ana das Neves', 892828, to_date ('2005-06-30', 'YYYY-MM-DD'), to_timestamp ('2000-09-13 14:14:22', 'YYYY-MM-DD HH24:MI:SS'), '01:48:56', to_date ('2015-07-05', 'YYYY-MM-DD') );
INSERT INTO show ( contrato, dataFesta, nomeBanda, IMO, dataCriacaoBanda, terminoPrevisto, horaInicio, data )
	VALUES ( 'Id consequuntur dolorem architecto repellendus animi.', to_date ('2017-08-28', 'YYYY-MM-DD'), 'João Miguel Nogueira', 388962, to_date ('2004-08-29', 'YYYY-MM-DD'), to_timestamp ('2008-07-17 21:38:29', 'YYYY-MM-DD HH24:MI:SS'), '06:08:52', to_date ('2004-11-27', 'YYYY-MM-DD') );
INSERT INTO show ( contrato, dataFesta, nomeBanda, IMO, dataCriacaoBanda, terminoPrevisto, horaInicio, data )
	VALUES ( 'Voluptas consequuntur dolores beatae temporibus vero q', to_date ('2011-03-18', 'YYYY-MM-DD'), 'Yago Pereira', 606930, to_date ('2009-07-09', 'YYYY-MM-DD'), to_timestamp ('2015-10-20 14:26:38', 'YYYY-MM-DD HH24:MI:SS'), '09:10:20', to_date ('2003-04-05', 'YYYY-MM-DD') );
INSERT INTO show ( contrato, dataFesta, nomeBanda, IMO, dataCriacaoBanda, terminoPrevisto, horaInicio, data )
	VALUES ( 'Facere quia ipsa optio minus neq', to_date ('2010-08-24', 'YYYY-MM-DD'), 'Marcela da Conceição', 134917, to_date ('2000-06-23', 'YYYY-MM-DD'), to_timestamp ('2015-01-20 22:39:10', 'YYYY-MM-DD HH24:MI:SS'), '11:57:13', to_date ('2015-08-03', 'YYYY-MM-DD') );
INSERT INTO show ( contrato, dataFesta, nomeBanda, IMO, dataCriacaoBanda, terminoPrevisto, horaInicio, data )
	VALUES ( 'Architecto atque totam. Et repre', to_date ('2008-07-11', 'YYYY-MM-DD'), 'Gabriela Jesus', 843239, to_date ('2005-06-07', 'YYYY-MM-DD'), to_timestamp ('2008-10-13 00:42:33', 'YYYY-MM-DD HH24:MI:SS'), '19:07:29', to_date ('2004-11-18', 'YYYY-MM-DD') );
INSERT INTO show ( contrato, dataFesta, nomeBanda, IMO, dataCriacaoBanda, terminoPrevisto, horaInicio, data )
	VALUES ( 'Blanditiis dicta alias delectus ', to_date ('2004-04-30', 'YYYY-MM-DD'), 'Mirella Nascimento', 737411, to_date ('2000-05-02', 'YYYY-MM-DD'), to_timestamp ('2006-10-17 07:39:52', 'YYYY-MM-DD HH24:MI:SS'), '11:14:52', to_date ('2010-01-17', 'YYYY-MM-DD') );
INSERT INTO show ( contrato, dataFesta, nomeBanda, IMO, dataCriacaoBanda, terminoPrevisto, horaInicio, data )
	VALUES ( 'Alias exercitationem atque dolore.Esse occaec', to_date ('2004-07-09', 'YYYY-MM-DD'), 'Mirella Nascimento', 347279, to_date ('2000-05-02', 'YYYY-MM-DD'), to_timestamp ('2004-08-21 08:07:53', 'YYYY-MM-DD HH24:MI:SS'), '10:35:10', to_date ('2012-05-25', 'YYYY-MM-DD') );
INSERT INTO show ( contrato, dataFesta, nomeBanda, IMO, dataCriacaoBanda, terminoPrevisto, horaInicio, data )
	VALUES ( 'Quas ducimus error ut quisquam commodi. Veniam non praesentiu', to_date ('2000-02-03', 'YYYY-MM-DD'), 'Marina Alves', 746148, to_date ('2008-10-23', 'YYYY-MM-DD'), to_timestamp ('2004-08-15 20:22:04', 'YYYY-MM-DD HH24:MI:SS'), '15:28:12', to_date ('2017-01-13', 'YYYY-MM-DD') );
INSERT INTO show ( contrato, dataFesta, nomeBanda, IMO, dataCriacaoBanda, terminoPrevisto, horaInicio, data )
	VALUES ( 'Numquam possimus impedit magnam. Necessitatibus dolores iure fac', to_date ('2003-08-01', 'YYYY-MM-DD'), 'Dra. Gabriela da Conceição', 511308, to_date ('2011-01-04', 'YYYY-MM-DD'), to_timestamp ('2007-08-05 22:53:35', 'YYYY-MM-DD HH24:MI:SS'), '12:15:42', to_date ('2016-10-19', 'YYYY-MM-DD') );
INSERT INTO show ( contrato, dataFesta, nomeBanda, IMO, dataCriacaoBanda, terminoPrevisto, horaInicio, data )
	VALUES ( 'Asperiores dolorum dignissimos magni magni nobis facer', to_date ('2008-07-11', 'YYYY-MM-DD'), 'Sabrina Ramos', 843239, to_date ('2004-09-28', 'YYYY-MM-DD'), to_timestamp ('2013-06-20 19:44:08', 'YYYY-MM-DD HH24:MI:SS'), '20:38:08', to_date ('2004-11-06', 'YYYY-MM-DD') );
INSERT INTO show ( contrato, dataFesta, nomeBanda, IMO, dataCriacaoBanda, terminoPrevisto, horaInicio, data )
	VALUES ( 'Modi cupiditate nisi maxime laud', to_date ('2001-05-08', 'YYYY-MM-DD'), 'Vitor Hugo Nascimento', 185523, to_date ('2017-11-17', 'YYYY-MM-DD'), to_timestamp ('2017-03-21 20:23:02', 'YYYY-MM-DD HH24:MI:SS'), '01:53:35', to_date ('2005-05-18', 'YYYY-MM-DD') );
INSERT INTO show ( contrato, dataFesta, nomeBanda, IMO, dataCriacaoBanda, terminoPrevisto, horaInicio, data )
	VALUES ( 'Laboriosam sed nostrum dolorum. ', to_date ('2010-09-12', 'YYYY-MM-DD'), 'Sr. João Miguel Carvalho', 607559, to_date ('2017-03-08', 'YYYY-MM-DD'), to_timestamp ('2014-06-15 17:26:40', 'YYYY-MM-DD HH24:MI:SS'), '06:31:47', to_date ('2006-11-10', 'YYYY-MM-DD') );
INSERT INTO show ( contrato, dataFesta, nomeBanda, IMO, dataCriacaoBanda, terminoPrevisto, horaInicio, data )
	VALUES ( 'Tempora soluta inventore cupiditate. Modi autem cum', to_date ('2007-10-29', 'YYYY-MM-DD'), 'Lorenzo Gomes', 816533, to_date ('2017-02-14', 'YYYY-MM-DD'), to_timestamp ('2004-08-29 05:40:20', 'YYYY-MM-DD HH24:MI:SS'), '07:02:25', to_date ('2002-05-08', 'YYYY-MM-DD') );
INSERT INTO show ( contrato, dataFesta, nomeBanda, IMO, dataCriacaoBanda, terminoPrevisto, horaInicio, data )
	VALUES ( 'Aliquid quam expedita quis earum. Unde unde nulla bland', to_date ('2011-02-20', 'YYYY-MM-DD'), 'Maria Eduarda das Neves', 373474, to_date ('2011-11-16', 'YYYY-MM-DD'), to_timestamp ('2010-09-11 05:18:03', 'YYYY-MM-DD HH24:MI:SS'), '09:42:42', to_date ('2010-10-16', 'YYYY-MM-DD') );
INSERT INTO show ( contrato, dataFesta, nomeBanda, IMO, dataCriacaoBanda, terminoPrevisto, horaInicio, data )
	VALUES ( 'Mollitia nobis quam beatae.Et modi h', to_date ('2004-05-13', 'YYYY-MM-DD'), 'Carlos Eduardo Vieira', 523507, to_date ('2015-03-18', 'YYYY-MM-DD'), to_timestamp ('2005-01-28 00:08:54', 'YYYY-MM-DD HH24:MI:SS'), '12:21:43', to_date ('2001-07-16', 'YYYY-MM-DD') );
INSERT INTO show ( contrato, dataFesta, nomeBanda, IMO, dataCriacaoBanda, terminoPrevisto, horaInicio, data )
	VALUES ( 'Occaecati quidem culpa ducimus ea. Eligendi qui', to_date ('2004-10-20', 'YYYY-MM-DD'), 'Benjamin Cardoso,', 784820, to_date ('2015-05-28', 'YYYY-MM-DD'), to_timestamp ('2012-09-11 05:01:32', 'YYYY-MM-DD HH24:MI:SS'), '21:30:08', to_date ('2010-06-05', 'YYYY-MM-DD') );
INSERT INTO show ( contrato, dataFesta, nomeBanda, IMO, dataCriacaoBanda, terminoPrevisto, horaInicio, data )
	VALUES ( 'Voluptates quae enim ea. Deserunt occaecati dolores ', to_date ('2000-05-10', 'YYYY-MM-DD'), 'Marina da Mata', 212968, to_date ('2007-11-10', 'YYYY-MM-DD'), to_timestamp ('2014-04-27 17:58:58', 'YYYY-MM-DD HH24:MI:SS'), '21:02:07', to_date ('2016-01-20', 'YYYY-MM-DD') );
INSERT INTO show ( contrato, dataFesta, nomeBanda, IMO, dataCriacaoBanda, terminoPrevisto, horaInicio, data )
	VALUES ( 'Facilis nisi praesentium harum nulla deleniti rem t', to_date ('2012-01-19', 'YYYY-MM-DD'), 'Ryan da Rocha', 151614, to_date ('2014-09-29', 'YYYY-MM-DD'), to_timestamp ('2008-07-12 15:24:49', 'YYYY-MM-DD HH24:MI:SS'), '04:40:20', to_date ('2008-06-02', 'YYYY-MM-DD') );
INSERT INTO show ( contrato, dataFesta, nomeBanda, IMO, dataCriacaoBanda, terminoPrevisto, horaInicio, data )
	VALUES ( 'Iste pariatur sequi eveniet sunt architecto corporis. Inventore ', to_date ('2010-01-17', 'YYYY-MM-DD'), 'Carolina da Costa', 655798, to_date ('2005-11-23', 'YYYY-MM-DD'), to_timestamp ('2004-09-26 08:18:54', 'YYYY-MM-DD HH24:MI:SS'), '01:49:43', to_date ('2018-08-08', 'YYYY-MM-DD') );
INSERT INTO show ( contrato, dataFesta, nomeBanda, IMO, dataCriacaoBanda, terminoPrevisto, horaInicio, data )
	VALUES ( 'Hic incidunt saepe commodi est esse facere. Quasi ali', to_date ('2009-09-22', 'YYYY-MM-DD'), 'Nathan Almeida', 268782, to_date ('2000-01-21', 'YYYY-MM-DD'), to_timestamp ('2010-04-28 00:29:40', 'YYYY-MM-DD HH24:MI:SS'), '14:16:10', to_date ('2012-09-22', 'YYYY-MM-DD') );
INSERT INTO show ( contrato, dataFesta, nomeBanda, IMO, dataCriacaoBanda, terminoPrevisto, horaInicio, data )
	VALUES ( 'Accusantium porro alias quibusdam cu', to_date ('2007-10-18', 'YYYY-MM-DD'), 'Ana Carolina da Rocha', 732409, to_date ('2012-07-09', 'YYYY-MM-DD'), to_timestamp ('2006-07-19 00:47:17', 'YYYY-MM-DD HH24:MI:SS'), '02:36:46', to_date ('2006-10-26', 'YYYY-MM-DD') );
INSERT INTO show ( contrato, dataFesta, nomeBanda, IMO, dataCriacaoBanda, terminoPrevisto, horaInicio, data )
	VALUES ( 'Repudiandae rem repudiandae animi accusantium libero. Doloremque', to_date ('2001-01-07', 'YYYY-MM-DD'), 'Breno Novaes', 724005, to_date ('2006-05-11', 'YYYY-MM-DD'), to_timestamp ('2009-11-29 04:14:44', 'YYYY-MM-DD HH24:MI:SS'), '08:09:31', to_date ('2016-01-18', 'YYYY-MM-DD') );
INSERT INTO show ( contrato, dataFesta, nomeBanda, IMO, dataCriacaoBanda, terminoPrevisto, horaInicio, data )
	VALUES ( 'Rem nesciunt exercitationem sunt', to_date ('2007-01-16', 'YYYY-MM-DD'), 'João Lucas Costela', 574871, to_date ('2012-01-08', 'YYYY-MM-DD'), to_timestamp ('2005-04-14 15:47:52', 'YYYY-MM-DD HH24:MI:SS'), '16:07:38', to_date ('2018-02-12', 'YYYY-MM-DD') );
INSERT INTO show ( contrato, dataFesta, nomeBanda, IMO, dataCriacaoBanda, terminoPrevisto, horaInicio, data )
	VALUES ( 'Est ad minima nulla. Beatae consequuntur aliquam eum. In ', to_date ('2011-07-01', 'YYYY-MM-DD'), 'Sr. Isaac Rodrigues', 265439, to_date ('2012-10-09', 'YYYY-MM-DD'), to_timestamp ('2015-02-11 19:53:44', 'YYYY-MM-DD HH24:MI:SS'), '02:04:40', to_date ('2007-09-15', 'YYYY-MM-DD') );
INSERT INTO show ( contrato, dataFesta, nomeBanda, IMO, dataCriacaoBanda, terminoPrevisto, horaInicio, data )
	VALUES ( 'Unde quas doloremque quia autem quis conseq', to_date ('2007-01-13', 'YYYY-MM-DD'), 'Francisco Rocha', 746157, to_date ('2010-05-06', 'YYYY-MM-DD'), to_timestamp ('2016-02-27 21:50:22', 'YYYY-MM-DD HH24:MI:SS'), '12:00:49', to_date ('2008-07-27', 'YYYY-MM-DD') );
INSERT INTO show ( contrato, dataFesta, nomeBanda, IMO, dataCriacaoBanda, terminoPrevisto, horaInicio, data )
	VALUES ( 'Quisquam quo laudantium sint veritatis l', to_date ('2012-06-05', 'YYYY-MM-DD'), 'Dra. Gabriela da Conceição', 567625, to_date ('2011-01-04', 'YYYY-MM-DD'), to_timestamp ('2000-10-26 08:25:11', 'YYYY-MM-DD HH24:MI:SS'), '04:38:45', to_date ('2005-07-04', 'YYYY-MM-DD') );
INSERT INTO show ( contrato, dataFesta, nomeBanda, IMO, dataCriacaoBanda, terminoPrevisto, horaInicio, data )
	VALUES ( 'Iure ducimus laudantium iste nobis. Sapien', to_date ('2016-07-10', 'YYYY-MM-DD'), 'Davi Luiz Campos', 495169, to_date ('2011-07-17', 'YYYY-MM-DD'), to_timestamp ('2012-08-25 20:47:20', 'YYYY-MM-DD HH24:MI:SS'), '18:09:35', to_date ('2005-03-22', 'YYYY-MM-DD') );
INSERT INTO show ( contrato, dataFesta, nomeBanda, IMO, dataCriacaoBanda, terminoPrevisto, horaInicio, data )
	VALUES ( 'Quos recusandae voluptatibus corporis ducimus rerum. Perspiciat', to_date ('2009-08-24', 'YYYY-MM-DD'), 'Pedro Henrique Moura', 207074, to_date ('2001-11-20', 'YYYY-MM-DD'), to_timestamp ('2011-06-02 22:26:28', 'YYYY-MM-DD HH24:MI:SS'), '10:35:25', to_date ('2003-11-08', 'YYYY-MM-DD') );
INSERT INTO show ( contrato, dataFesta, nomeBanda, IMO, dataCriacaoBanda, terminoPrevisto, horaInicio, data )
	VALUES ( 'Mollitia cumque porro culpa deleniti. Ev', to_date ('2001-01-01', 'YYYY-MM-DD'), 'Samuel da Mota', 753881, to_date ('2001-10-07', 'YYYY-MM-DD'), to_timestamp ('2017-11-24 07:23:18', 'YYYY-MM-DD HH24:MI:SS'), '14:18:01', to_date ('2006-01-05', 'YYYY-MM-DD') );
INSERT INTO show ( contrato, dataFesta, nomeBanda, IMO, dataCriacaoBanda, terminoPrevisto, horaInicio, data )
	VALUES ( 'Illo nostrum distinctio atque nesciunt accusamus eveniet earum', to_date ('2010-01-17', 'YYYY-MM-DD'), 'Cecília da Paz', 655798, to_date ('2005-07-16', 'YYYY-MM-DD'), to_timestamp ('2005-02-17 22:44:02', 'YYYY-MM-DD HH24:MI:SS'), '09:14:50', to_date ('2017-05-02', 'YYYY-MM-DD') );
INSERT INTO show ( contrato, dataFesta, nomeBanda, IMO, dataCriacaoBanda, terminoPrevisto, horaInicio, data )
	VALUES ( 'Molestiae in voluptatibus consequuntur reic', to_date ('2015-06-17', 'YYYY-MM-DD'), 'Alexia Gomes', 296365, to_date ('2014-01-07', 'YYYY-MM-DD'), to_timestamp ('2010-06-04 13:51:52', 'YYYY-MM-DD HH24:MI:SS'), '04:07:43', to_date ('2016-08-08', 'YYYY-MM-DD') );
INSERT INTO show ( contrato, dataFesta, nomeBanda, IMO, dataCriacaoBanda, terminoPrevisto, horaInicio, data )
	VALUES ( 'Tempore perferendis id numquam. Culpa ', to_date ('2002-06-07', 'YYYY-MM-DD'), 'Emanuelly Cardoso', 229102, to_date ('2007-09-16', 'YYYY-MM-DD'), to_timestamp ('2016-01-14 14:25:25', 'YYYY-MM-DD HH24:MI:SS'), '22:55:37', to_date ('2016-08-05', 'YYYY-MM-DD') );
INSERT INTO show ( contrato, dataFesta, nomeBanda, IMO, dataCriacaoBanda, terminoPrevisto, horaInicio, data )
	VALUES ( 'Tenetur ad amet facilis sequi nisi assumenda. Volupt', to_date ('2004-07-29', 'YYYY-MM-DD'), 'Luiz Otávio das Neves', 871223, to_date ('2006-11-16', 'YYYY-MM-DD'), to_timestamp ('2001-10-04 14:53:58', 'YYYY-MM-DD HH24:MI:SS'), '12:40:54', to_date ('2002-02-04', 'YYYY-MM-DD') );
INSERT INTO show ( contrato, dataFesta, nomeBanda, IMO, dataCriacaoBanda, terminoPrevisto, horaInicio, data )
	VALUES ( 'Quibusdam id quod molestias voluptatem ', to_date ('2012-01-19', 'YYYY-MM-DD'), 'Pedro Henrique Moura', 151614, to_date ('2001-11-20', 'YYYY-MM-DD'), to_timestamp ('2003-04-05 15:39:19', 'YYYY-MM-DD HH24:MI:SS'), '18:16:07', to_date ('2000-04-08', 'YYYY-MM-DD') );
INSERT INTO show ( contrato, dataFesta, nomeBanda, IMO, dataCriacaoBanda, terminoPrevisto, horaInicio, data )
	VALUES ( 'Perspiciatis hic et aperiam odio sed voluptas', to_date ('2001-02-04', 'YYYY-MM-DD'), 'Stephany Viana', 743680, to_date ('2015-04-28', 'YYYY-MM-DD'), to_timestamp ('2006-01-14 18:53:00', 'YYYY-MM-DD HH24:MI:SS'), '06:46:04', to_date ('2018-01-29', 'YYYY-MM-DD') );
INSERT INTO show ( contrato, dataFesta, nomeBanda, IMO, dataCriacaoBanda, terminoPrevisto, horaInicio, data )
	VALUES ( 'Error iure enim tenetur necessitatibus n', to_date ('2014-03-18', 'YYYY-MM-DD'), 'Marina Alves', 617479, to_date ('2008-10-23', 'YYYY-MM-DD'), to_timestamp ('2009-02-04 17:06:07', 'YYYY-MM-DD HH24:MI:SS'), '19:19:27', to_date ('2000-11-02', 'YYYY-MM-DD') );
INSERT INTO show ( contrato, dataFesta, nomeBanda, IMO, dataCriacaoBanda, terminoPrevisto, horaInicio, data )
	VALUES ( 'Alias debitis at minima vel a. Ali', to_date ('2001-02-18', 'YYYY-MM-DD'), 'Beatriz Teixeira', 141810, to_date ('2011-06-19', 'YYYY-MM-DD'), to_timestamp ('2001-08-06 06:01:22', 'YYYY-MM-DD HH24:MI:SS'), '01:01:38', to_date ('2016-02-28', 'YYYY-MM-DD') );
INSERT INTO show ( contrato, dataFesta, nomeBanda, IMO, dataCriacaoBanda, terminoPrevisto, horaInicio, data )
	VALUES ( 'Necessitatibus aperiam officia corrupti eum illo eius.Do', to_date ('2012-08-12', 'YYYY-MM-DD'), 'Benjamin Cardoso,', 695104, to_date ('2015-05-28', 'YYYY-MM-DD'), to_timestamp ('2008-03-19 00:36:18', 'YYYY-MM-DD HH24:MI:SS'), '21:42:07', to_date ('2001-06-13', 'YYYY-MM-DD') );
INSERT INTO show ( contrato, dataFesta, nomeBanda, IMO, dataCriacaoBanda, terminoPrevisto, horaInicio, data )
	VALUES ( 'Ipsa veniam molestiae rerum voluptatibus inventor', to_date ('2007-01-04', 'YYYY-MM-DD'), 'Maria Eduarda das Neves', 763144, to_date ('2011-11-16', 'YYYY-MM-DD'), to_timestamp ('2012-09-16 13:22:33', 'YYYY-MM-DD HH24:MI:SS'), '05:12:02', to_date ('2010-04-08', 'YYYY-MM-DD') );
INSERT INTO show ( contrato, dataFesta, nomeBanda, IMO, dataCriacaoBanda, terminoPrevisto, horaInicio, data )
	VALUES ( 'Atque aliquam rerum rem voluptatibus optio. E', to_date ('2001-02-04', 'YYYY-MM-DD'), 'Gabrielly da Mota', 743680, to_date ('2012-06-11', 'YYYY-MM-DD'), to_timestamp ('2018-03-16 02:22:31', 'YYYY-MM-DD HH24:MI:SS'), '04:04:44', to_date ('2015-03-06', 'YYYY-MM-DD') );
INSERT INTO show ( contrato, dataFesta, nomeBanda, IMO, dataCriacaoBanda, terminoPrevisto, horaInicio, data )
	VALUES ( 'Voluptatibus est soluta. Dolor quam officia dicta num', to_date ('2016-05-12', 'YYYY-MM-DD'), 'Samuel da Mota', 892828, to_date ('2001-10-07', 'YYYY-MM-DD'), to_timestamp ('2003-07-16 11:30:28', 'YYYY-MM-DD HH24:MI:SS'), '16:30:07', to_date ('2011-02-07', 'YYYY-MM-DD') );
INSERT INTO show ( contrato, dataFesta, nomeBanda, IMO, dataCriacaoBanda, terminoPrevisto, horaInicio, data )
	VALUES ( 'Non officia ad adipisci numquam. Tempore cumque eaque ei', to_date ('2013-02-24', 'YYYY-MM-DD'), 'Gabrielly da Mota', 225312, to_date ('2012-06-11', 'YYYY-MM-DD'), to_timestamp ('2016-06-29 07:02:48', 'YYYY-MM-DD HH24:MI:SS'), '20:20:40', to_date ('2008-05-29', 'YYYY-MM-DD') );
INSERT INTO show ( contrato, dataFesta, nomeBanda, IMO, dataCriacaoBanda, terminoPrevisto, horaInicio, data )
	VALUES ( 'Eveniet rem impedit dicta. Quis ', to_date ('2002-10-25', 'YYYY-MM-DD'), 'Ana Carolina da Rocha', 184600, to_date ('2012-07-09', 'YYYY-MM-DD'), to_timestamp ('2006-06-03 14:04:55', 'YYYY-MM-DD HH24:MI:SS'), '06:42:42', to_date ('2005-02-28', 'YYYY-MM-DD') );
INSERT INTO show ( contrato, dataFesta, nomeBanda, IMO, dataCriacaoBanda, terminoPrevisto, horaInicio, data )
	VALUES ( 'Corrupti voluptate eos nihil eius vitae. Elige', to_date ('2016-07-10', 'YYYY-MM-DD'), 'Sr. Miguel Nunes', 495169, to_date ('2009-07-27', 'YYYY-MM-DD'), to_timestamp ('2001-03-11 22:53:43', 'YYYY-MM-DD HH24:MI:SS'), '05:02:20', to_date ('2018-01-14', 'YYYY-MM-DD') );
INSERT INTO show ( contrato, dataFesta, nomeBanda, IMO, dataCriacaoBanda, terminoPrevisto, horaInicio, data )
	VALUES ( 'Vero delectus similique minus tem', to_date ('2012-04-23', 'YYYY-MM-DD'), 'Sophia Moura', 728624, to_date ('2009-05-05', 'YYYY-MM-DD'), to_timestamp ('2007-11-18 21:17:36', 'YYYY-MM-DD HH24:MI:SS'), '12:29:47', to_date ('2004-01-10', 'YYYY-MM-DD') );
INSERT INTO show ( contrato, dataFesta, nomeBanda, IMO, dataCriacaoBanda, terminoPrevisto, horaInicio, data )
	VALUES ( 'Cupiditate dolores similique sint. Vitae saepe n', to_date ('2011-07-01', 'YYYY-MM-DD'), 'Juliana Ferreira', 265439, to_date ('2009-11-25', 'YYYY-MM-DD'), to_timestamp ('2016-03-27 12:37:24', 'YYYY-MM-DD HH24:MI:SS'), '04:42:21', to_date ('2001-03-29', 'YYYY-MM-DD') );
INSERT INTO show ( contrato, dataFesta, nomeBanda, IMO, dataCriacaoBanda, terminoPrevisto, horaInicio, data )
	VALUES ( 'Inventore ut quis nisi consectetur laborum', to_date ('2004-05-13', 'YYYY-MM-DD'), 'Helena Correia', 523507, to_date ('2000-06-21', 'YYYY-MM-DD'), to_timestamp ('2000-09-09 01:58:31', 'YYYY-MM-DD HH24:MI:SS'), '06:22:22', to_date ('2002-04-09', 'YYYY-MM-DD') );
INSERT INTO show ( contrato, dataFesta, nomeBanda, IMO, dataCriacaoBanda, terminoPrevisto, horaInicio, data )
	VALUES ( 'Iure ut nobis delectus. Cupiditate aperiam officia. Ipsa e', to_date ('2004-08-29', 'YYYY-MM-DD'), 'Diogo Melo', 593872, to_date ('2018-09-05', 'YYYY-MM-DD'), to_timestamp ('2009-07-09 06:16:17', 'YYYY-MM-DD HH24:MI:SS'), '16:57:23', to_date ('2005-11-11', 'YYYY-MM-DD') );
INSERT INTO show ( contrato, dataFesta, nomeBanda, IMO, dataCriacaoBanda, terminoPrevisto, horaInicio, data )
	VALUES ( 'Nobis doloremque a nihil harum. ', to_date ('2009-11-24', 'YYYY-MM-DD'), 'Isabel Silva', 359044, to_date ('2009-08-08', 'YYYY-MM-DD'), to_timestamp ('2017-03-04 06:18:29', 'YYYY-MM-DD HH24:MI:SS'), '09:28:55', to_date ('2009-06-15', 'YYYY-MM-DD') );
INSERT INTO show ( contrato, dataFesta, nomeBanda, IMO, dataCriacaoBanda, terminoPrevisto, horaInicio, data )
	VALUES ( 'Labore ullam incidunt quod fugia', to_date ('2016-07-10', 'YYYY-MM-DD'), 'Emanuella Viana', 495169, to_date ('2009-04-09', 'YYYY-MM-DD'), to_timestamp ('2010-04-03 18:30:32', 'YYYY-MM-DD HH24:MI:SS'), '09:30:25', to_date ('2011-07-13', 'YYYY-MM-DD') );
INSERT INTO show ( contrato, dataFesta, nomeBanda, IMO, dataCriacaoBanda, terminoPrevisto, horaInicio, data )
	VALUES ( 'Veritatis vel quae voluptatem. Beatae dignissimos voluptas ', to_date ('2001-01-07', 'YYYY-MM-DD'), 'André Aragão', 724005, to_date ('2000-06-18', 'YYYY-MM-DD'), to_timestamp ('2001-03-03 06:00:28', 'YYYY-MM-DD HH24:MI:SS'), '19:31:03', to_date ('2015-04-06', 'YYYY-MM-DD') );
INSERT INTO show ( contrato, dataFesta, nomeBanda, IMO, dataCriacaoBanda, terminoPrevisto, horaInicio, data )
	VALUES ( 'Architecto voluptatem in reiciendis. Explicabo similique sit m', to_date ('2003-04-15', 'YYYY-MM-DD'), 'Marina da Mata', 883477, to_date ('2007-11-10', 'YYYY-MM-DD'), to_timestamp ('2005-05-02 00:26:53', 'YYYY-MM-DD HH24:MI:SS'), '06:23:02', to_date ('2003-11-08', 'YYYY-MM-DD') );
INSERT INTO show ( contrato, dataFesta, nomeBanda, IMO, dataCriacaoBanda, terminoPrevisto, horaInicio, data )
	VALUES ( 'Commodi similique alias nisi. Cum sit ', to_date ('2016-11-06', 'YYYY-MM-DD'), 'Emanuella Viana', 543289, to_date ('2009-04-09', 'YYYY-MM-DD'), to_timestamp ('2007-01-26 03:54:24', 'YYYY-MM-DD HH24:MI:SS'), '09:44:13', to_date ('2010-11-20', 'YYYY-MM-DD') );
INSERT INTO show ( contrato, dataFesta, nomeBanda, IMO, dataCriacaoBanda, terminoPrevisto, horaInicio, data )
	VALUES ( 'Nam et esse perferendis nihil. Dicta ea commodi unde ', to_date ('2009-06-01', 'YYYY-MM-DD'), 'Dr. Benjamin Rocha', 142278, to_date ('2009-06-23', 'YYYY-MM-DD'), to_timestamp ('2014-06-10 20:55:34', 'YYYY-MM-DD HH24:MI:SS'), '06:57:51', to_date ('2004-10-26', 'YYYY-MM-DD') );
INSERT INTO show ( contrato, dataFesta, nomeBanda, IMO, dataCriacaoBanda, terminoPrevisto, horaInicio, data )
	VALUES ( 'Quas voluptate quaerat excepturi ipsum. Aut dolore odit quo ', to_date ('2004-05-13', 'YYYY-MM-DD'), 'Marcela da Conceição', 523507, to_date ('2000-06-23', 'YYYY-MM-DD'), to_timestamp ('2011-01-27 02:26:20', 'YYYY-MM-DD HH24:MI:SS'), '22:16:36', to_date ('2010-05-29', 'YYYY-MM-DD') );
INSERT INTO show ( contrato, dataFesta, nomeBanda, IMO, dataCriacaoBanda, terminoPrevisto, horaInicio, data )
	VALUES ( 'Sequi eveniet magnam placeat dicta non bland', to_date ('2017-07-24', 'YYYY-MM-DD'), 'Daniel Correia', 130167, to_date ('2013-11-20', 'YYYY-MM-DD'), to_timestamp ('2018-06-13 08:23:25', 'YYYY-MM-DD HH24:MI:SS'), '11:55:29', to_date ('2011-03-16', 'YYYY-MM-DD') );
INSERT INTO show ( contrato, dataFesta, nomeBanda, IMO, dataCriacaoBanda, terminoPrevisto, horaInicio, data )
	VALUES ( 'Sequi ex eius. Reiciendis sunt molestias totam ex ni', to_date ('2010-05-17', 'YYYY-MM-DD'), 'Vitor Hugo Nascimento', 784494, to_date ('2017-11-17', 'YYYY-MM-DD'), to_timestamp ('2001-02-03 00:08:28', 'YYYY-MM-DD HH24:MI:SS'), '05:33:53', to_date ('2004-03-20', 'YYYY-MM-DD') );
INSERT INTO show ( contrato, dataFesta, nomeBanda, IMO, dataCriacaoBanda, terminoPrevisto, horaInicio, data )
	VALUES ( 'Fuga magni ab. Voluptate magni accusam', to_date ('2009-10-27', 'YYYY-MM-DD'), 'Dra. Sofia Azevedo', 100729, to_date ('2005-04-01', 'YYYY-MM-DD'), to_timestamp ('2009-01-01 13:28:55', 'YYYY-MM-DD HH24:MI:SS'), '00:46:45', to_date ('2018-06-29', 'YYYY-MM-DD') );
INSERT INTO show ( contrato, dataFesta, nomeBanda, IMO, dataCriacaoBanda, terminoPrevisto, horaInicio, data )
	VALUES ( 'Ducimus exercitationem impedit a quia beatae asperiores', to_date ('2014-03-18', 'YYYY-MM-DD'), 'Mirella Nascimento', 617479, to_date ('2000-05-02', 'YYYY-MM-DD'), to_timestamp ('2003-07-04 17:15:49', 'YYYY-MM-DD HH24:MI:SS'), '22:36:58', to_date ('2012-10-05', 'YYYY-MM-DD') );
INSERT INTO show ( contrato, dataFesta, nomeBanda, IMO, dataCriacaoBanda, terminoPrevisto, horaInicio, data )
	VALUES ( 'Nemo expedita architecto at deser', to_date ('2003-03-14', 'YYYY-MM-DD'), 'Augusto Silveira', 441425, to_date ('2015-07-02', 'YYYY-MM-DD'), to_timestamp ('2013-04-22 12:54:40', 'YYYY-MM-DD HH24:MI:SS'), '20:57:21', to_date ('2007-03-25', 'YYYY-MM-DD') );
INSERT INTO show ( contrato, dataFesta, nomeBanda, IMO, dataCriacaoBanda, terminoPrevisto, horaInicio, data )
	VALUES ( 'Vitae exercitationem expedita perspiciatis aut. Sed iure ', to_date ('2007-02-29', 'YYYY-MM-DD'), 'Ana Carolina da Rocha', 685587, to_date ('2012-07-09', 'YYYY-MM-DD'), to_timestamp ('2004-03-05 22:32:03', 'YYYY-MM-DD HH24:MI:SS'), '10:55:19', to_date ('2015-05-04', 'YYYY-MM-DD') );
INSERT INTO show ( contrato, dataFesta, nomeBanda, IMO, dataCriacaoBanda, terminoPrevisto, horaInicio, data )
	VALUES ( 'Ipsum velit voluptate laudantium ', to_date ('2004-10-02', 'YYYY-MM-DD'), 'Nina FariasFernandes', 319869, to_date ('2011-04-09', 'YYYY-MM-DD'), to_timestamp ('2003-11-09 05:27:27', 'YYYY-MM-DD HH24:MI:SS'), '02:13:52', to_date ('2018-07-16', 'YYYY-MM-DD') );
INSERT INTO show ( contrato, dataFesta, nomeBanda, IMO, dataCriacaoBanda, terminoPrevisto, horaInicio, data )
	VALUES ( 'Ipsam officia itaque. Eligendi e', to_date ('2007-01-16', 'YYYY-MM-DD'), 'Enzo Gabriel da Rosa', 574871, to_date ('2007-05-17', 'YYYY-MM-DD'), to_timestamp ('2001-06-22 01:39:16', 'YYYY-MM-DD HH24:MI:SS'), '04:20:04', to_date ('2017-10-16', 'YYYY-MM-DD') );
INSERT INTO show ( contrato, dataFesta, nomeBanda, IMO, dataCriacaoBanda, terminoPrevisto, horaInicio, data )
	VALUES ( 'Natus excepturi porro numquam omnis repellendus. Quod ', to_date ('2013-02-24', 'YYYY-MM-DD'), 'Lara Cunha', 225312, to_date ('2015-11-24', 'YYYY-MM-DD'), to_timestamp ('2010-09-16 13:22:47', 'YYYY-MM-DD HH24:MI:SS'), '09:25:08', to_date ('2006-04-13', 'YYYY-MM-DD') );
INSERT INTO show ( contrato, dataFesta, nomeBanda, IMO, dataCriacaoBanda, terminoPrevisto, horaInicio, data )
	VALUES ( 'Reiciendis sit ut. Non quaerat molest', to_date ('2011-08-14', 'YYYY-MM-DD'), 'Enzo Gabriel da Rosa', 214470, to_date ('2007-05-17', 'YYYY-MM-DD'), to_timestamp ('2011-07-03 17:42:40', 'YYYY-MM-DD HH24:MI:SS'), '01:21:22', to_date ('2013-11-15', 'YYYY-MM-DD') );
INSERT INTO show ( contrato, dataFesta, nomeBanda, IMO, dataCriacaoBanda, terminoPrevisto, horaInicio, data )
	VALUES ( 'Minima corporis officiis iste. Fugit commodi ac', to_date ('2016-03-01', 'YYYY-MM-DD'), 'João Lucas Cardoso,', 583933, to_date ('2011-11-18', 'YYYY-MM-DD'), to_timestamp ('2016-11-27 14:35:24', 'YYYY-MM-DD HH24:MI:SS'), '03:18:10', to_date ('2010-10-28', 'YYYY-MM-DD') );
INSERT INTO show ( contrato, dataFesta, nomeBanda, IMO, dataCriacaoBanda, terminoPrevisto, horaInicio, data )
	VALUES ( 'Nemo molestias distinctio ducimus eveniet neque. Ullam expli', to_date ('2010-06-16', 'YYYY-MM-DD'), 'Pietra Moura', 569113, to_date ('2017-01-09', 'YYYY-MM-DD'), to_timestamp ('2003-11-22 01:00:36', 'YYYY-MM-DD HH24:MI:SS'), '13:32:43', to_date ('2007-02-04', 'YYYY-MM-DD') );
INSERT INTO show ( contrato, dataFesta, nomeBanda, IMO, dataCriacaoBanda, terminoPrevisto, horaInicio, data )
	VALUES ( 'Optio commodi sint vero iure ut. ', to_date ('2016-05-12', 'YYYY-MM-DD'), 'Milena Correia', 892828, to_date ('2015-08-14', 'YYYY-MM-DD'), to_timestamp ('2008-08-05 13:09:14', 'YYYY-MM-DD HH24:MI:SS'), '01:46:21', to_date ('2005-09-15', 'YYYY-MM-DD') );
/* NULL INSERTION FOR ATTRIBUTE contrato AT TABLE show  */
 INSERT INTO show ( contrato, dataFesta, nomeBanda, IMO, dataCriacaoBanda, terminoPrevisto, horaInicio, data )
	VALUES ( NULL, to_date ('2007-02-15', 'YYYY-MM-DD'), 'Dr. Benjamin Rocha', 880367, to_date ('2009-06-23', 'YYYY-MM-DD'), to_timestamp ('2002-01-06 20:10:06', 'YYYY-MM-DD HH24:MI:SS'), '22:18:11', to_date ('2010-05-08', 'YYYY-MM-DD') );
/* NULL INSERTION FOR ATTRIBUTE terminoPrevisto AT TABLE show  */
 INSERT INTO show ( contrato, dataFesta, nomeBanda, IMO, dataCriacaoBanda, terminoPrevisto, horaInicio, data )
	VALUES ( 'Modi nulla expedita tempore. Repellendus ut ', to_date ('2011-08-14', 'YYYY-MM-DD'), 'Emanuelly Cardoso', 214470, to_date ('2007-09-16', 'YYYY-MM-DD'), NULL, '12:12:30', to_date ('2014-03-15', 'YYYY-MM-DD') );

/* TABLE showSonorizacao */
INSERT INTO showSonorizacao ( sonorizacaoId, showId )
	VALUES ( 31, 51 );
INSERT INTO showSonorizacao ( sonorizacaoId, showId )
	VALUES ( 62, 53 );
INSERT INTO showSonorizacao ( sonorizacaoId, showId )
	VALUES ( 18, 85 );
INSERT INTO showSonorizacao ( sonorizacaoId, showId )
	VALUES ( 19, 66 );
INSERT INTO showSonorizacao ( sonorizacaoId, showId )
	VALUES ( 100, 74 );
INSERT INTO showSonorizacao ( sonorizacaoId, showId )
	VALUES ( 50, 19 );
INSERT INTO showSonorizacao ( sonorizacaoId, showId )
	VALUES ( 34, 2 );
INSERT INTO showSonorizacao ( sonorizacaoId, showId )
	VALUES ( 14, 62 );
INSERT INTO showSonorizacao ( sonorizacaoId, showId )
	VALUES ( 19, 73 );
INSERT INTO showSonorizacao ( sonorizacaoId, showId )
	VALUES ( 6, 52 );
INSERT INTO showSonorizacao ( sonorizacaoId, showId )
	VALUES ( 56, 76 );
INSERT INTO showSonorizacao ( sonorizacaoId, showId )
	VALUES ( 61, 35 );
INSERT INTO showSonorizacao ( sonorizacaoId, showId )
	VALUES ( 54, 48 );
INSERT INTO showSonorizacao ( sonorizacaoId, showId )
	VALUES ( 5, 24 );
INSERT INTO showSonorizacao ( sonorizacaoId, showId )
	VALUES ( 70, 78 );
INSERT INTO showSonorizacao ( sonorizacaoId, showId )
	VALUES ( 2, 84 );
INSERT INTO showSonorizacao ( sonorizacaoId, showId )
	VALUES ( 11, 67 );
INSERT INTO showSonorizacao ( sonorizacaoId, showId )
	VALUES ( 88, 18 );
INSERT INTO showSonorizacao ( sonorizacaoId, showId )
	VALUES ( 66, 83 );
INSERT INTO showSonorizacao ( sonorizacaoId, showId )
	VALUES ( 2, 91 );
INSERT INTO showSonorizacao ( sonorizacaoId, showId )
	VALUES ( 6, 37 );
INSERT INTO showSonorizacao ( sonorizacaoId, showId )
	VALUES ( 80, 81 );
INSERT INTO showSonorizacao ( sonorizacaoId, showId )
	VALUES ( 96, 13 );
INSERT INTO showSonorizacao ( sonorizacaoId, showId )
	VALUES ( 40, 23 );
INSERT INTO showSonorizacao ( sonorizacaoId, showId )
	VALUES ( 10, 13 );
INSERT INTO showSonorizacao ( sonorizacaoId, showId )
	VALUES ( 65, 36 );
INSERT INTO showSonorizacao ( sonorizacaoId, showId )
	VALUES ( 81, 63 );
INSERT INTO showSonorizacao ( sonorizacaoId, showId )
	VALUES ( 10, 100 );
INSERT INTO showSonorizacao ( sonorizacaoId, showId )
	VALUES ( 86, 96 );
INSERT INTO showSonorizacao ( sonorizacaoId, showId )
	VALUES ( 39, 59 );
INSERT INTO showSonorizacao ( sonorizacaoId, showId )
	VALUES ( 46, 86 );
INSERT INTO showSonorizacao ( sonorizacaoId, showId )
	VALUES ( 97, 65 );
INSERT INTO showSonorizacao ( sonorizacaoId, showId )
	VALUES ( 67, 18 );
INSERT INTO showSonorizacao ( sonorizacaoId, showId )
	VALUES ( 97, 30 );
INSERT INTO showSonorizacao ( sonorizacaoId, showId )
	VALUES ( 22, 23 );
INSERT INTO showSonorizacao ( sonorizacaoId, showId )
	VALUES ( 21, 2 );
INSERT INTO showSonorizacao ( sonorizacaoId, showId )
	VALUES ( 99, 97 );
INSERT INTO showSonorizacao ( sonorizacaoId, showId )
	VALUES ( 1, 63 );
INSERT INTO showSonorizacao ( sonorizacaoId, showId )
	VALUES ( 69, 35 );
INSERT INTO showSonorizacao ( sonorizacaoId, showId )
	VALUES ( 3, 35 );
INSERT INTO showSonorizacao ( sonorizacaoId, showId )
	VALUES ( 93, 88 );
INSERT INTO showSonorizacao ( sonorizacaoId, showId )
	VALUES ( 87, 27 );
INSERT INTO showSonorizacao ( sonorizacaoId, showId )
	VALUES ( 63, 8 );
INSERT INTO showSonorizacao ( sonorizacaoId, showId )
	VALUES ( 93, 19 );
INSERT INTO showSonorizacao ( sonorizacaoId, showId )
	VALUES ( 15, 50 );
INSERT INTO showSonorizacao ( sonorizacaoId, showId )
	VALUES ( 98, 51 );
INSERT INTO showSonorizacao ( sonorizacaoId, showId )
	VALUES ( 43, 49 );
INSERT INTO showSonorizacao ( sonorizacaoId, showId )
	VALUES ( 30, 4 );
INSERT INTO showSonorizacao ( sonorizacaoId, showId )
	VALUES ( 20, 1 );
INSERT INTO showSonorizacao ( sonorizacaoId, showId )
	VALUES ( 52, 53 );
INSERT INTO showSonorizacao ( sonorizacaoId, showId )
	VALUES ( 28, 75 );
INSERT INTO showSonorizacao ( sonorizacaoId, showId )
	VALUES ( 22, 33 );
INSERT INTO showSonorizacao ( sonorizacaoId, showId )
	VALUES ( 29, 72 );
INSERT INTO showSonorizacao ( sonorizacaoId, showId )
	VALUES ( 23, 10 );
INSERT INTO showSonorizacao ( sonorizacaoId, showId )
	VALUES ( 25, 50 );
INSERT INTO showSonorizacao ( sonorizacaoId, showId )
	VALUES ( 13, 61 );
INSERT INTO showSonorizacao ( sonorizacaoId, showId )
	VALUES ( 6, 46 );
INSERT INTO showSonorizacao ( sonorizacaoId, showId )
	VALUES ( 68, 82 );
INSERT INTO showSonorizacao ( sonorizacaoId, showId )
	VALUES ( 60, 54 );
INSERT INTO showSonorizacao ( sonorizacaoId, showId )
	VALUES ( 42, 67 );
INSERT INTO showSonorizacao ( sonorizacaoId, showId )
	VALUES ( 95, 16 );
INSERT INTO showSonorizacao ( sonorizacaoId, showId )
	VALUES ( 80, 22 );
INSERT INTO showSonorizacao ( sonorizacaoId, showId )
	VALUES ( 13, 92 );
INSERT INTO showSonorizacao ( sonorizacaoId, showId )
	VALUES ( 78, 1 );
INSERT INTO showSonorizacao ( sonorizacaoId, showId )
	VALUES ( 43, 39 );
INSERT INTO showSonorizacao ( sonorizacaoId, showId )
	VALUES ( 27, 63 );
INSERT INTO showSonorizacao ( sonorizacaoId, showId )
	VALUES ( 73, 73 );
INSERT INTO showSonorizacao ( sonorizacaoId, showId )
	VALUES ( 77, 82 );
INSERT INTO showSonorizacao ( sonorizacaoId, showId )
	VALUES ( 45, 55 );
INSERT INTO showSonorizacao ( sonorizacaoId, showId )
	VALUES ( 14, 96 );
INSERT INTO showSonorizacao ( sonorizacaoId, showId )
	VALUES ( 89, 78 );
INSERT INTO showSonorizacao ( sonorizacaoId, showId )
	VALUES ( 93, 93 );
INSERT INTO showSonorizacao ( sonorizacaoId, showId )
	VALUES ( 26, 47 );
INSERT INTO showSonorizacao ( sonorizacaoId, showId )
	VALUES ( 28, 93 );
INSERT INTO showSonorizacao ( sonorizacaoId, showId )
	VALUES ( 91, 14 );
INSERT INTO showSonorizacao ( sonorizacaoId, showId )
	VALUES ( 41, 87 );
INSERT INTO showSonorizacao ( sonorizacaoId, showId )
	VALUES ( 75, 31 );
INSERT INTO showSonorizacao ( sonorizacaoId, showId )
	VALUES ( 74, 77 );
INSERT INTO showSonorizacao ( sonorizacaoId, showId )
	VALUES ( 74, 48 );
INSERT INTO showSonorizacao ( sonorizacaoId, showId )
	VALUES ( 74, 42 );
INSERT INTO showSonorizacao ( sonorizacaoId, showId )
	VALUES ( 60, 96 );
INSERT INTO showSonorizacao ( sonorizacaoId, showId )
	VALUES ( 36, 93 );
INSERT INTO showSonorizacao ( sonorizacaoId, showId )
	VALUES ( 79, 72 );
INSERT INTO showSonorizacao ( sonorizacaoId, showId )
	VALUES ( 8, 42 );
INSERT INTO showSonorizacao ( sonorizacaoId, showId )
	VALUES ( 27, 91 );
INSERT INTO showSonorizacao ( sonorizacaoId, showId )
	VALUES ( 85, 24 );
INSERT INTO showSonorizacao ( sonorizacaoId, showId )
	VALUES ( 57, 15 );
INSERT INTO showSonorizacao ( sonorizacaoId, showId )
	VALUES ( 89, 4 );
INSERT INTO showSonorizacao ( sonorizacaoId, showId )
	VALUES ( 80, 87 );
INSERT INTO showSonorizacao ( sonorizacaoId, showId )
	VALUES ( 90, 90 );
INSERT INTO showSonorizacao ( sonorizacaoId, showId )
	VALUES ( 59, 30 );
INSERT INTO showSonorizacao ( sonorizacaoId, showId )
	VALUES ( 32, 71 );
INSERT INTO showSonorizacao ( sonorizacaoId, showId )
	VALUES ( 6, 57 );
INSERT INTO showSonorizacao ( sonorizacaoId, showId )
	VALUES ( 82, 68 );
INSERT INTO showSonorizacao ( sonorizacaoId, showId )
	VALUES ( 43, 3 );
INSERT INTO showSonorizacao ( sonorizacaoId, showId )
	VALUES ( 78, 17 );
INSERT INTO showSonorizacao ( sonorizacaoId, showId )
	VALUES ( 9, 8 );
INSERT INTO showSonorizacao ( sonorizacaoId, showId )
	VALUES ( 32, 59 );
INSERT INTO showSonorizacao ( sonorizacaoId, showId )
	VALUES ( 47, 97 );
INSERT INTO showSonorizacao ( sonorizacaoId, showId )
	VALUES ( 65, 35 );

/* TABLE album */
INSERT INTO album ( IMOFesta, dataFesta )
	VALUES ( 248109, to_date ('2008-08-09', 'YYYY-MM-DD') );
INSERT INTO album ( IMOFesta, dataFesta )
	VALUES ( 857861, to_date ('2007-09-06', 'YYYY-MM-DD') );
INSERT INTO album ( IMOFesta, dataFesta )
	VALUES ( 607559, to_date ('2010-09-12', 'YYYY-MM-DD') );
INSERT INTO album ( IMOFesta, dataFesta )
	VALUES ( 414710, to_date ('2002-03-20', 'YYYY-MM-DD') );
INSERT INTO album ( IMOFesta, dataFesta )
	VALUES ( 134917, to_date ('2010-08-24', 'YYYY-MM-DD') );
INSERT INTO album ( IMOFesta, dataFesta )
	VALUES ( 836688, to_date ('2014-02-27', 'YYYY-MM-DD') );
INSERT INTO album ( IMOFesta, dataFesta )
	VALUES ( 388962, to_date ('2017-08-28', 'YYYY-MM-DD') );
INSERT INTO album ( IMOFesta, dataFesta )
	VALUES ( 561844, to_date ('2013-08-11', 'YYYY-MM-DD') );
INSERT INTO album ( IMOFesta, dataFesta )
	VALUES ( 732693, to_date ('2016-11-01', 'YYYY-MM-DD') );
INSERT INTO album ( IMOFesta, dataFesta )
	VALUES ( 558331, to_date ('2008-07-18', 'YYYY-MM-DD') );
INSERT INTO album ( IMOFesta, dataFesta )
	VALUES ( 883477, to_date ('2003-04-15', 'YYYY-MM-DD') );
INSERT INTO album ( IMOFesta, dataFesta )
	VALUES ( 508631, to_date ('2001-06-10', 'YYYY-MM-DD') );
INSERT INTO album ( IMOFesta, dataFesta )
	VALUES ( 241204, to_date ('2017-10-01', 'YYYY-MM-DD') );
INSERT INTO album ( IMOFesta, dataFesta )
	VALUES ( 145800, to_date ('2007-11-01', 'YYYY-MM-DD') );
INSERT INTO album ( IMOFesta, dataFesta )
	VALUES ( 130167, to_date ('2017-07-24', 'YYYY-MM-DD') );
INSERT INTO album ( IMOFesta, dataFesta )
	VALUES ( 155041, to_date ('2007-08-18', 'YYYY-MM-DD') );
INSERT INTO album ( IMOFesta, dataFesta )
	VALUES ( 724005, to_date ('2001-01-07', 'YYYY-MM-DD') );
INSERT INTO album ( IMOFesta, dataFesta )
	VALUES ( 229102, to_date ('2002-06-07', 'YYYY-MM-DD') );
INSERT INTO album ( IMOFesta, dataFesta )
	VALUES ( 347279, to_date ('2004-07-09', 'YYYY-MM-DD') );
INSERT INTO album ( IMOFesta, dataFesta )
	VALUES ( 717506, to_date ('2011-10-09', 'YYYY-MM-DD') );
INSERT INTO album ( IMOFesta, dataFesta )
	VALUES ( 728624, to_date ('2012-04-23', 'YYYY-MM-DD') );
INSERT INTO album ( IMOFesta, dataFesta )
	VALUES ( 212968, to_date ('2000-05-10', 'YYYY-MM-DD') );
INSERT INTO album ( IMOFesta, dataFesta )
	VALUES ( 753881, to_date ('2001-01-01', 'YYYY-MM-DD') );
INSERT INTO album ( IMOFesta, dataFesta )
	VALUES ( 177717, to_date ('2017-05-05', 'YYYY-MM-DD') );
INSERT INTO album ( IMOFesta, dataFesta )
	VALUES ( 495169, to_date ('2016-07-10', 'YYYY-MM-DD') );
INSERT INTO album ( IMOFesta, dataFesta )
	VALUES ( 319869, to_date ('2004-10-02', 'YYYY-MM-DD') );
INSERT INTO album ( IMOFesta, dataFesta )
	VALUES ( 898155, to_date ('2014-10-25', 'YYYY-MM-DD') );
INSERT INTO album ( IMOFesta, dataFesta )
	VALUES ( 583933, to_date ('2016-03-01', 'YYYY-MM-DD') );
INSERT INTO album ( IMOFesta, dataFesta )
	VALUES ( 184600, to_date ('2002-10-25', 'YYYY-MM-DD') );
INSERT INTO album ( IMOFesta, dataFesta )
	VALUES ( 567625, to_date ('2012-06-05', 'YYYY-MM-DD') );
INSERT INTO album ( IMOFesta, dataFesta )
	VALUES ( 860952, to_date ('2014-04-11', 'YYYY-MM-DD') );
INSERT INTO album ( IMOFesta, dataFesta )
	VALUES ( 732409, to_date ('2007-10-18', 'YYYY-MM-DD') );
INSERT INTO album ( IMOFesta, dataFesta )
	VALUES ( 816533, to_date ('2007-10-29', 'YYYY-MM-DD') );
INSERT INTO album ( IMOFesta, dataFesta )
	VALUES ( 441425, to_date ('2003-03-14', 'YYYY-MM-DD') );
INSERT INTO album ( IMOFesta, dataFesta )
	VALUES ( 233250, to_date ('2014-02-12', 'YYYY-MM-DD') );
INSERT INTO album ( IMOFesta, dataFesta )
	VALUES ( 503845, to_date ('2007-08-14', 'YYYY-MM-DD') );
INSERT INTO album ( IMOFesta, dataFesta )
	VALUES ( 422247, to_date ('2004-03-09', 'YYYY-MM-DD') );
INSERT INTO album ( IMOFesta, dataFesta )
	VALUES ( 892828, to_date ('2016-05-12', 'YYYY-MM-DD') );
INSERT INTO album ( IMOFesta, dataFesta )
	VALUES ( 737411, to_date ('2004-04-30', 'YYYY-MM-DD') );
INSERT INTO album ( IMOFesta, dataFesta )
	VALUES ( 746157, to_date ('2007-01-13', 'YYYY-MM-DD') );
INSERT INTO album ( IMOFesta, dataFesta )
	VALUES ( 158526, to_date ('2017-06-21', 'YYYY-MM-DD') );
INSERT INTO album ( IMOFesta, dataFesta )
	VALUES ( 588757, to_date ('2012-09-27', 'YYYY-MM-DD') );
INSERT INTO album ( IMOFesta, dataFesta )
	VALUES ( 622278, to_date ('2012-08-29', 'YYYY-MM-DD') );
INSERT INTO album ( IMOFesta, dataFesta )
	VALUES ( 803542, to_date ('2000-09-03', 'YYYY-MM-DD') );
INSERT INTO album ( IMOFesta, dataFesta )
	VALUES ( 100729, to_date ('2009-10-27', 'YYYY-MM-DD') );
INSERT INTO album ( IMOFesta, dataFesta )
	VALUES ( 685587, to_date ('2007-02-29', 'YYYY-MM-DD') );
INSERT INTO album ( IMOFesta, dataFesta )
	VALUES ( 600027, to_date ('2000-09-23', 'YYYY-MM-DD') );
INSERT INTO album ( IMOFesta, dataFesta )
	VALUES ( 157009, to_date ('2017-09-05', 'YYYY-MM-DD') );
INSERT INTO album ( IMOFesta, dataFesta )
	VALUES ( 379694, to_date ('2007-11-07', 'YYYY-MM-DD') );
INSERT INTO album ( IMOFesta, dataFesta )
	VALUES ( 743680, to_date ('2001-02-04', 'YYYY-MM-DD') );
INSERT INTO album ( IMOFesta, dataFesta )
	VALUES ( 265439, to_date ('2011-07-01', 'YYYY-MM-DD') );
INSERT INTO album ( IMOFesta, dataFesta )
	VALUES ( 258068, to_date ('2006-10-07', 'YYYY-MM-DD') );
INSERT INTO album ( IMOFesta, dataFesta )
	VALUES ( 412730, to_date ('2012-08-14', 'YYYY-MM-DD') );
INSERT INTO album ( IMOFesta, dataFesta )
	VALUES ( 404151, to_date ('2015-05-11', 'YYYY-MM-DD') );
INSERT INTO album ( IMOFesta, dataFesta )
	VALUES ( 268782, to_date ('2009-09-22', 'YYYY-MM-DD') );
INSERT INTO album ( IMOFesta, dataFesta )
	VALUES ( 740141, to_date ('2006-07-05', 'YYYY-MM-DD') );
INSERT INTO album ( IMOFesta, dataFesta )
	VALUES ( 808363, to_date ('2000-01-06', 'YYYY-MM-DD') );
INSERT INTO album ( IMOFesta, dataFesta )
	VALUES ( 887983, to_date ('2000-10-25', 'YYYY-MM-DD') );
INSERT INTO album ( IMOFesta, dataFesta )
	VALUES ( 214470, to_date ('2011-08-14', 'YYYY-MM-DD') );
INSERT INTO album ( IMOFesta, dataFesta )
	VALUES ( 606930, to_date ('2011-03-18', 'YYYY-MM-DD') );
INSERT INTO album ( IMOFesta, dataFesta )
	VALUES ( 185523, to_date ('2001-05-08', 'YYYY-MM-DD') );
INSERT INTO album ( IMOFesta, dataFesta )
	VALUES ( 746148, to_date ('2000-02-03', 'YYYY-MM-DD') );
INSERT INTO album ( IMOFesta, dataFesta )
	VALUES ( 587666, to_date ('2014-07-03', 'YYYY-MM-DD') );
INSERT INTO album ( IMOFesta, dataFesta )
	VALUES ( 359044, to_date ('2009-11-24', 'YYYY-MM-DD') );
INSERT INTO album ( IMOFesta, dataFesta )
	VALUES ( 142278, to_date ('2009-06-01', 'YYYY-MM-DD') );
INSERT INTO album ( IMOFesta, dataFesta )
	VALUES ( 593872, to_date ('2004-08-29', 'YYYY-MM-DD') );
INSERT INTO album ( IMOFesta, dataFesta )
	VALUES ( 574871, to_date ('2007-01-16', 'YYYY-MM-DD') );
INSERT INTO album ( IMOFesta, dataFesta )
	VALUES ( 373474, to_date ('2011-02-20', 'YYYY-MM-DD') );
INSERT INTO album ( IMOFesta, dataFesta )
	VALUES ( 141810, to_date ('2001-02-18', 'YYYY-MM-DD') );
INSERT INTO album ( IMOFesta, dataFesta )
	VALUES ( 880367, to_date ('2007-02-15', 'YYYY-MM-DD') );
INSERT INTO album ( IMOFesta, dataFesta )
	VALUES ( 225312, to_date ('2013-02-24', 'YYYY-MM-DD') );
INSERT INTO album ( IMOFesta, dataFesta )
	VALUES ( 341493, to_date ('2009-03-29', 'YYYY-MM-DD') );
INSERT INTO album ( IMOFesta, dataFesta )
	VALUES ( 126221, to_date ('2009-02-08', 'YYYY-MM-DD') );
INSERT INTO album ( IMOFesta, dataFesta )
	VALUES ( 219823, to_date ('2001-06-26', 'YYYY-MM-DD') );
INSERT INTO album ( IMOFesta, dataFesta )
	VALUES ( 296365, to_date ('2015-06-17', 'YYYY-MM-DD') );
INSERT INTO album ( IMOFesta, dataFesta )
	VALUES ( 511308, to_date ('2003-08-01', 'YYYY-MM-DD') );
INSERT INTO album ( IMOFesta, dataFesta )
	VALUES ( 784820, to_date ('2004-10-20', 'YYYY-MM-DD') );
INSERT INTO album ( IMOFesta, dataFesta )
	VALUES ( 543289, to_date ('2016-11-06', 'YYYY-MM-DD') );
INSERT INTO album ( IMOFesta, dataFesta )
	VALUES ( 239801, to_date ('2002-07-22', 'YYYY-MM-DD') );
INSERT INTO album ( IMOFesta, dataFesta )
	VALUES ( 784494, to_date ('2010-05-17', 'YYYY-MM-DD') );
INSERT INTO album ( IMOFesta, dataFesta )
	VALUES ( 617479, to_date ('2014-03-18', 'YYYY-MM-DD') );
INSERT INTO album ( IMOFesta, dataFesta )
	VALUES ( 763144, to_date ('2007-01-04', 'YYYY-MM-DD') );
INSERT INTO album ( IMOFesta, dataFesta )
	VALUES ( 523507, to_date ('2004-05-13', 'YYYY-MM-DD') );
INSERT INTO album ( IMOFesta, dataFesta )
	VALUES ( 151614, to_date ('2012-01-19', 'YYYY-MM-DD') );
INSERT INTO album ( IMOFesta, dataFesta )
	VALUES ( 449885, to_date ('2016-05-02', 'YYYY-MM-DD') );
INSERT INTO album ( IMOFesta, dataFesta )
	VALUES ( 242641, to_date ('2017-01-03', 'YYYY-MM-DD') );
INSERT INTO album ( IMOFesta, dataFesta )
	VALUES ( 630955, to_date ('2004-11-17', 'YYYY-MM-DD') );
INSERT INTO album ( IMOFesta, dataFesta )
	VALUES ( 118706, to_date ('2002-05-09', 'YYYY-MM-DD') );
INSERT INTO album ( IMOFesta, dataFesta )
	VALUES ( 488542, to_date ('2010-05-23', 'YYYY-MM-DD') );
INSERT INTO album ( IMOFesta, dataFesta )
	VALUES ( 207074, to_date ('2009-08-24', 'YYYY-MM-DD') );
INSERT INTO album ( IMOFesta, dataFesta )
	VALUES ( 655798, to_date ('2010-01-17', 'YYYY-MM-DD') );
INSERT INTO album ( IMOFesta, dataFesta )
	VALUES ( 569113, to_date ('2010-06-16', 'YYYY-MM-DD') );
INSERT INTO album ( IMOFesta, dataFesta )
	VALUES ( 234840, to_date ('2014-01-23', 'YYYY-MM-DD') );
INSERT INTO album ( IMOFesta, dataFesta )
	VALUES ( 880269, to_date ('2006-08-22', 'YYYY-MM-DD') );
INSERT INTO album ( IMOFesta, dataFesta )
	VALUES ( 320540, to_date ('2013-08-15', 'YYYY-MM-DD') );
INSERT INTO album ( IMOFesta, dataFesta )
	VALUES ( 843239, to_date ('2008-07-11', 'YYYY-MM-DD') );
INSERT INTO album ( IMOFesta, dataFesta )
	VALUES ( 871223, to_date ('2004-07-29', 'YYYY-MM-DD') );
INSERT INTO album ( IMOFesta, dataFesta )
	VALUES ( 476436, to_date ('2014-10-09', 'YYYY-MM-DD') );
INSERT INTO album ( IMOFesta, dataFesta )
	VALUES ( 303400, to_date ('2013-02-19', 'YYYY-MM-DD') );
INSERT INTO album ( IMOFesta, dataFesta )
	VALUES ( 695104, to_date ('2012-08-12', 'YYYY-MM-DD') );

/* TABLE makingof */
INSERT INTO makingof ( IMOFesta, dataFesta )
	VALUES ( 495169, to_date ('2016-07-10', 'YYYY-MM-DD') );
INSERT INTO makingof ( IMOFesta, dataFesta )
	VALUES ( 233250, to_date ('2014-02-12', 'YYYY-MM-DD') );
INSERT INTO makingof ( IMOFesta, dataFesta )
	VALUES ( 816533, to_date ('2007-10-29', 'YYYY-MM-DD') );
INSERT INTO makingof ( IMOFesta, dataFesta )
	VALUES ( 606930, to_date ('2011-03-18', 'YYYY-MM-DD') );
INSERT INTO makingof ( IMOFesta, dataFesta )
	VALUES ( 388962, to_date ('2017-08-28', 'YYYY-MM-DD') );
INSERT INTO makingof ( IMOFesta, dataFesta )
	VALUES ( 184600, to_date ('2002-10-25', 'YYYY-MM-DD') );
INSERT INTO makingof ( IMOFesta, dataFesta )
	VALUES ( 887983, to_date ('2000-10-25', 'YYYY-MM-DD') );
INSERT INTO makingof ( IMOFesta, dataFesta )
	VALUES ( 239801, to_date ('2002-07-22', 'YYYY-MM-DD') );
INSERT INTO makingof ( IMOFesta, dataFesta )
	VALUES ( 784820, to_date ('2004-10-20', 'YYYY-MM-DD') );
INSERT INTO makingof ( IMOFesta, dataFesta )
	VALUES ( 508631, to_date ('2001-06-10', 'YYYY-MM-DD') );
INSERT INTO makingof ( IMOFesta, dataFesta )
	VALUES ( 655798, to_date ('2010-01-17', 'YYYY-MM-DD') );
INSERT INTO makingof ( IMOFesta, dataFesta )
	VALUES ( 151614, to_date ('2012-01-19', 'YYYY-MM-DD') );
INSERT INTO makingof ( IMOFesta, dataFesta )
	VALUES ( 212968, to_date ('2000-05-10', 'YYYY-MM-DD') );
INSERT INTO makingof ( IMOFesta, dataFesta )
	VALUES ( 412730, to_date ('2012-08-14', 'YYYY-MM-DD') );
INSERT INTO makingof ( IMOFesta, dataFesta )
	VALUES ( 803542, to_date ('2000-09-03', 'YYYY-MM-DD') );
INSERT INTO makingof ( IMOFesta, dataFesta )
	VALUES ( 836688, to_date ('2014-02-27', 'YYYY-MM-DD') );
INSERT INTO makingof ( IMOFesta, dataFesta )
	VALUES ( 134917, to_date ('2010-08-24', 'YYYY-MM-DD') );
INSERT INTO makingof ( IMOFesta, dataFesta )
	VALUES ( 728624, to_date ('2012-04-23', 'YYYY-MM-DD') );
INSERT INTO makingof ( IMOFesta, dataFesta )
	VALUES ( 746148, to_date ('2000-02-03', 'YYYY-MM-DD') );
INSERT INTO makingof ( IMOFesta, dataFesta )
	VALUES ( 753881, to_date ('2001-01-01', 'YYYY-MM-DD') );
INSERT INTO makingof ( IMOFesta, dataFesta )
	VALUES ( 898155, to_date ('2014-10-25', 'YYYY-MM-DD') );
INSERT INTO makingof ( IMOFesta, dataFesta )
	VALUES ( 141810, to_date ('2001-02-18', 'YYYY-MM-DD') );
INSERT INTO makingof ( IMOFesta, dataFesta )
	VALUES ( 732409, to_date ('2007-10-18', 'YYYY-MM-DD') );
INSERT INTO makingof ( IMOFesta, dataFesta )
	VALUES ( 265439, to_date ('2011-07-01', 'YYYY-MM-DD') );
INSERT INTO makingof ( IMOFesta, dataFesta )
	VALUES ( 871223, to_date ('2004-07-29', 'YYYY-MM-DD') );
INSERT INTO makingof ( IMOFesta, dataFesta )
	VALUES ( 155041, to_date ('2007-08-18', 'YYYY-MM-DD') );
INSERT INTO makingof ( IMOFesta, dataFesta )
	VALUES ( 214470, to_date ('2011-08-14', 'YYYY-MM-DD') );
INSERT INTO makingof ( IMOFesta, dataFesta )
	VALUES ( 241204, to_date ('2017-10-01', 'YYYY-MM-DD') );
INSERT INTO makingof ( IMOFesta, dataFesta )
	VALUES ( 185523, to_date ('2001-05-08', 'YYYY-MM-DD') );
INSERT INTO makingof ( IMOFesta, dataFesta )
	VALUES ( 561844, to_date ('2013-08-11', 'YYYY-MM-DD') );
INSERT INTO makingof ( IMOFesta, dataFesta )
	VALUES ( 569113, to_date ('2010-06-16', 'YYYY-MM-DD') );
INSERT INTO makingof ( IMOFesta, dataFesta )
	VALUES ( 414710, to_date ('2002-03-20', 'YYYY-MM-DD') );
INSERT INTO makingof ( IMOFesta, dataFesta )
	VALUES ( 600027, to_date ('2000-09-23', 'YYYY-MM-DD') );
INSERT INTO makingof ( IMOFesta, dataFesta )
	VALUES ( 574871, to_date ('2007-01-16', 'YYYY-MM-DD') );
INSERT INTO makingof ( IMOFesta, dataFesta )
	VALUES ( 130167, to_date ('2017-07-24', 'YYYY-MM-DD') );
INSERT INTO makingof ( IMOFesta, dataFesta )
	VALUES ( 207074, to_date ('2009-08-24', 'YYYY-MM-DD') );
INSERT INTO makingof ( IMOFesta, dataFesta )
	VALUES ( 740141, to_date ('2006-07-05', 'YYYY-MM-DD') );
INSERT INTO makingof ( IMOFesta, dataFesta )
	VALUES ( 622278, to_date ('2012-08-29', 'YYYY-MM-DD') );
INSERT INTO makingof ( IMOFesta, dataFesta )
	VALUES ( 347279, to_date ('2004-07-09', 'YYYY-MM-DD') );
INSERT INTO makingof ( IMOFesta, dataFesta )
	VALUES ( 379694, to_date ('2007-11-07', 'YYYY-MM-DD') );
INSERT INTO makingof ( IMOFesta, dataFesta )
	VALUES ( 607559, to_date ('2010-09-12', 'YYYY-MM-DD') );
INSERT INTO makingof ( IMOFesta, dataFesta )
	VALUES ( 476436, to_date ('2014-10-09', 'YYYY-MM-DD') );
INSERT INTO makingof ( IMOFesta, dataFesta )
	VALUES ( 685587, to_date ('2007-02-29', 'YYYY-MM-DD') );
INSERT INTO makingof ( IMOFesta, dataFesta )
	VALUES ( 157009, to_date ('2017-09-05', 'YYYY-MM-DD') );
INSERT INTO makingof ( IMOFesta, dataFesta )
	VALUES ( 880367, to_date ('2007-02-15', 'YYYY-MM-DD') );
INSERT INTO makingof ( IMOFesta, dataFesta )
	VALUES ( 732693, to_date ('2016-11-01', 'YYYY-MM-DD') );
INSERT INTO makingof ( IMOFesta, dataFesta )
	VALUES ( 587666, to_date ('2014-07-03', 'YYYY-MM-DD') );
INSERT INTO makingof ( IMOFesta, dataFesta )
	VALUES ( 588757, to_date ('2012-09-27', 'YYYY-MM-DD') );
INSERT INTO makingof ( IMOFesta, dataFesta )
	VALUES ( 843239, to_date ('2008-07-11', 'YYYY-MM-DD') );
INSERT INTO makingof ( IMOFesta, dataFesta )
	VALUES ( 567625, to_date ('2012-06-05', 'YYYY-MM-DD') );
INSERT INTO makingof ( IMOFesta, dataFesta )
	VALUES ( 142278, to_date ('2009-06-01', 'YYYY-MM-DD') );
INSERT INTO makingof ( IMOFesta, dataFesta )
	VALUES ( 503845, to_date ('2007-08-14', 'YYYY-MM-DD') );
INSERT INTO makingof ( IMOFesta, dataFesta )
	VALUES ( 158526, to_date ('2017-06-21', 'YYYY-MM-DD') );
INSERT INTO makingof ( IMOFesta, dataFesta )
	VALUES ( 593872, to_date ('2004-08-29', 'YYYY-MM-DD') );
INSERT INTO makingof ( IMOFesta, dataFesta )
	VALUES ( 763144, to_date ('2007-01-04', 'YYYY-MM-DD') );
INSERT INTO makingof ( IMOFesta, dataFesta )
	VALUES ( 341493, to_date ('2009-03-29', 'YYYY-MM-DD') );
INSERT INTO makingof ( IMOFesta, dataFesta )
	VALUES ( 617479, to_date ('2014-03-18', 'YYYY-MM-DD') );
INSERT INTO makingof ( IMOFesta, dataFesta )
	VALUES ( 892828, to_date ('2016-05-12', 'YYYY-MM-DD') );
INSERT INTO makingof ( IMOFesta, dataFesta )
	VALUES ( 784494, to_date ('2010-05-17', 'YYYY-MM-DD') );
INSERT INTO makingof ( IMOFesta, dataFesta )
	VALUES ( 319869, to_date ('2004-10-02', 'YYYY-MM-DD') );
INSERT INTO makingof ( IMOFesta, dataFesta )
	VALUES ( 558331, to_date ('2008-07-18', 'YYYY-MM-DD') );
INSERT INTO makingof ( IMOFesta, dataFesta )
	VALUES ( 303400, to_date ('2013-02-19', 'YYYY-MM-DD') );
INSERT INTO makingof ( IMOFesta, dataFesta )
	VALUES ( 449885, to_date ('2016-05-02', 'YYYY-MM-DD') );
INSERT INTO makingof ( IMOFesta, dataFesta )
	VALUES ( 523507, to_date ('2004-05-13', 'YYYY-MM-DD') );
INSERT INTO makingof ( IMOFesta, dataFesta )
	VALUES ( 422247, to_date ('2004-03-09', 'YYYY-MM-DD') );
INSERT INTO makingof ( IMOFesta, dataFesta )
	VALUES ( 883477, to_date ('2003-04-15', 'YYYY-MM-DD') );
INSERT INTO makingof ( IMOFesta, dataFesta )
	VALUES ( 268782, to_date ('2009-09-22', 'YYYY-MM-DD') );
INSERT INTO makingof ( IMOFesta, dataFesta )
	VALUES ( 743680, to_date ('2001-02-04', 'YYYY-MM-DD') );
INSERT INTO makingof ( IMOFesta, dataFesta )
	VALUES ( 695104, to_date ('2012-08-12', 'YYYY-MM-DD') );
INSERT INTO makingof ( IMOFesta, dataFesta )
	VALUES ( 296365, to_date ('2015-06-17', 'YYYY-MM-DD') );
INSERT INTO makingof ( IMOFesta, dataFesta )
	VALUES ( 118706, to_date ('2002-05-09', 'YYYY-MM-DD') );
INSERT INTO makingof ( IMOFesta, dataFesta )
	VALUES ( 229102, to_date ('2002-06-07', 'YYYY-MM-DD') );
INSERT INTO makingof ( IMOFesta, dataFesta )
	VALUES ( 248109, to_date ('2008-08-09', 'YYYY-MM-DD') );
INSERT INTO makingof ( IMOFesta, dataFesta )
	VALUES ( 441425, to_date ('2003-03-14', 'YYYY-MM-DD') );
INSERT INTO makingof ( IMOFesta, dataFesta )
	VALUES ( 177717, to_date ('2017-05-05', 'YYYY-MM-DD') );
INSERT INTO makingof ( IMOFesta, dataFesta )
	VALUES ( 234840, to_date ('2014-01-23', 'YYYY-MM-DD') );
INSERT INTO makingof ( IMOFesta, dataFesta )
	VALUES ( 746157, to_date ('2007-01-13', 'YYYY-MM-DD') );
INSERT INTO makingof ( IMOFesta, dataFesta )
	VALUES ( 126221, to_date ('2009-02-08', 'YYYY-MM-DD') );
INSERT INTO makingof ( IMOFesta, dataFesta )
	VALUES ( 404151, to_date ('2015-05-11', 'YYYY-MM-DD') );
INSERT INTO makingof ( IMOFesta, dataFesta )
	VALUES ( 373474, to_date ('2011-02-20', 'YYYY-MM-DD') );
INSERT INTO makingof ( IMOFesta, dataFesta )
	VALUES ( 511308, to_date ('2003-08-01', 'YYYY-MM-DD') );
INSERT INTO makingof ( IMOFesta, dataFesta )
	VALUES ( 219823, to_date ('2001-06-26', 'YYYY-MM-DD') );
INSERT INTO makingof ( IMOFesta, dataFesta )
	VALUES ( 100729, to_date ('2009-10-27', 'YYYY-MM-DD') );
INSERT INTO makingof ( IMOFesta, dataFesta )
	VALUES ( 717506, to_date ('2011-10-09', 'YYYY-MM-DD') );
INSERT INTO makingof ( IMOFesta, dataFesta )
	VALUES ( 242641, to_date ('2017-01-03', 'YYYY-MM-DD') );
INSERT INTO makingof ( IMOFesta, dataFesta )
	VALUES ( 225312, to_date ('2013-02-24', 'YYYY-MM-DD') );
INSERT INTO makingof ( IMOFesta, dataFesta )
	VALUES ( 258068, to_date ('2006-10-07', 'YYYY-MM-DD') );
INSERT INTO makingof ( IMOFesta, dataFesta )
	VALUES ( 860952, to_date ('2014-04-11', 'YYYY-MM-DD') );
INSERT INTO makingof ( IMOFesta, dataFesta )
	VALUES ( 857861, to_date ('2007-09-06', 'YYYY-MM-DD') );
INSERT INTO makingof ( IMOFesta, dataFesta )
	VALUES ( 145800, to_date ('2007-11-01', 'YYYY-MM-DD') );
INSERT INTO makingof ( IMOFesta, dataFesta )
	VALUES ( 737411, to_date ('2004-04-30', 'YYYY-MM-DD') );
INSERT INTO makingof ( IMOFesta, dataFesta )
	VALUES ( 630955, to_date ('2004-11-17', 'YYYY-MM-DD') );
INSERT INTO makingof ( IMOFesta, dataFesta )
	VALUES ( 488542, to_date ('2010-05-23', 'YYYY-MM-DD') );
INSERT INTO makingof ( IMOFesta, dataFesta )
	VALUES ( 724005, to_date ('2001-01-07', 'YYYY-MM-DD') );
INSERT INTO makingof ( IMOFesta, dataFesta )
	VALUES ( 359044, to_date ('2009-11-24', 'YYYY-MM-DD') );
INSERT INTO makingof ( IMOFesta, dataFesta )
	VALUES ( 880269, to_date ('2006-08-22', 'YYYY-MM-DD') );
INSERT INTO makingof ( IMOFesta, dataFesta )
	VALUES ( 543289, to_date ('2016-11-06', 'YYYY-MM-DD') );
INSERT INTO makingof ( IMOFesta, dataFesta )
	VALUES ( 583933, to_date ('2016-03-01', 'YYYY-MM-DD') );
INSERT INTO makingof ( IMOFesta, dataFesta )
	VALUES ( 320540, to_date ('2013-08-15', 'YYYY-MM-DD') );
INSERT INTO makingof ( IMOFesta, dataFesta )
	VALUES ( 808363, to_date ('2000-01-06', 'YYYY-MM-DD') );

/* TABLE opComCamera */
INSERT INTO opComCamera ( tipo, cpfOpCamera, camera, data )
	VALUES ( 'CINEGRAFISTA', '922.807.168-08', 34953283, to_date ('2004-02-24', 'YYYY-MM-DD') );
INSERT INTO opComCamera ( tipo, cpfOpCamera, camera, data )
	VALUES ( 'FOTOGRAFO', '209.762.167-79', 66046520, to_date ('2015-11-14', 'YYYY-MM-DD') );
INSERT INTO opComCamera ( tipo, cpfOpCamera, camera, data )
	VALUES ( 'PARQUE', '536.492.252-81', 44992525, to_date ('2009-10-23', 'YYYY-MM-DD') );
INSERT INTO opComCamera ( tipo, cpfOpCamera, camera, data )
	VALUES ( 'PARQUE', '960.825.711-15', 22664862, to_date ('2016-03-24', 'YYYY-MM-DD') );
INSERT INTO opComCamera ( tipo, cpfOpCamera, camera, data )
	VALUES ( 'PARQUE', '954.508.078-37', 54918217, to_date ('2003-05-13', 'YYYY-MM-DD') );
INSERT INTO opComCamera ( tipo, cpfOpCamera, camera, data )
	VALUES ( 'CINEGRAFISTA', '655.867.366-17', 16550553, to_date ('2005-04-11', 'YYYY-MM-DD') );
INSERT INTO opComCamera ( tipo, cpfOpCamera, camera, data )
	VALUES ( 'PARQUE', '208.590.843-38', 87162324, to_date ('2013-11-21', 'YYYY-MM-DD') );
INSERT INTO opComCamera ( tipo, cpfOpCamera, camera, data )
	VALUES ( 'FOTOGRAFO', '550.231.571-28', 10113492, to_date ('2012-03-17', 'YYYY-MM-DD') );
INSERT INTO opComCamera ( tipo, cpfOpCamera, camera, data )
	VALUES ( 'FOTOGRAFO', '702.694.593-40', 34738501, to_date ('2007-04-13', 'YYYY-MM-DD') );
INSERT INTO opComCamera ( tipo, cpfOpCamera, camera, data )
	VALUES ( 'CINEGRAFISTA', '031.844.616-48', 19950607, to_date ('2012-10-18', 'YYYY-MM-DD') );
INSERT INTO opComCamera ( tipo, cpfOpCamera, camera, data )
	VALUES ( 'PARQUE', '031.844.616-48', 30850863, to_date ('2007-06-05', 'YYYY-MM-DD') );
INSERT INTO opComCamera ( tipo, cpfOpCamera, camera, data )
	VALUES ( 'PARQUE', '338.698.478-71', 27372258, to_date ('2001-02-20', 'YYYY-MM-DD') );
INSERT INTO opComCamera ( tipo, cpfOpCamera, camera, data )
	VALUES ( 'PARQUE', '765.500.392-58', 87644012, to_date ('2004-04-28', 'YYYY-MM-DD') );
INSERT INTO opComCamera ( tipo, cpfOpCamera, camera, data )
	VALUES ( 'PARQUE', '536.492.252-81', 66663294, to_date ('2003-05-15', 'YYYY-MM-DD') );
INSERT INTO opComCamera ( tipo, cpfOpCamera, camera, data )
	VALUES ( 'CINEGRAFISTA', '085.726.128-13', 44968412, to_date ('2013-02-19', 'YYYY-MM-DD') );
INSERT INTO opComCamera ( tipo, cpfOpCamera, camera, data )
	VALUES ( 'PARQUE', '410.819.426-83', 25475134, to_date ('2013-01-10', 'YYYY-MM-DD') );
INSERT INTO opComCamera ( tipo, cpfOpCamera, camera, data )
	VALUES ( 'PARQUE', '973.785.332-66', 80333716, to_date ('2007-01-03', 'YYYY-MM-DD') );
INSERT INTO opComCamera ( tipo, cpfOpCamera, camera, data )
	VALUES ( 'PARQUE', '278.383.268-45', 26439890, to_date ('2007-05-25', 'YYYY-MM-DD') );
INSERT INTO opComCamera ( tipo, cpfOpCamera, camera, data )
	VALUES ( 'FOTOGRAFO', '375.841.304-61', 56028066, to_date ('2001-02-06', 'YYYY-MM-DD') );
INSERT INTO opComCamera ( tipo, cpfOpCamera, camera, data )
	VALUES ( 'CINEGRAFISTA', '540.402.206-05', 27947080, to_date ('2007-07-26', 'YYYY-MM-DD') );
INSERT INTO opComCamera ( tipo, cpfOpCamera, camera, data )
	VALUES ( 'FOTOGRAFO', '504.159.221-62', 83105483, to_date ('2006-08-07', 'YYYY-MM-DD') );
INSERT INTO opComCamera ( tipo, cpfOpCamera, camera, data )
	VALUES ( 'PARQUE', '182.633.304-81', 17272208, to_date ('2009-08-06', 'YYYY-MM-DD') );
INSERT INTO opComCamera ( tipo, cpfOpCamera, camera, data )
	VALUES ( 'PARQUE', '997.032.797-40', 78382888, to_date ('2017-07-02', 'YYYY-MM-DD') );
INSERT INTO opComCamera ( tipo, cpfOpCamera, camera, data )
	VALUES ( 'FOTOGRAFO', '643.511.851-32', 88223012, to_date ('2014-01-22', 'YYYY-MM-DD') );
INSERT INTO opComCamera ( tipo, cpfOpCamera, camera, data )
	VALUES ( 'CINEGRAFISTA', '031.844.616-48', 14568583, to_date ('2004-03-09', 'YYYY-MM-DD') );
INSERT INTO opComCamera ( tipo, cpfOpCamera, camera, data )
	VALUES ( 'PARQUE', '306.570.839-92', 29718169, to_date ('2017-07-22', 'YYYY-MM-DD') );
INSERT INTO opComCamera ( tipo, cpfOpCamera, camera, data )
	VALUES ( 'PARQUE', '984.319.590-75', 66301711, to_date ('2002-04-22', 'YYYY-MM-DD') );
INSERT INTO opComCamera ( tipo, cpfOpCamera, camera, data )
	VALUES ( 'FOTOGRAFO', '172.118.745-96', 47991971, to_date ('2002-08-01', 'YYYY-MM-DD') );
INSERT INTO opComCamera ( tipo, cpfOpCamera, camera, data )
	VALUES ( 'FOTOGRAFO', '182.633.304-81', 12241321, to_date ('2008-01-29', 'YYYY-MM-DD') );
INSERT INTO opComCamera ( tipo, cpfOpCamera, camera, data )
	VALUES ( 'FOTOGRAFO', '753.864.683-48', 69979570, to_date ('2005-09-25', 'YYYY-MM-DD') );
INSERT INTO opComCamera ( tipo, cpfOpCamera, camera, data )
	VALUES ( 'FOTOGRAFO', '278.383.268-45', 13855402, to_date ('2005-05-16', 'YYYY-MM-DD') );
INSERT INTO opComCamera ( tipo, cpfOpCamera, camera, data )
	VALUES ( 'PARQUE', '819.930.030-83', 53042227, to_date ('2008-07-03', 'YYYY-MM-DD') );
INSERT INTO opComCamera ( tipo, cpfOpCamera, camera, data )
	VALUES ( 'CINEGRAFISTA', '478.613.044-80', 18761028, to_date ('2009-03-03', 'YYYY-MM-DD') );
INSERT INTO opComCamera ( tipo, cpfOpCamera, camera, data )
	VALUES ( 'FOTOGRAFO', '276.865.875-31', 50895205, to_date ('2005-06-26', 'YYYY-MM-DD') );
INSERT INTO opComCamera ( tipo, cpfOpCamera, camera, data )
	VALUES ( 'FOTOGRAFO', '754.444.997-34', 15718451, to_date ('2003-09-03', 'YYYY-MM-DD') );
INSERT INTO opComCamera ( tipo, cpfOpCamera, camera, data )
	VALUES ( 'PARQUE', '320.599.949-22', 16814132, to_date ('2011-10-30', 'YYYY-MM-DD') );
INSERT INTO opComCamera ( tipo, cpfOpCamera, camera, data )
	VALUES ( 'PARQUE', '984.319.590-75', 30199616, to_date ('2003-09-13', 'YYYY-MM-DD') );
INSERT INTO opComCamera ( tipo, cpfOpCamera, camera, data )
	VALUES ( 'CINEGRAFISTA', '702.694.593-40', 25435320, to_date ('2012-08-16', 'YYYY-MM-DD') );
INSERT INTO opComCamera ( tipo, cpfOpCamera, camera, data )
	VALUES ( 'CINEGRAFISTA', '102.614.802-18', 52125556, to_date ('2004-05-17', 'YYYY-MM-DD') );
INSERT INTO opComCamera ( tipo, cpfOpCamera, camera, data )
	VALUES ( 'PARQUE', '271.054.513-53', 83626894, to_date ('2002-10-28', 'YYYY-MM-DD') );
INSERT INTO opComCamera ( tipo, cpfOpCamera, camera, data )
	VALUES ( 'FOTOGRAFO', '725.795.391-06', 29476937, to_date ('2010-09-29', 'YYYY-MM-DD') );
INSERT INTO opComCamera ( tipo, cpfOpCamera, camera, data )
	VALUES ( 'CINEGRAFISTA', '102.614.802-18', 66586272, to_date ('2009-02-01', 'YYYY-MM-DD') );
INSERT INTO opComCamera ( tipo, cpfOpCamera, camera, data )
	VALUES ( 'FOTOGRAFO', '031.844.616-48', 27957635, to_date ('2002-10-03', 'YYYY-MM-DD') );
INSERT INTO opComCamera ( tipo, cpfOpCamera, camera, data )
	VALUES ( 'FOTOGRAFO', '065.091.423-26', 88533621, to_date ('2004-02-25', 'YYYY-MM-DD') );
INSERT INTO opComCamera ( tipo, cpfOpCamera, camera, data )
	VALUES ( 'FOTOGRAFO', '985.878.089-45', 60026077, to_date ('2007-01-29', 'YYYY-MM-DD') );
INSERT INTO opComCamera ( tipo, cpfOpCamera, camera, data )
	VALUES ( 'PARQUE', '338.698.478-71', 39231185, to_date ('2007-09-16', 'YYYY-MM-DD') );
INSERT INTO opComCamera ( tipo, cpfOpCamera, camera, data )
	VALUES ( 'CINEGRAFISTA', '809.952.320-37', 86407419, to_date ('2007-08-06', 'YYYY-MM-DD') );
INSERT INTO opComCamera ( tipo, cpfOpCamera, camera, data )
	VALUES ( 'FOTOGRAFO', '960.825.711-15', 25211964, to_date ('2018-10-14', 'YYYY-MM-DD') );
INSERT INTO opComCamera ( tipo, cpfOpCamera, camera, data )
	VALUES ( 'CINEGRAFISTA', '651.552.626-75', 39291802, to_date ('2015-03-13', 'YYYY-MM-DD') );
INSERT INTO opComCamera ( tipo, cpfOpCamera, camera, data )
	VALUES ( 'FOTOGRAFO', '659.897.784-44', 71743907, to_date ('2004-05-11', 'YYYY-MM-DD') );
INSERT INTO opComCamera ( tipo, cpfOpCamera, camera, data )
	VALUES ( 'CINEGRAFISTA', '172.118.745-96', 49517994, to_date ('2002-05-26', 'YYYY-MM-DD') );
INSERT INTO opComCamera ( tipo, cpfOpCamera, camera, data )
	VALUES ( 'CINEGRAFISTA', '155.423.903-20', 52455362, to_date ('2014-04-05', 'YYYY-MM-DD') );
INSERT INTO opComCamera ( tipo, cpfOpCamera, camera, data )
	VALUES ( 'FOTOGRAFO', '208.590.843-38', 62112797, to_date ('2001-08-03', 'YYYY-MM-DD') );
INSERT INTO opComCamera ( tipo, cpfOpCamera, camera, data )
	VALUES ( 'FOTOGRAFO', '689.353.993-29', 16461915, to_date ('2014-04-21', 'YYYY-MM-DD') );
INSERT INTO opComCamera ( tipo, cpfOpCamera, camera, data )
	VALUES ( 'PARQUE', '985.878.089-45', 79750153, to_date ('2005-01-23', 'YYYY-MM-DD') );
INSERT INTO opComCamera ( tipo, cpfOpCamera, camera, data )
	VALUES ( 'PARQUE', '672.918.060-28', 19179449, to_date ('2000-03-08', 'YYYY-MM-DD') );
INSERT INTO opComCamera ( tipo, cpfOpCamera, camera, data )
	VALUES ( 'FOTOGRAFO', '659.897.784-44', 21321346, to_date ('2003-02-13', 'YYYY-MM-DD') );
INSERT INTO opComCamera ( tipo, cpfOpCamera, camera, data )
	VALUES ( 'PARQUE', '098.964.468-71', 73187447, to_date ('2016-03-07', 'YYYY-MM-DD') );
INSERT INTO opComCamera ( tipo, cpfOpCamera, camera, data )
	VALUES ( 'CINEGRAFISTA', '278.383.268-45', 43585463, to_date ('2008-07-23', 'YYYY-MM-DD') );
INSERT INTO opComCamera ( tipo, cpfOpCamera, camera, data )
	VALUES ( 'CINEGRAFISTA', '541.649.682-95', 19010596, to_date ('2005-09-20', 'YYYY-MM-DD') );
INSERT INTO opComCamera ( tipo, cpfOpCamera, camera, data )
	VALUES ( 'CINEGRAFISTA', '183.569.609-62', 35240154, to_date ('2009-02-16', 'YYYY-MM-DD') );
INSERT INTO opComCamera ( tipo, cpfOpCamera, camera, data )
	VALUES ( 'CINEGRAFISTA', '793.834.340-50', 42822158, to_date ('2009-05-10', 'YYYY-MM-DD') );
INSERT INTO opComCamera ( tipo, cpfOpCamera, camera, data )
	VALUES ( 'CINEGRAFISTA', '712.091.557-99', 59339571, to_date ('2011-07-29', 'YYYY-MM-DD') );
INSERT INTO opComCamera ( tipo, cpfOpCamera, camera, data )
	VALUES ( 'CINEGRAFISTA', '183.569.609-62', 75553671, to_date ('2006-05-14', 'YYYY-MM-DD') );
INSERT INTO opComCamera ( tipo, cpfOpCamera, camera, data )
	VALUES ( 'FOTOGRAFO', '085.726.128-13', 26972284, to_date ('2003-09-07', 'YYYY-MM-DD') );
INSERT INTO opComCamera ( tipo, cpfOpCamera, camera, data )
	VALUES ( 'CINEGRAFISTA', '208.590.843-38', 27415115, to_date ('2014-05-16', 'YYYY-MM-DD') );
INSERT INTO opComCamera ( tipo, cpfOpCamera, camera, data )
	VALUES ( 'PARQUE', '712.091.557-99', 53531879, to_date ('2009-10-13', 'YYYY-MM-DD') );
INSERT INTO opComCamera ( tipo, cpfOpCamera, camera, data )
	VALUES ( 'PARQUE', '278.383.268-45', 71110973, to_date ('2009-11-02', 'YYYY-MM-DD') );
INSERT INTO opComCamera ( tipo, cpfOpCamera, camera, data )
	VALUES ( 'FOTOGRAFO', '921.950.940-86', 24200275, to_date ('2005-02-04', 'YYYY-MM-DD') );
INSERT INTO opComCamera ( tipo, cpfOpCamera, camera, data )
	VALUES ( 'PARQUE', '182.633.304-81', 26405979, to_date ('2008-11-24', 'YYYY-MM-DD') );
INSERT INTO opComCamera ( tipo, cpfOpCamera, camera, data )
	VALUES ( 'FOTOGRAFO', '375.841.304-61', 73736830, to_date ('2016-07-14', 'YYYY-MM-DD') );
INSERT INTO opComCamera ( tipo, cpfOpCamera, camera, data )
	VALUES ( 'PARQUE', '960.825.711-15', 54342670, to_date ('2007-03-12', 'YYYY-MM-DD') );
INSERT INTO opComCamera ( tipo, cpfOpCamera, camera, data )
	VALUES ( 'CINEGRAFISTA', '679.750.535-36', 84786815, to_date ('2000-01-09', 'YYYY-MM-DD') );
INSERT INTO opComCamera ( tipo, cpfOpCamera, camera, data )
	VALUES ( 'PARQUE', '741.227.419-70', 63483893, to_date ('2016-11-28', 'YYYY-MM-DD') );
INSERT INTO opComCamera ( tipo, cpfOpCamera, camera, data )
	VALUES ( 'FOTOGRAFO', '183.569.609-62', 19961788, to_date ('2000-01-16', 'YYYY-MM-DD') );
INSERT INTO opComCamera ( tipo, cpfOpCamera, camera, data )
	VALUES ( 'CINEGRAFISTA', '819.930.030-83', 70684804, to_date ('2004-01-29', 'YYYY-MM-DD') );
INSERT INTO opComCamera ( tipo, cpfOpCamera, camera, data )
	VALUES ( 'PARQUE', '793.834.340-50', 59915623, to_date ('2006-08-26', 'YYYY-MM-DD') );
INSERT INTO opComCamera ( tipo, cpfOpCamera, camera, data )
	VALUES ( 'CINEGRAFISTA', '741.840.210-99', 80923058, to_date ('2012-10-19', 'YYYY-MM-DD') );
INSERT INTO opComCamera ( tipo, cpfOpCamera, camera, data )
	VALUES ( 'FOTOGRAFO', '655.867.366-17', 48427299, to_date ('2011-04-12', 'YYYY-MM-DD') );
INSERT INTO opComCamera ( tipo, cpfOpCamera, camera, data )
	VALUES ( 'PARQUE', '196.343.326-57', 86335515, to_date ('2001-11-05', 'YYYY-MM-DD') );
INSERT INTO opComCamera ( tipo, cpfOpCamera, camera, data )
	VALUES ( 'FOTOGRAFO', '757.459.668-54', 10517739, to_date ('2016-06-08', 'YYYY-MM-DD') );
INSERT INTO opComCamera ( tipo, cpfOpCamera, camera, data )
	VALUES ( 'FOTOGRAFO', '215.129.040-40', 59538351, to_date ('2000-06-01', 'YYYY-MM-DD') );
INSERT INTO opComCamera ( tipo, cpfOpCamera, camera, data )
	VALUES ( 'CINEGRAFISTA', '338.698.478-71', 81455528, to_date ('2003-11-16', 'YYYY-MM-DD') );
INSERT INTO opComCamera ( tipo, cpfOpCamera, camera, data )
	VALUES ( 'PARQUE', '241.702.807-60', 33812847, to_date ('2015-07-17', 'YYYY-MM-DD') );
INSERT INTO opComCamera ( tipo, cpfOpCamera, camera, data )
	VALUES ( 'FOTOGRAFO', '003.792.611-73', 28191751, to_date ('2008-03-10', 'YYYY-MM-DD') );
INSERT INTO opComCamera ( tipo, cpfOpCamera, camera, data )
	VALUES ( 'PARQUE', '774.267.034-51', 59443154, to_date ('2006-08-17', 'YYYY-MM-DD') );
INSERT INTO opComCamera ( tipo, cpfOpCamera, camera, data )
	VALUES ( 'CINEGRAFISTA', '346.675.103-29', 36269390, to_date ('2006-09-01', 'YYYY-MM-DD') );
INSERT INTO opComCamera ( tipo, cpfOpCamera, camera, data )
	VALUES ( 'PARQUE', '819.930.030-83', 49137544, to_date ('2011-05-22', 'YYYY-MM-DD') );
INSERT INTO opComCamera ( tipo, cpfOpCamera, camera, data )
	VALUES ( 'FOTOGRAFO', '973.785.332-66', 26066803, to_date ('2017-11-24', 'YYYY-MM-DD') );
INSERT INTO opComCamera ( tipo, cpfOpCamera, camera, data )
	VALUES ( 'CINEGRAFISTA', '505.705.748-21', 19827322, to_date ('2015-03-09', 'YYYY-MM-DD') );
INSERT INTO opComCamera ( tipo, cpfOpCamera, camera, data )
	VALUES ( 'PARQUE', '793.834.340-50', 17464766, to_date ('2004-07-16', 'YYYY-MM-DD') );
INSERT INTO opComCamera ( tipo, cpfOpCamera, camera, data )
	VALUES ( 'PARQUE', '927.536.589-40', 43889197, to_date ('2012-04-27', 'YYYY-MM-DD') );
INSERT INTO opComCamera ( tipo, cpfOpCamera, camera, data )
	VALUES ( 'CINEGRAFISTA', '927.536.589-40', 20804051, to_date ('2011-03-20', 'YYYY-MM-DD') );
INSERT INTO opComCamera ( tipo, cpfOpCamera, camera, data )
	VALUES ( 'CINEGRAFISTA', '702.694.593-40', 18557503, to_date ('2005-08-26', 'YYYY-MM-DD') );
INSERT INTO opComCamera ( tipo, cpfOpCamera, camera, data )
	VALUES ( 'CINEGRAFISTA', '550.231.571-28', 33959153, to_date ('2011-09-03', 'YYYY-MM-DD') );
INSERT INTO opComCamera ( tipo, cpfOpCamera, camera, data )
	VALUES ( 'PARQUE', '997.032.797-40', 51560044, to_date ('2012-03-20', 'YYYY-MM-DD') );
INSERT INTO opComCamera ( tipo, cpfOpCamera, camera, data )
	VALUES ( 'PARQUE', '027.162.848-44', 28414963, to_date ('2005-10-21', 'YYYY-MM-DD') );
INSERT INTO opComCamera ( tipo, cpfOpCamera, camera, data )
	VALUES ( 'FOTOGRAFO', '793.012.494-09', 35727236, to_date ('2001-09-13', 'YYYY-MM-DD') );
INSERT INTO opComCamera ( tipo, cpfOpCamera, camera, data )
	VALUES ( 'PARQUE', '927.536.589-40', 47596425, to_date ('2005-09-29', 'YYYY-MM-DD') );
INSERT INTO opComCamera ( tipo, cpfOpCamera, camera, data )
	VALUES ( 'PARQUE', '659.897.784-44', 86166988, to_date ('2008-02-15', 'YYYY-MM-DD') );

/* TABLE fotografoCruzeiro */
INSERT INTO fotografoCruzeiro ( idAlbum, cpfOpCamera, categoria, data )
	VALUES ( 64, '504.159.221-62', 'JUNIOR', to_date ('2006-08-07', 'YYYY-MM-DD') );
INSERT INTO fotografoCruzeiro ( idAlbum, cpfOpCamera, categoria, data )
	VALUES ( 31, '754.444.997-34', 'JUNIOR', to_date ('2003-09-03', 'YYYY-MM-DD') );
INSERT INTO fotografoCruzeiro ( idAlbum, cpfOpCamera, categoria, data )
	VALUES ( 6, '765.500.392-58', 'ESPECIALISTA', to_date ('2004-04-28', 'YYYY-MM-DD') );
INSERT INTO fotografoCruzeiro ( idAlbum, cpfOpCamera, categoria, data )
	VALUES ( 51, '306.570.839-92', 'ESPECIALISTA', to_date ('2017-07-22', 'YYYY-MM-DD') );
INSERT INTO fotografoCruzeiro ( idAlbum, cpfOpCamera, categoria, data )
	VALUES ( 33, '655.867.366-17', 'JUNIOR', to_date ('2011-04-12', 'YYYY-MM-DD') );
INSERT INTO fotografoCruzeiro ( idAlbum, cpfOpCamera, categoria, data )
	VALUES ( 93, '954.508.078-37', 'JUNIOR', to_date ('2003-05-13', 'YYYY-MM-DD') );
INSERT INTO fotografoCruzeiro ( idAlbum, cpfOpCamera, categoria, data )
	VALUES ( 23, '725.795.391-06', 'TECNICO', to_date ('2010-09-29', 'YYYY-MM-DD') );
INSERT INTO fotografoCruzeiro ( idAlbum, cpfOpCamera, categoria, data )
	VALUES ( 76, '505.705.748-21', 'JUNIOR', to_date ('2015-03-09', 'YYYY-MM-DD') );
INSERT INTO fotografoCruzeiro ( idAlbum, cpfOpCamera, categoria, data )
	VALUES ( 51, '651.552.626-75', 'JUNIOR', to_date ('2015-03-13', 'YYYY-MM-DD') );
INSERT INTO fotografoCruzeiro ( idAlbum, cpfOpCamera, categoria, data )
	VALUES ( 49, '712.091.557-99', 'JUNIOR', to_date ('2011-07-29', 'YYYY-MM-DD') );
INSERT INTO fotografoCruzeiro ( idAlbum, cpfOpCamera, categoria, data )
	VALUES ( 73, '757.459.668-54', 'ESPECIALISTA', to_date ('2016-06-08', 'YYYY-MM-DD') );
INSERT INTO fotografoCruzeiro ( idAlbum, cpfOpCamera, categoria, data )
	VALUES ( 29, '659.897.784-44', 'ESPECIALISTA', to_date ('2004-05-11', 'YYYY-MM-DD') );
INSERT INTO fotografoCruzeiro ( idAlbum, cpfOpCamera, categoria, data )
	VALUES ( 71, '643.511.851-32', 'TECNICO', to_date ('2014-01-22', 'YYYY-MM-DD') );
INSERT INTO fotografoCruzeiro ( idAlbum, cpfOpCamera, categoria, data )
	VALUES ( 16, '375.841.304-61', 'JUNIOR', to_date ('2001-02-06', 'YYYY-MM-DD') );
INSERT INTO fotografoCruzeiro ( idAlbum, cpfOpCamera, categoria, data )
	VALUES ( 25, '960.825.711-15', 'JUNIOR', to_date ('2007-03-12', 'YYYY-MM-DD') );
INSERT INTO fotografoCruzeiro ( idAlbum, cpfOpCamera, categoria, data )
	VALUES ( 91, '536.492.252-81', 'ESPECIALISTA', to_date ('2009-10-23', 'YYYY-MM-DD') );
INSERT INTO fotografoCruzeiro ( idAlbum, cpfOpCamera, categoria, data )
	VALUES ( 77, '536.492.252-81', 'ESPECIALISTA', to_date ('2003-05-15', 'YYYY-MM-DD') );
INSERT INTO fotografoCruzeiro ( idAlbum, cpfOpCamera, categoria, data )
	VALUES ( 38, '973.785.332-66', 'TECNICO', to_date ('2017-11-24', 'YYYY-MM-DD') );
INSERT INTO fotografoCruzeiro ( idAlbum, cpfOpCamera, categoria, data )
	VALUES ( 94, '659.897.784-44', 'JUNIOR', to_date ('2008-02-15', 'YYYY-MM-DD') );
INSERT INTO fotografoCruzeiro ( idAlbum, cpfOpCamera, categoria, data )
	VALUES ( 83, '278.383.268-45', 'ESPECIALISTA', to_date ('2007-05-25', 'YYYY-MM-DD') );
INSERT INTO fotografoCruzeiro ( idAlbum, cpfOpCamera, categoria, data )
	VALUES ( 62, '209.762.167-79', 'ESPECIALISTA', to_date ('2015-11-14', 'YYYY-MM-DD') );
INSERT INTO fotografoCruzeiro ( idAlbum, cpfOpCamera, categoria, data )
	VALUES ( 87, '208.590.843-38', 'TECNICO', to_date ('2001-08-03', 'YYYY-MM-DD') );
INSERT INTO fotografoCruzeiro ( idAlbum, cpfOpCamera, categoria, data )
	VALUES ( 50, '027.162.848-44', 'JUNIOR', to_date ('2005-10-21', 'YYYY-MM-DD') );
INSERT INTO fotografoCruzeiro ( idAlbum, cpfOpCamera, categoria, data )
	VALUES ( 90, '927.536.589-40', 'TECNICO', to_date ('2012-04-27', 'YYYY-MM-DD') );
INSERT INTO fotografoCruzeiro ( idAlbum, cpfOpCamera, categoria, data )
	VALUES ( 5, '984.319.590-75', 'TECNICO', to_date ('2003-09-13', 'YYYY-MM-DD') );
INSERT INTO fotografoCruzeiro ( idAlbum, cpfOpCamera, categoria, data )
	VALUES ( 49, '659.897.784-44', 'ESPECIALISTA', to_date ('2003-02-13', 'YYYY-MM-DD') );
INSERT INTO fotografoCruzeiro ( idAlbum, cpfOpCamera, categoria, data )
	VALUES ( 78, '819.930.030-83', 'ESPECIALISTA', to_date ('2004-01-29', 'YYYY-MM-DD') );
INSERT INTO fotografoCruzeiro ( idAlbum, cpfOpCamera, categoria, data )
	VALUES ( 98, '155.423.903-20', 'JUNIOR', to_date ('2014-04-05', 'YYYY-MM-DD') );
INSERT INTO fotografoCruzeiro ( idAlbum, cpfOpCamera, categoria, data )
	VALUES ( 15, '741.840.210-99', 'JUNIOR', to_date ('2012-10-19', 'YYYY-MM-DD') );
INSERT INTO fotografoCruzeiro ( idAlbum, cpfOpCamera, categoria, data )
	VALUES ( 84, '927.536.589-40', 'ESPECIALISTA', to_date ('2011-03-20', 'YYYY-MM-DD') );
INSERT INTO fotografoCruzeiro ( idAlbum, cpfOpCamera, categoria, data )
	VALUES ( 50, '208.590.843-38', 'ESPECIALISTA', to_date ('2013-11-21', 'YYYY-MM-DD') );
INSERT INTO fotografoCruzeiro ( idAlbum, cpfOpCamera, categoria, data )
	VALUES ( 58, '679.750.535-36', 'ESPECIALISTA', to_date ('2000-01-09', 'YYYY-MM-DD') );
INSERT INTO fotografoCruzeiro ( idAlbum, cpfOpCamera, categoria, data )
	VALUES ( 95, '540.402.206-05', 'ESPECIALISTA', to_date ('2007-07-26', 'YYYY-MM-DD') );
INSERT INTO fotografoCruzeiro ( idAlbum, cpfOpCamera, categoria, data )
	VALUES ( 11, '182.633.304-81', 'JUNIOR', to_date ('2008-11-24', 'YYYY-MM-DD') );
INSERT INTO fotografoCruzeiro ( idAlbum, cpfOpCamera, categoria, data )
	VALUES ( 21, '410.819.426-83', 'TECNICO', to_date ('2013-01-10', 'YYYY-MM-DD') );
INSERT INTO fotografoCruzeiro ( idAlbum, cpfOpCamera, categoria, data )
	VALUES ( 67, '031.844.616-48', 'JUNIOR', to_date ('2002-10-03', 'YYYY-MM-DD') );
INSERT INTO fotografoCruzeiro ( idAlbum, cpfOpCamera, categoria, data )
	VALUES ( 12, '338.698.478-71', 'TECNICO', to_date ('2003-11-16', 'YYYY-MM-DD') );
INSERT INTO fotografoCruzeiro ( idAlbum, cpfOpCamera, categoria, data )
	VALUES ( 96, '085.726.128-13', 'JUNIOR', to_date ('2013-02-19', 'YYYY-MM-DD') );
INSERT INTO fotografoCruzeiro ( idAlbum, cpfOpCamera, categoria, data )
	VALUES ( 44, '031.844.616-48', 'ESPECIALISTA', to_date ('2012-10-18', 'YYYY-MM-DD') );
INSERT INTO fotografoCruzeiro ( idAlbum, cpfOpCamera, categoria, data )
	VALUES ( 47, '215.129.040-40', 'TECNICO', to_date ('2000-06-01', 'YYYY-MM-DD') );
INSERT INTO fotografoCruzeiro ( idAlbum, cpfOpCamera, categoria, data )
	VALUES ( 83, '960.825.711-15', 'TECNICO', to_date ('2016-03-24', 'YYYY-MM-DD') );
INSERT INTO fotografoCruzeiro ( idAlbum, cpfOpCamera, categoria, data )
	VALUES ( 52, '793.834.340-50', 'JUNIOR', to_date ('2009-05-10', 'YYYY-MM-DD') );
INSERT INTO fotografoCruzeiro ( idAlbum, cpfOpCamera, categoria, data )
	VALUES ( 95, '655.867.366-17', 'ESPECIALISTA', to_date ('2005-04-11', 'YYYY-MM-DD') );
INSERT INTO fotografoCruzeiro ( idAlbum, cpfOpCamera, categoria, data )
	VALUES ( 47, '098.964.468-71', 'JUNIOR', to_date ('2016-03-07', 'YYYY-MM-DD') );
INSERT INTO fotografoCruzeiro ( idAlbum, cpfOpCamera, categoria, data )
	VALUES ( 3, '278.383.268-45', 'ESPECIALISTA', to_date ('2009-11-02', 'YYYY-MM-DD') );
INSERT INTO fotografoCruzeiro ( idAlbum, cpfOpCamera, categoria, data )
	VALUES ( 69, '997.032.797-40', 'JUNIOR', to_date ('2012-03-20', 'YYYY-MM-DD') );
INSERT INTO fotografoCruzeiro ( idAlbum, cpfOpCamera, categoria, data )
	VALUES ( 26, '102.614.802-18', 'JUNIOR', to_date ('2009-02-01', 'YYYY-MM-DD') );
INSERT INTO fotografoCruzeiro ( idAlbum, cpfOpCamera, categoria, data )
	VALUES ( 11, '182.633.304-81', 'JUNIOR', to_date ('2008-01-29', 'YYYY-MM-DD') );
INSERT INTO fotografoCruzeiro ( idAlbum, cpfOpCamera, categoria, data )
	VALUES ( 68, '276.865.875-31', 'JUNIOR', to_date ('2005-06-26', 'YYYY-MM-DD') );
INSERT INTO fotografoCruzeiro ( idAlbum, cpfOpCamera, categoria, data )
	VALUES ( 76, '774.267.034-51', 'TECNICO', to_date ('2006-08-17', 'YYYY-MM-DD') );
INSERT INTO fotografoCruzeiro ( idAlbum, cpfOpCamera, categoria, data )
	VALUES ( 53, '241.702.807-60', 'JUNIOR', to_date ('2015-07-17', 'YYYY-MM-DD') );
INSERT INTO fotografoCruzeiro ( idAlbum, cpfOpCamera, categoria, data )
	VALUES ( 67, '172.118.745-96', 'ESPECIALISTA', to_date ('2002-08-01', 'YYYY-MM-DD') );
INSERT INTO fotografoCruzeiro ( idAlbum, cpfOpCamera, categoria, data )
	VALUES ( 76, '031.844.616-48', 'ESPECIALISTA', to_date ('2004-03-09', 'YYYY-MM-DD') );
INSERT INTO fotografoCruzeiro ( idAlbum, cpfOpCamera, categoria, data )
	VALUES ( 13, '819.930.030-83', 'JUNIOR', to_date ('2008-07-03', 'YYYY-MM-DD') );
INSERT INTO fotografoCruzeiro ( idAlbum, cpfOpCamera, categoria, data )
	VALUES ( 64, '182.633.304-81', 'ESPECIALISTA', to_date ('2009-08-06', 'YYYY-MM-DD') );
INSERT INTO fotografoCruzeiro ( idAlbum, cpfOpCamera, categoria, data )
	VALUES ( 67, '478.613.044-80', 'TECNICO', to_date ('2009-03-03', 'YYYY-MM-DD') );
INSERT INTO fotografoCruzeiro ( idAlbum, cpfOpCamera, categoria, data )
	VALUES ( 74, '338.698.478-71', 'ESPECIALISTA', to_date ('2007-09-16', 'YYYY-MM-DD') );
INSERT INTO fotografoCruzeiro ( idAlbum, cpfOpCamera, categoria, data )
	VALUES ( 66, '741.227.419-70', 'TECNICO', to_date ('2016-11-28', 'YYYY-MM-DD') );
INSERT INTO fotografoCruzeiro ( idAlbum, cpfOpCamera, categoria, data )
	VALUES ( 82, '550.231.571-28', 'JUNIOR', to_date ('2011-09-03', 'YYYY-MM-DD') );
INSERT INTO fotografoCruzeiro ( idAlbum, cpfOpCamera, categoria, data )
	VALUES ( 22, '375.841.304-61', 'ESPECIALISTA', to_date ('2016-07-14', 'YYYY-MM-DD') );
INSERT INTO fotografoCruzeiro ( idAlbum, cpfOpCamera, categoria, data )
	VALUES ( 28, '172.118.745-96', 'TECNICO', to_date ('2002-05-26', 'YYYY-MM-DD') );
INSERT INTO fotografoCruzeiro ( idAlbum, cpfOpCamera, categoria, data )
	VALUES ( 12, '183.569.609-62', 'JUNIOR', to_date ('2006-05-14', 'YYYY-MM-DD') );
INSERT INTO fotografoCruzeiro ( idAlbum, cpfOpCamera, categoria, data )
	VALUES ( 97, '278.383.268-45', 'TECNICO', to_date ('2005-05-16', 'YYYY-MM-DD') );
INSERT INTO fotografoCruzeiro ( idAlbum, cpfOpCamera, categoria, data )
	VALUES ( 25, '183.569.609-62', 'ESPECIALISTA', to_date ('2009-02-16', 'YYYY-MM-DD') );
INSERT INTO fotografoCruzeiro ( idAlbum, cpfOpCamera, categoria, data )
	VALUES ( 57, '183.569.609-62', 'ESPECIALISTA', to_date ('2000-01-16', 'YYYY-MM-DD') );
INSERT INTO fotografoCruzeiro ( idAlbum, cpfOpCamera, categoria, data )
	VALUES ( 42, '320.599.949-22', 'JUNIOR', to_date ('2011-10-30', 'YYYY-MM-DD') );
INSERT INTO fotografoCruzeiro ( idAlbum, cpfOpCamera, categoria, data )
	VALUES ( 100, '003.792.611-73', 'ESPECIALISTA', to_date ('2008-03-10', 'YYYY-MM-DD') );
INSERT INTO fotografoCruzeiro ( idAlbum, cpfOpCamera, categoria, data )
	VALUES ( 72, '819.930.030-83', 'ESPECIALISTA', to_date ('2011-05-22', 'YYYY-MM-DD') );
INSERT INTO fotografoCruzeiro ( idAlbum, cpfOpCamera, categoria, data )
	VALUES ( 51, '085.726.128-13', 'TECNICO', to_date ('2003-09-07', 'YYYY-MM-DD') );
INSERT INTO fotografoCruzeiro ( idAlbum, cpfOpCamera, categoria, data )
	VALUES ( 54, '793.834.340-50', 'ESPECIALISTA', to_date ('2006-08-26', 'YYYY-MM-DD') );
INSERT INTO fotografoCruzeiro ( idAlbum, cpfOpCamera, categoria, data )
	VALUES ( 48, '338.698.478-71', 'TECNICO', to_date ('2001-02-20', 'YYYY-MM-DD') );
INSERT INTO fotografoCruzeiro ( idAlbum, cpfOpCamera, categoria, data )
	VALUES ( 27, '278.383.268-45', 'TECNICO', to_date ('2008-07-23', 'YYYY-MM-DD') );
INSERT INTO fotografoCruzeiro ( idAlbum, cpfOpCamera, categoria, data )
	VALUES ( 99, '702.694.593-40', 'TECNICO', to_date ('2007-04-13', 'YYYY-MM-DD') );
INSERT INTO fotografoCruzeiro ( idAlbum, cpfOpCamera, categoria, data )
	VALUES ( 21, '208.590.843-38', 'JUNIOR', to_date ('2014-05-16', 'YYYY-MM-DD') );
INSERT INTO fotografoCruzeiro ( idAlbum, cpfOpCamera, categoria, data )
	VALUES ( 33, '973.785.332-66', 'TECNICO', to_date ('2007-01-03', 'YYYY-MM-DD') );
INSERT INTO fotografoCruzeiro ( idAlbum, cpfOpCamera, categoria, data )
	VALUES ( 60, '346.675.103-29', 'ESPECIALISTA', to_date ('2006-09-01', 'YYYY-MM-DD') );
INSERT INTO fotografoCruzeiro ( idAlbum, cpfOpCamera, categoria, data )
	VALUES ( 34, '550.231.571-28', 'TECNICO', to_date ('2012-03-17', 'YYYY-MM-DD') );
INSERT INTO fotografoCruzeiro ( idAlbum, cpfOpCamera, categoria, data )
	VALUES ( 56, '689.353.993-29', 'TECNICO', to_date ('2014-04-21', 'YYYY-MM-DD') );
INSERT INTO fotografoCruzeiro ( idAlbum, cpfOpCamera, categoria, data )
	VALUES ( 85, '102.614.802-18', 'ESPECIALISTA', to_date ('2004-05-17', 'YYYY-MM-DD') );
INSERT INTO fotografoCruzeiro ( idAlbum, cpfOpCamera, categoria, data )
	VALUES ( 96, '712.091.557-99', 'TECNICO', to_date ('2009-10-13', 'YYYY-MM-DD') );
INSERT INTO fotografoCruzeiro ( idAlbum, cpfOpCamera, categoria, data )
	VALUES ( 39, '922.807.168-08', 'JUNIOR', to_date ('2004-02-24', 'YYYY-MM-DD') );
INSERT INTO fotografoCruzeiro ( idAlbum, cpfOpCamera, categoria, data )
	VALUES ( 98, '997.032.797-40', 'JUNIOR', to_date ('2017-07-02', 'YYYY-MM-DD') );
INSERT INTO fotografoCruzeiro ( idAlbum, cpfOpCamera, categoria, data )
	VALUES ( 54, '541.649.682-95', 'JUNIOR', to_date ('2005-09-20', 'YYYY-MM-DD') );
INSERT INTO fotografoCruzeiro ( idAlbum, cpfOpCamera, categoria, data )
	VALUES ( 60, '065.091.423-26', 'JUNIOR', to_date ('2004-02-25', 'YYYY-MM-DD') );
INSERT INTO fotografoCruzeiro ( idAlbum, cpfOpCamera, categoria, data )
	VALUES ( 92, '753.864.683-48', 'ESPECIALISTA', to_date ('2005-09-25', 'YYYY-MM-DD') );
INSERT INTO fotografoCruzeiro ( idAlbum, cpfOpCamera, categoria, data )
	VALUES ( 71, '793.012.494-09', 'ESPECIALISTA', to_date ('2001-09-13', 'YYYY-MM-DD') );
INSERT INTO fotografoCruzeiro ( idAlbum, cpfOpCamera, categoria, data )
	VALUES ( 18, '702.694.593-40', 'ESPECIALISTA', to_date ('2005-08-26', 'YYYY-MM-DD') );
INSERT INTO fotografoCruzeiro ( idAlbum, cpfOpCamera, categoria, data )
	VALUES ( 100, '196.343.326-57', 'JUNIOR', to_date ('2001-11-05', 'YYYY-MM-DD') );
INSERT INTO fotografoCruzeiro ( idAlbum, cpfOpCamera, categoria, data )
	VALUES ( 43, '702.694.593-40', 'ESPECIALISTA', to_date ('2012-08-16', 'YYYY-MM-DD') );
INSERT INTO fotografoCruzeiro ( idAlbum, cpfOpCamera, categoria, data )
	VALUES ( 35, '809.952.320-37', 'TECNICO', to_date ('2007-08-06', 'YYYY-MM-DD') );
INSERT INTO fotografoCruzeiro ( idAlbum, cpfOpCamera, categoria, data )
	VALUES ( 46, '985.878.089-45', 'TECNICO', to_date ('2005-01-23', 'YYYY-MM-DD') );
INSERT INTO fotografoCruzeiro ( idAlbum, cpfOpCamera, categoria, data )
	VALUES ( 2, '984.319.590-75', 'JUNIOR', to_date ('2002-04-22', 'YYYY-MM-DD') );
INSERT INTO fotografoCruzeiro ( idAlbum, cpfOpCamera, categoria, data )
	VALUES ( 54, '960.825.711-15', 'JUNIOR', to_date ('2018-10-14', 'YYYY-MM-DD') );
INSERT INTO fotografoCruzeiro ( idAlbum, cpfOpCamera, categoria, data )
	VALUES ( 82, '927.536.589-40', 'JUNIOR', to_date ('2005-09-29', 'YYYY-MM-DD') );
INSERT INTO fotografoCruzeiro ( idAlbum, cpfOpCamera, categoria, data )
	VALUES ( 51, '985.878.089-45', 'TECNICO', to_date ('2007-01-29', 'YYYY-MM-DD') );
INSERT INTO fotografoCruzeiro ( idAlbum, cpfOpCamera, categoria, data )
	VALUES ( 99, '271.054.513-53', 'TECNICO', to_date ('2002-10-28', 'YYYY-MM-DD') );
INSERT INTO fotografoCruzeiro ( idAlbum, cpfOpCamera, categoria, data )
	VALUES ( 100, '672.918.060-28', 'JUNIOR', to_date ('2000-03-08', 'YYYY-MM-DD') );
INSERT INTO fotografoCruzeiro ( idAlbum, cpfOpCamera, categoria, data )
	VALUES ( 96, '031.844.616-48', 'ESPECIALISTA', to_date ('2007-06-05', 'YYYY-MM-DD') );
INSERT INTO fotografoCruzeiro ( idAlbum, cpfOpCamera, categoria, data )
	VALUES ( 8, '793.834.340-50', 'ESPECIALISTA', to_date ('2004-07-16', 'YYYY-MM-DD') );
INSERT INTO fotografoCruzeiro ( idAlbum, cpfOpCamera, categoria, data )
	VALUES ( 75, '921.950.940-86', 'TECNICO', to_date ('2005-02-04', 'YYYY-MM-DD') );

/* TABLE cinegrafistaCruzeiro */
INSERT INTO cinegrafistaCruzeiro ( idMakingof, cpfOpCamera, data )
	VALUES ( 47, '278.383.268-45', to_date ('2008-07-23', 'YYYY-MM-DD') );
INSERT INTO cinegrafistaCruzeiro ( idMakingof, cpfOpCamera, data )
	VALUES ( 23, '793.834.340-50', to_date ('2006-08-26', 'YYYY-MM-DD') );
INSERT INTO cinegrafistaCruzeiro ( idMakingof, cpfOpCamera, data )
	VALUES ( 1, '182.633.304-81', to_date ('2008-01-29', 'YYYY-MM-DD') );
INSERT INTO cinegrafistaCruzeiro ( idMakingof, cpfOpCamera, data )
	VALUES ( 73, '271.054.513-53', to_date ('2002-10-28', 'YYYY-MM-DD') );
INSERT INTO cinegrafistaCruzeiro ( idMakingof, cpfOpCamera, data )
	VALUES ( 74, '659.897.784-44', to_date ('2008-02-15', 'YYYY-MM-DD') );
INSERT INTO cinegrafistaCruzeiro ( idMakingof, cpfOpCamera, data )
	VALUES ( 2, '505.705.748-21', to_date ('2015-03-09', 'YYYY-MM-DD') );
INSERT INTO cinegrafistaCruzeiro ( idMakingof, cpfOpCamera, data )
	VALUES ( 89, '541.649.682-95', to_date ('2005-09-20', 'YYYY-MM-DD') );
INSERT INTO cinegrafistaCruzeiro ( idMakingof, cpfOpCamera, data )
	VALUES ( 14, '031.844.616-48', to_date ('2012-10-18', 'YYYY-MM-DD') );
INSERT INTO cinegrafistaCruzeiro ( idMakingof, cpfOpCamera, data )
	VALUES ( 26, '702.694.593-40', to_date ('2005-08-26', 'YYYY-MM-DD') );
INSERT INTO cinegrafistaCruzeiro ( idMakingof, cpfOpCamera, data )
	VALUES ( 41, '278.383.268-45', to_date ('2009-11-02', 'YYYY-MM-DD') );
INSERT INTO cinegrafistaCruzeiro ( idMakingof, cpfOpCamera, data )
	VALUES ( 91, '765.500.392-58', to_date ('2004-04-28', 'YYYY-MM-DD') );
INSERT INTO cinegrafistaCruzeiro ( idMakingof, cpfOpCamera, data )
	VALUES ( 46, '031.844.616-48', to_date ('2002-10-03', 'YYYY-MM-DD') );
INSERT INTO cinegrafistaCruzeiro ( idMakingof, cpfOpCamera, data )
	VALUES ( 16, '338.698.478-71', to_date ('2003-11-16', 'YYYY-MM-DD') );
INSERT INTO cinegrafistaCruzeiro ( idMakingof, cpfOpCamera, data )
	VALUES ( 25, '031.844.616-48', to_date ('2004-03-09', 'YYYY-MM-DD') );
INSERT INTO cinegrafistaCruzeiro ( idMakingof, cpfOpCamera, data )
	VALUES ( 40, '375.841.304-61', to_date ('2016-07-14', 'YYYY-MM-DD') );
INSERT INTO cinegrafistaCruzeiro ( idMakingof, cpfOpCamera, data )
	VALUES ( 14, '208.590.843-38', to_date ('2014-05-16', 'YYYY-MM-DD') );
INSERT INTO cinegrafistaCruzeiro ( idMakingof, cpfOpCamera, data )
	VALUES ( 94, '973.785.332-66', to_date ('2007-01-03', 'YYYY-MM-DD') );
INSERT INTO cinegrafistaCruzeiro ( idMakingof, cpfOpCamera, data )
	VALUES ( 46, '183.569.609-62', to_date ('2000-01-16', 'YYYY-MM-DD') );
INSERT INTO cinegrafistaCruzeiro ( idMakingof, cpfOpCamera, data )
	VALUES ( 61, '655.867.366-17', to_date ('2011-04-12', 'YYYY-MM-DD') );
INSERT INTO cinegrafistaCruzeiro ( idMakingof, cpfOpCamera, data )
	VALUES ( 23, '338.698.478-71', to_date ('2001-02-20', 'YYYY-MM-DD') );
INSERT INTO cinegrafistaCruzeiro ( idMakingof, cpfOpCamera, data )
	VALUES ( 28, '960.825.711-15', to_date ('2007-03-12', 'YYYY-MM-DD') );
INSERT INTO cinegrafistaCruzeiro ( idMakingof, cpfOpCamera, data )
	VALUES ( 59, '672.918.060-28', to_date ('2000-03-08', 'YYYY-MM-DD') );
INSERT INTO cinegrafistaCruzeiro ( idMakingof, cpfOpCamera, data )
	VALUES ( 37, '208.590.843-38', to_date ('2001-08-03', 'YYYY-MM-DD') );
INSERT INTO cinegrafistaCruzeiro ( idMakingof, cpfOpCamera, data )
	VALUES ( 62, '659.897.784-44', to_date ('2004-05-11', 'YYYY-MM-DD') );
INSERT INTO cinegrafistaCruzeiro ( idMakingof, cpfOpCamera, data )
	VALUES ( 52, '182.633.304-81', to_date ('2009-08-06', 'YYYY-MM-DD') );
INSERT INTO cinegrafistaCruzeiro ( idMakingof, cpfOpCamera, data )
	VALUES ( 57, '276.865.875-31', to_date ('2005-06-26', 'YYYY-MM-DD') );
INSERT INTO cinegrafistaCruzeiro ( idMakingof, cpfOpCamera, data )
	VALUES ( 19, '985.878.089-45', to_date ('2007-01-29', 'YYYY-MM-DD') );
INSERT INTO cinegrafistaCruzeiro ( idMakingof, cpfOpCamera, data )
	VALUES ( 14, '346.675.103-29', to_date ('2006-09-01', 'YYYY-MM-DD') );
INSERT INTO cinegrafistaCruzeiro ( idMakingof, cpfOpCamera, data )
	VALUES ( 89, '375.841.304-61', to_date ('2001-02-06', 'YYYY-MM-DD') );
INSERT INTO cinegrafistaCruzeiro ( idMakingof, cpfOpCamera, data )
	VALUES ( 27, '659.897.784-44', to_date ('2003-02-13', 'YYYY-MM-DD') );
INSERT INTO cinegrafistaCruzeiro ( idMakingof, cpfOpCamera, data )
	VALUES ( 14, '819.930.030-83', to_date ('2004-01-29', 'YYYY-MM-DD') );
INSERT INTO cinegrafistaCruzeiro ( idMakingof, cpfOpCamera, data )
	VALUES ( 24, '741.840.210-99', to_date ('2012-10-19', 'YYYY-MM-DD') );
INSERT INTO cinegrafistaCruzeiro ( idMakingof, cpfOpCamera, data )
	VALUES ( 61, '550.231.571-28', to_date ('2012-03-17', 'YYYY-MM-DD') );
INSERT INTO cinegrafistaCruzeiro ( idMakingof, cpfOpCamera, data )
	VALUES ( 94, '085.726.128-13', to_date ('2003-09-07', 'YYYY-MM-DD') );
INSERT INTO cinegrafistaCruzeiro ( idMakingof, cpfOpCamera, data )
	VALUES ( 46, '809.952.320-37', to_date ('2007-08-06', 'YYYY-MM-DD') );
INSERT INTO cinegrafistaCruzeiro ( idMakingof, cpfOpCamera, data )
	VALUES ( 87, '102.614.802-18', to_date ('2004-05-17', 'YYYY-MM-DD') );
INSERT INTO cinegrafistaCruzeiro ( idMakingof, cpfOpCamera, data )
	VALUES ( 65, '793.834.340-50', to_date ('2004-07-16', 'YYYY-MM-DD') );
INSERT INTO cinegrafistaCruzeiro ( idMakingof, cpfOpCamera, data )
	VALUES ( 70, '741.227.419-70', to_date ('2016-11-28', 'YYYY-MM-DD') );
INSERT INTO cinegrafistaCruzeiro ( idMakingof, cpfOpCamera, data )
	VALUES ( 22, '172.118.745-96', to_date ('2002-08-01', 'YYYY-MM-DD') );
INSERT INTO cinegrafistaCruzeiro ( idMakingof, cpfOpCamera, data )
	VALUES ( 17, '306.570.839-92', to_date ('2017-07-22', 'YYYY-MM-DD') );
INSERT INTO cinegrafistaCruzeiro ( idMakingof, cpfOpCamera, data )
	VALUES ( 50, '241.702.807-60', to_date ('2015-07-17', 'YYYY-MM-DD') );
INSERT INTO cinegrafistaCruzeiro ( idMakingof, cpfOpCamera, data )
	VALUES ( 65, '753.864.683-48', to_date ('2005-09-25', 'YYYY-MM-DD') );
INSERT INTO cinegrafistaCruzeiro ( idMakingof, cpfOpCamera, data )
	VALUES ( 47, '954.508.078-37', to_date ('2003-05-13', 'YYYY-MM-DD') );
INSERT INTO cinegrafistaCruzeiro ( idMakingof, cpfOpCamera, data )
	VALUES ( 51, '997.032.797-40', to_date ('2017-07-02', 'YYYY-MM-DD') );
INSERT INTO cinegrafistaCruzeiro ( idMakingof, cpfOpCamera, data )
	VALUES ( 44, '209.762.167-79', to_date ('2015-11-14', 'YYYY-MM-DD') );
INSERT INTO cinegrafistaCruzeiro ( idMakingof, cpfOpCamera, data )
	VALUES ( 69, '927.536.589-40', to_date ('2005-09-29', 'YYYY-MM-DD') );
INSERT INTO cinegrafistaCruzeiro ( idMakingof, cpfOpCamera, data )
	VALUES ( 31, '997.032.797-40', to_date ('2012-03-20', 'YYYY-MM-DD') );
INSERT INTO cinegrafistaCruzeiro ( idMakingof, cpfOpCamera, data )
	VALUES ( 73, '540.402.206-05', to_date ('2007-07-26', 'YYYY-MM-DD') );
INSERT INTO cinegrafistaCruzeiro ( idMakingof, cpfOpCamera, data )
	VALUES ( 4, '215.129.040-40', to_date ('2000-06-01', 'YYYY-MM-DD') );
INSERT INTO cinegrafistaCruzeiro ( idMakingof, cpfOpCamera, data )
	VALUES ( 43, '927.536.589-40', to_date ('2011-03-20', 'YYYY-MM-DD') );
INSERT INTO cinegrafistaCruzeiro ( idMakingof, cpfOpCamera, data )
	VALUES ( 42, '182.633.304-81', to_date ('2008-11-24', 'YYYY-MM-DD') );
INSERT INTO cinegrafistaCruzeiro ( idMakingof, cpfOpCamera, data )
	VALUES ( 51, '655.867.366-17', to_date ('2005-04-11', 'YYYY-MM-DD') );
INSERT INTO cinegrafistaCruzeiro ( idMakingof, cpfOpCamera, data )
	VALUES ( 41, '085.726.128-13', to_date ('2013-02-19', 'YYYY-MM-DD') );
INSERT INTO cinegrafistaCruzeiro ( idMakingof, cpfOpCamera, data )
	VALUES ( 86, '183.569.609-62', to_date ('2006-05-14', 'YYYY-MM-DD') );
INSERT INTO cinegrafistaCruzeiro ( idMakingof, cpfOpCamera, data )
	VALUES ( 71, '208.590.843-38', to_date ('2013-11-21', 'YYYY-MM-DD') );
INSERT INTO cinegrafistaCruzeiro ( idMakingof, cpfOpCamera, data )
	VALUES ( 41, '725.795.391-06', to_date ('2010-09-29', 'YYYY-MM-DD') );
INSERT INTO cinegrafistaCruzeiro ( idMakingof, cpfOpCamera, data )
	VALUES ( 70, '679.750.535-36', to_date ('2000-01-09', 'YYYY-MM-DD') );
INSERT INTO cinegrafistaCruzeiro ( idMakingof, cpfOpCamera, data )
	VALUES ( 45, '550.231.571-28', to_date ('2011-09-03', 'YYYY-MM-DD') );
INSERT INTO cinegrafistaCruzeiro ( idMakingof, cpfOpCamera, data )
	VALUES ( 61, '689.353.993-29', to_date ('2014-04-21', 'YYYY-MM-DD') );
INSERT INTO cinegrafistaCruzeiro ( idMakingof, cpfOpCamera, data )
	VALUES ( 76, '065.091.423-26', to_date ('2004-02-25', 'YYYY-MM-DD') );
INSERT INTO cinegrafistaCruzeiro ( idMakingof, cpfOpCamera, data )
	VALUES ( 14, '702.694.593-40', to_date ('2012-08-16', 'YYYY-MM-DD') );
INSERT INTO cinegrafistaCruzeiro ( idMakingof, cpfOpCamera, data )
	VALUES ( 2, '031.844.616-48', to_date ('2007-06-05', 'YYYY-MM-DD') );
INSERT INTO cinegrafistaCruzeiro ( idMakingof, cpfOpCamera, data )
	VALUES ( 8, '278.383.268-45', to_date ('2007-05-25', 'YYYY-MM-DD') );
INSERT INTO cinegrafistaCruzeiro ( idMakingof, cpfOpCamera, data )
	VALUES ( 71, '320.599.949-22', to_date ('2011-10-30', 'YYYY-MM-DD') );
INSERT INTO cinegrafistaCruzeiro ( idMakingof, cpfOpCamera, data )
	VALUES ( 5, '155.423.903-20', to_date ('2014-04-05', 'YYYY-MM-DD') );
INSERT INTO cinegrafistaCruzeiro ( idMakingof, cpfOpCamera, data )
	VALUES ( 1, '651.552.626-75', to_date ('2015-03-13', 'YYYY-MM-DD') );
INSERT INTO cinegrafistaCruzeiro ( idMakingof, cpfOpCamera, data )
	VALUES ( 54, '927.536.589-40', to_date ('2012-04-27', 'YYYY-MM-DD') );
INSERT INTO cinegrafistaCruzeiro ( idMakingof, cpfOpCamera, data )
	VALUES ( 75, '984.319.590-75', to_date ('2003-09-13', 'YYYY-MM-DD') );
INSERT INTO cinegrafistaCruzeiro ( idMakingof, cpfOpCamera, data )
	VALUES ( 67, '702.694.593-40', to_date ('2007-04-13', 'YYYY-MM-DD') );
INSERT INTO cinegrafistaCruzeiro ( idMakingof, cpfOpCamera, data )
	VALUES ( 91, '793.834.340-50', to_date ('2009-05-10', 'YYYY-MM-DD') );
INSERT INTO cinegrafistaCruzeiro ( idMakingof, cpfOpCamera, data )
	VALUES ( 86, '922.807.168-08', to_date ('2004-02-24', 'YYYY-MM-DD') );
INSERT INTO cinegrafistaCruzeiro ( idMakingof, cpfOpCamera, data )
	VALUES ( 65, '712.091.557-99', to_date ('2009-10-13', 'YYYY-MM-DD') );
INSERT INTO cinegrafistaCruzeiro ( idMakingof, cpfOpCamera, data )
	VALUES ( 60, '819.930.030-83', to_date ('2011-05-22', 'YYYY-MM-DD') );
INSERT INTO cinegrafistaCruzeiro ( idMakingof, cpfOpCamera, data )
	VALUES ( 13, '003.792.611-73', to_date ('2008-03-10', 'YYYY-MM-DD') );
INSERT INTO cinegrafistaCruzeiro ( idMakingof, cpfOpCamera, data )
	VALUES ( 21, '973.785.332-66', to_date ('2017-11-24', 'YYYY-MM-DD') );
INSERT INTO cinegrafistaCruzeiro ( idMakingof, cpfOpCamera, data )
	VALUES ( 69, '793.012.494-09', to_date ('2001-09-13', 'YYYY-MM-DD') );
INSERT INTO cinegrafistaCruzeiro ( idMakingof, cpfOpCamera, data )
	VALUES ( 99, '478.613.044-80', to_date ('2009-03-03', 'YYYY-MM-DD') );
INSERT INTO cinegrafistaCruzeiro ( idMakingof, cpfOpCamera, data )
	VALUES ( 55, '338.698.478-71', to_date ('2007-09-16', 'YYYY-MM-DD') );
INSERT INTO cinegrafistaCruzeiro ( idMakingof, cpfOpCamera, data )
	VALUES ( 58, '643.511.851-32', to_date ('2014-01-22', 'YYYY-MM-DD') );
INSERT INTO cinegrafistaCruzeiro ( idMakingof, cpfOpCamera, data )
	VALUES ( 86, '712.091.557-99', to_date ('2011-07-29', 'YYYY-MM-DD') );
INSERT INTO cinegrafistaCruzeiro ( idMakingof, cpfOpCamera, data )
	VALUES ( 37, '536.492.252-81', to_date ('2009-10-23', 'YYYY-MM-DD') );
INSERT INTO cinegrafistaCruzeiro ( idMakingof, cpfOpCamera, data )
	VALUES ( 37, '960.825.711-15', to_date ('2018-10-14', 'YYYY-MM-DD') );
INSERT INTO cinegrafistaCruzeiro ( idMakingof, cpfOpCamera, data )
	VALUES ( 23, '757.459.668-54', to_date ('2016-06-08', 'YYYY-MM-DD') );
INSERT INTO cinegrafistaCruzeiro ( idMakingof, cpfOpCamera, data )
	VALUES ( 16, '278.383.268-45', to_date ('2005-05-16', 'YYYY-MM-DD') );
INSERT INTO cinegrafistaCruzeiro ( idMakingof, cpfOpCamera, data )
	VALUES ( 48, '098.964.468-71', to_date ('2016-03-07', 'YYYY-MM-DD') );
INSERT INTO cinegrafistaCruzeiro ( idMakingof, cpfOpCamera, data )
	VALUES ( 49, '504.159.221-62', to_date ('2006-08-07', 'YYYY-MM-DD') );
INSERT INTO cinegrafistaCruzeiro ( idMakingof, cpfOpCamera, data )
	VALUES ( 90, '410.819.426-83', to_date ('2013-01-10', 'YYYY-MM-DD') );
INSERT INTO cinegrafistaCruzeiro ( idMakingof, cpfOpCamera, data )
	VALUES ( 90, '819.930.030-83', to_date ('2008-07-03', 'YYYY-MM-DD') );
INSERT INTO cinegrafistaCruzeiro ( idMakingof, cpfOpCamera, data )
	VALUES ( 58, '754.444.997-34', to_date ('2003-09-03', 'YYYY-MM-DD') );
INSERT INTO cinegrafistaCruzeiro ( idMakingof, cpfOpCamera, data )
	VALUES ( 69, '172.118.745-96', to_date ('2002-05-26', 'YYYY-MM-DD') );
INSERT INTO cinegrafistaCruzeiro ( idMakingof, cpfOpCamera, data )
	VALUES ( 10, '183.569.609-62', to_date ('2009-02-16', 'YYYY-MM-DD') );
INSERT INTO cinegrafistaCruzeiro ( idMakingof, cpfOpCamera, data )
	VALUES ( 37, '027.162.848-44', to_date ('2005-10-21', 'YYYY-MM-DD') );
INSERT INTO cinegrafistaCruzeiro ( idMakingof, cpfOpCamera, data )
	VALUES ( 70, '536.492.252-81', to_date ('2003-05-15', 'YYYY-MM-DD') );
INSERT INTO cinegrafistaCruzeiro ( idMakingof, cpfOpCamera, data )
	VALUES ( 46, '960.825.711-15', to_date ('2016-03-24', 'YYYY-MM-DD') );
INSERT INTO cinegrafistaCruzeiro ( idMakingof, cpfOpCamera, data )
	VALUES ( 20, '196.343.326-57', to_date ('2001-11-05', 'YYYY-MM-DD') );
INSERT INTO cinegrafistaCruzeiro ( idMakingof, cpfOpCamera, data )
	VALUES ( 75, '774.267.034-51', to_date ('2006-08-17', 'YYYY-MM-DD') );
INSERT INTO cinegrafistaCruzeiro ( idMakingof, cpfOpCamera, data )
	VALUES ( 47, '985.878.089-45', to_date ('2005-01-23', 'YYYY-MM-DD') );
INSERT INTO cinegrafistaCruzeiro ( idMakingof, cpfOpCamera, data )
	VALUES ( 19, '984.319.590-75', to_date ('2002-04-22', 'YYYY-MM-DD') );
INSERT INTO cinegrafistaCruzeiro ( idMakingof, cpfOpCamera, data )
	VALUES ( 31, '921.950.940-86', to_date ('2005-02-04', 'YYYY-MM-DD') );
INSERT INTO cinegrafistaCruzeiro ( idMakingof, cpfOpCamera, data )
	VALUES ( 26, '102.614.802-18', to_date ('2009-02-01', 'YYYY-MM-DD') );

/* TABLE parque */
INSERT INTO parque ( cnpj, endereco, nome, mapaFilePath )
	VALUES ( '45.271.571/7658-25', 'Lagoa Laís Cardoso Independência 09280-307 Carvalho / RO', 'Vitor Gabriel Melo', 'Corrupti molestias culpa eligendi omnis. Quaerat numquam nisi ess' );
INSERT INTO parque ( cnpj, endereco, nome, mapaFilePath )
	VALUES ( '55.760.801/2232-18', 'Estação Brenda da Luz, 18 Ermelinda 64387-457 Rezende de da Cunha / AM', 'Enzo Gabriel Silveira', 'Laboriosam ducimus id dolor rerum. Repellat quo laboriosam enim aut. Cum recusandae ad iste.Delectus volu' );
INSERT INTO parque ( cnpj, endereco, nome, mapaFilePath )
	VALUES ( '09.737.391/6500-09', 'Trecho Bruna Viana, 96 Conjunto Califórnia I 21912-660 Ferreira / SC', 'Lavínia da Rosa', 'Atque quam ipsam voluptatem natus cupiditate in. Corporis nesciunt sed. Impedit ab et dolor.' );
INSERT INTO parque ( cnpj, endereco, nome, mapaFilePath )
	VALUES ( '63.262.847/1168-25', 'Largo Oliveira, 2 Itapoa 08018964 da Cruz / MT', 'Sophia Pereira', 'Quae cupiditate dignissimos ab ipsam harum. Minus incidunt praesentium blanditiis illo doloribus.Ten' );
INSERT INTO parque ( cnpj, endereco, nome, mapaFilePath )
	VALUES ( '77.629.032/8207-61', 'Travessa Bernardo Aragão, 88 Serra Do Curral 02355743 Vieira / SP', 'Alícia Souza', 'Aliquam sunt enim voluptate perferendis. Repellendus reprehenderit deleniti ullam aspernatur nesciunt a' );
INSERT INTO parque ( cnpj, endereco, nome, mapaFilePath )
	VALUES ( '25.563.017/4081-91', 'Viela João Lucas das Neves, 58 Varzea Da Palma 26163-983 Rezende Alegre / AM', 'Emanuel Nunes', 'Ab beatae ducimus incidunt. Omnis ea omnis.Voluptatum expedita tempore iure eum odit quos. Quod cum ut v' );
INSERT INTO parque ( cnpj, endereco, nome, mapaFilePath )
	VALUES ( '93.643.869/8377-62', 'Trevo Julia Barbosa, 18 Centro 66938655 Novaes / RR', 'Maria Fernanda Gomes', 'Quaerat autem cupiditate natus. Tempora ipsum voluptates ullam architecto neque.Ea ' );
INSERT INTO parque ( cnpj, endereco, nome, mapaFilePath )
	VALUES ( '07.678.730/8190-34', 'Morro Emanuel Dias, 367 Goiania 05727-532 Monteiro de Goiás / PE', 'Marcos Vinicius Sales', 'Facilis veniam quae explicabo laboriosam harum. Amet officiis maiores doloremque iste cupiditate ab. Ullam quis reprehe' );
INSERT INTO parque ( cnpj, endereco, nome, mapaFilePath )
	VALUES ( '67.340.110/3744-84', 'Vale Murilo Nunes, 3 Castelo 46026469 Moraes / AP', 'Henrique da Costa', 'Beatae incidunt quidem facere. Doloribus itaque sit recusandae.' );
INSERT INTO parque ( cnpj, endereco, nome, mapaFilePath )
	VALUES ( '70.152.633/5174-20', 'Viela de Moura, 1 São Luiz 33003-321 Fogaça do Sul / RS', 'Dr. Felipe FariasFernandes', 'Expedita exercitationem nihil adipisci architecto itaque voluptate. Perferendis impedit eius reicie' );
INSERT INTO parque ( cnpj, endereco, nome, mapaFilePath )
	VALUES ( '59.489.988/6161-06', 'Distrito de Rezende, 754 Conjunto Jardim Filadélfia 73440-690 da Cunha de Costa / AP', 'Rafael Viana', 'Ut quisquam iusto itaque magni. Eos ad mollitia.Aspernatur minus modi ab maiores sit. Velit reiciendis facilis. Ipsa omnis r' );
INSERT INTO parque ( cnpj, endereco, nome, mapaFilePath )
	VALUES ( '78.098.918/1929-09', 'Rua da Mota, 39 Vila Ipiranga 87006057 Campos / MG', 'Ana Carolina Silveira', 'Quam id earum fugit. Eligendi harum at facilis nemo. Fugiat praesentium temporibus atque.' );
INSERT INTO parque ( cnpj, endereco, nome, mapaFilePath )
	VALUES ( '23.795.944/5966-11', 'Campo da Costa, 83 Vila Nova Gameleira 3ª Seção 94893735 da Cruz / AC', 'Luiz Henrique Porto', 'Natus illum et facere iusto. Quisquam iure magni veritatis quia. Suscipit con' );
INSERT INTO parque ( cnpj, endereco, nome, mapaFilePath )
	VALUES ( '23.307.754/3608-46', 'Sítio Costa, 96 Cidade Nova 22582658 Teixeira Alegre / SP', 'Rafael Sales', 'Quibusdam doloremque nostrum repellat corrupti. Aspernatur autem adipisci recusandae ut.' );
INSERT INTO parque ( cnpj, endereco, nome, mapaFilePath )
	VALUES ( '00.100.368/4290-66', 'Colônia de Aragão, 11 Cidade Jardim Taquaril 25305-832 Castro / RO', 'Danilo Ramos', 'Voluptas a sed itaque asperiores. Suscipit aspernatur sunt dolorum magni rerum magni.' );
INSERT INTO parque ( cnpj, endereco, nome, mapaFilePath )
	VALUES ( '35.043.794/6289-68', 'Trecho Cavalcanti, 62 Jaraguá 12930-432 Viana / RR', 'Diogo Porto', 'Animi ipsa qui debitis sint. Perspiciatis excepturi dignissimos. Impedit earum corporis dol' );
INSERT INTO parque ( cnpj, endereco, nome, mapaFilePath )
	VALUES ( '22.216.462/9886-56', 'Favela Amanda Ferreira, 450 Havaí 36475-082 Lima / MS', 'Davi Luiz Oliveira', 'Accusantium voluptate praesentium voluptate nihil ratione. Dolore sapiente quibusdam minima vero quia.Officiis repudian' );
INSERT INTO parque ( cnpj, endereco, nome, mapaFilePath )
	VALUES ( '51.920.176/6657-28', 'Parque Mendes, 4 Paquetá 86218001 Melo / RS', 'Emanuelly Freitas', 'Necessitatibus ipsum sunt natus possimus facere debitis. Ipsum tenetur repellendus natus repellat iure itaqu' );
INSERT INTO parque ( cnpj, endereco, nome, mapaFilePath )
	VALUES ( '36.519.416/7991-54', 'Recanto Silveira, 2 Vila São Gabriel Jacui 14589-445 Santos Alegre / RS', 'Ana Laura Viana', 'Earum totam repellendus quo similique nemo architecto. Illo veritatis provident expedita as' );
INSERT INTO parque ( cnpj, endereco, nome, mapaFilePath )
	VALUES ( '76.900.088/3107-76', 'Feira Carvalho, 82 São João Batista 18725677 da Rosa / PR', 'Alícia Barros', 'Saepe maiores sunt laudantium veniam iure debitis. Velit similique corporis pariatur veri' );
INSERT INTO parque ( cnpj, endereco, nome, mapaFilePath )
	VALUES ( '88.540.442/9424-54', 'Área Beatriz Araújo, 45 Marieta 1ª Seção 37120971 Souza do Galho / PR', 'Laura Viana', 'Ullam aut qui iste unde vel. Iste iste a adipisci assumenda comm' );
INSERT INTO parque ( cnpj, endereco, nome, mapaFilePath )
	VALUES ( '08.475.645/4023-66', 'Vereda Maria Luiza Rodrigues, 601 João Paulo Ii 82881-998 Teixeira de Lopes / TO', 'André Viana', 'Recusandae praesentium quas nisi eveniet officiis.Sequi ab autem ipsa nisi iusto asperiores.' );
INSERT INTO parque ( cnpj, endereco, nome, mapaFilePath )
	VALUES ( '19.946.737/4987-18', 'Estrada Lima, 57 Pantanal 35591-571 Barros de Ferreira / AM', 'Dr. Luiz Gustavo Cardoso', 'Corporis dolorem consectetur accusamus. Quas exercitationem debiti' );
INSERT INTO parque ( cnpj, endereco, nome, mapaFilePath )
	VALUES ( '54.052.271/3255-42', 'Ladeira Alves, 96 Madre Gertrudes 60971-251 Monteiro / AM', 'Vitor Hugo Pereira', 'Excepturi incidunt laborum debitis id consequuntur doloremque. Corrupti ipsa eveniet fuga.Natus in sim' );
INSERT INTO parque ( cnpj, endereco, nome, mapaFilePath )
	VALUES ( '12.002.044/0099-26', 'Jardim de Cardoso, 58 Vila Minaslandia 04972-409 Almeida de Pereira / TO', 'Rafael Azevedo', 'Dolore porro reiciendis.Saepe culpa numquam incidunt suscipit sint. Eius sint' );
INSERT INTO parque ( cnpj, endereco, nome, mapaFilePath )
	VALUES ( '26.165.876/1045-10', 'Aeroporto Bárbara Monteiro, 8 Boa Viagem 87589046 da Rosa do Amparo / MA', 'Benjamin Santos', 'Ipsam dolorem commodi. Ratione modi possimus ea.Odit odit itaque iure. Tempore voluptates quas necessita' );
INSERT INTO parque ( cnpj, endereco, nome, mapaFilePath )
	VALUES ( '94.538.035/7334-89', 'Travessa Pereira, 75 Marieta 1ª Seção 54252-843 Rocha do Amparo / MT', 'Isabelly Moraes', 'Facilis assumenda numquam beatae. Enim ipsam nihil facere incidunt. Ratione ex ' );
INSERT INTO parque ( cnpj, endereco, nome, mapaFilePath )
	VALUES ( '08.496.604/1517-19', 'Trevo de Lopes, 2 Maria Tereza 15801046 Correia Alegre / SC', 'Yago Costela', 'Ratione ipsam velit numquam consequatur voluptas nobis laboriosam. Iste nulla iure dolor assumenda sunt atque. Laboriosam nostru' );
INSERT INTO parque ( cnpj, endereco, nome, mapaFilePath )
	VALUES ( '69.654.069/3403-77', 'Núcleo Nogueira, 38 Padre Eustáquio 25897-185 Pires de Fogaça / CE', 'Ian Santos', 'Voluptatum fuga veritatis suscipit voluptatem blanditiis. Officiis odit reprehenderit facilis consequatur.' );
INSERT INTO parque ( cnpj, endereco, nome, mapaFilePath )
	VALUES ( '88.522.783/1295-88', 'Aeroporto da Mota Serra Do Curral 45898654 Pinto de Cavalcanti / PB', 'Alexia da Cruz', 'Quod optio temporibus expedita eius. Consectetur est exercitationem laudantium illo reprehend' );
INSERT INTO parque ( cnpj, endereco, nome, mapaFilePath )
	VALUES ( '27.360.401/2746-17', 'Via Sophie Sales, 790 Olaria 15310-455 Pereira de Rezende / RS', 'Maria Julia Carvalho', 'Quisquam magnam ea laborum totam exercitationem maiores. Aperiam maxime nihil earum sint voluptates odit optio.' );
INSERT INTO parque ( cnpj, endereco, nome, mapaFilePath )
	VALUES ( '21.894.884/9446-38', 'Conjunto de da Mata Madri 20198514 Freitas / AP', 'Eduardo Monteiro', 'Omnis quia quas. Asperiores dolores dignissimos quam atque. Aperiam eos quidem blanditiis delectus ratione eius voluptate.' );
INSERT INTO parque ( cnpj, endereco, nome, mapaFilePath )
	VALUES ( '88.766.925/3716-63', 'Conjunto da Mota, 970 Vila Jardim São José 11793-102 Pereira do Sul / PR', 'Maria Eduarda Mendes', 'Quidem hic dolor soluta ab officia corrupti.Nesciunt reiciendis laboriosam maiores eos nihil. Labore earum' );
INSERT INTO parque ( cnpj, endereco, nome, mapaFilePath )
	VALUES ( '11.788.751/9528-38', 'Esplanada de Novaes, 16 Vila Sumaré 32180-814 Moreira / SP', 'Eloah Cardoso', 'Cupiditate aperiam possimus perspiciatis sed iusto voluptates.Temporibus adipisci facere' );
INSERT INTO parque ( cnpj, endereco, nome, mapaFilePath )
	VALUES ( '14.624.696/1315-72', 'Favela Breno Vieira, 13 São Damião 94802196 Duarte / CE', 'Renan Oliveira', 'Cupiditate rerum ea iure quisquam accusamus. Pariatur dicta nulla' );
INSERT INTO parque ( cnpj, endereco, nome, mapaFilePath )
	VALUES ( '63.620.743/1462-56', 'Lagoa de Peixoto, 49 Teixeira Dias 94742-745 Caldeira do Oeste / RS', 'Heitor Porto', 'Ullam natus excepturi recusandae similique adipisci aspernatur fuga. Voluptatibus vero aspernatur incid' );
INSERT INTO parque ( cnpj, endereco, nome, mapaFilePath )
	VALUES ( '79.241.498/5210-53', 'Estrada da Rosa Santa Inês 21796056 Castro / MA', 'João Novaes', 'Molestiae sunt voluptatem est doloribus. Minima fugit exercitationem repudiandae debitis' );
INSERT INTO parque ( cnpj, endereco, nome, mapaFilePath )
	VALUES ( '88.886.817/8195-56', 'Passarela Helena FariasFernandes, 5 Jardim Alvorada 41745-599 Nunes das Flores / PB', 'João Lucas Silveira', 'Numquam tempora nesciunt sequi. Dolorum aliquid quisquam corrupti nesciunt adipisci amet voluptatibus. Quis veni' );
INSERT INTO parque ( cnpj, endereco, nome, mapaFilePath )
	VALUES ( '33.877.049/2363-33', 'Feira de Ferreira, 7 Jardim Guanabara 57483-577 Castro / PB', 'Pedro Lucas Pereira', 'Voluptatem dolorum temporibus corrupti repellat. Porro ad enim magni nostrum recusandae. Laudantium debitis veniam nu' );
INSERT INTO parque ( cnpj, endereco, nome, mapaFilePath )
	VALUES ( '78.721.896/9395-42', 'Travessa Silveira, 7 Caiçara - Adelaide 86645-671 Rocha / AM', 'Clarice Lima', 'Fuga hic quas sint ipsam veritatis. Repudiandae quia perferendis voluptas. Minima ea accusamus t' );
INSERT INTO parque ( cnpj, endereco, nome, mapaFilePath )
	VALUES ( '32.160.668/0288-99', 'Quadra de Almeida, 78 Bom Jesus 61863-961 Oliveira Grande / AL', 'Julia Campos', 'Repellendus temporibus ipsa facilis fugiat. Nulla velit maiores sed. Cumque digni' );
INSERT INTO parque ( cnpj, endereco, nome, mapaFilePath )
	VALUES ( '48.965.946/7260-28', 'Trecho de Pereira Ademar Maldonado 63967149 Gomes de Melo / PB', 'Maria Cecília Nogueira', 'Quo dignissimos quasi.Ullam dolores vel sequi architecto veniam impedit. Debitis ex' );
INSERT INTO parque ( cnpj, endereco, nome, mapaFilePath )
	VALUES ( '21.095.547/5452-13', 'Núcleo de da Cruz Atila De Paiva 04874-801 Castro Verde / ES', 'Ana Pereira', 'Dignissimos a alias nemo enim praesentium. At molestiae voluptatum ad ipsum sunt. Eveniet expedita dolorem velit.Archi' );
INSERT INTO parque ( cnpj, endereco, nome, mapaFilePath )
	VALUES ( '01.545.763/4610-08', 'Via de Monteiro, 47 Fazendinha 93854605 Fogaça da Mata / BA', 'Benjamin Monteiro', 'Cumque nam dolores amet eum explicabo. Velit neque quibusdam tempora incidunt. Sint commodi totam m' );
INSERT INTO parque ( cnpj, endereco, nome, mapaFilePath )
	VALUES ( '94.358.124/8032-99', 'Favela Ana Laura Souza, 89 São Sebastião 47039033 Moraes / PI', 'Ana Laura Fogaça', 'Error quo perferendis laborum voluptates consectetur. Recusandae eos error voluptates a.Odit voluptatum' );
INSERT INTO parque ( cnpj, endereco, nome, mapaFilePath )
	VALUES ( '06.617.154/6577-42', 'Campo de Alves, 32 Novo Aarão Reis 36831682 Nogueira da Prata / ES', 'João Silveira', 'Dicta non error. At quae tempora in nulla facere numquam.Harum tempore iure ' );
INSERT INTO parque ( cnpj, endereco, nome, mapaFilePath )
	VALUES ( '21.294.553/5588-89', 'Alameda Pereira, 88 Apolonia 98825-354 Nunes de Sales / SC', 'Sr. Levi Correia', 'Dignissimos hic officia a beatae maxime. Neque labore hic nemo occaecati. P' );
INSERT INTO parque ( cnpj, endereco, nome, mapaFilePath )
	VALUES ( '80.791.658/2644-47', 'Fazenda Carvalho, 13 Cdi Jatoba 19856823 Moraes do Sul / PI', 'Thiago Novaes', 'Fugiat ab totam distinctio minus. Impedit nobis dicta distinctio adipisci aspernatur. Commodi laboriosam soluta odio numquam ' );
INSERT INTO parque ( cnpj, endereco, nome, mapaFilePath )
	VALUES ( '81.002.722/2593-09', 'Largo Gonçalves, 51 Boa Viagem 49876-493 Rocha / PB', 'Letícia Oliveira', 'Sunt provident blanditiis repellat doloremque quaerat omnis. Accusamus commodi aut.Ab incidunt m' );
INSERT INTO parque ( cnpj, endereco, nome, mapaFilePath )
	VALUES ( '67.165.101/4578-85', 'Vereda Rezende, 16 Bandeirantes 35250798 Lopes / DF', 'Dr. Igor Moraes', 'Occaecati molestias odio qui. Totam nobis officiis unde aspernatur. Modi recusandae laborum accusamus sint officia non' );
INSERT INTO parque ( cnpj, endereco, nome, mapaFilePath )
	VALUES ( '95.397.102/0428-32', 'Aeroporto de Rodrigues Eymard 76359-804 Costela / MA', 'Eduardo da Paz', 'Dignissimos nam in nesciunt rerum. Minima rerum earum porro occaecati fugit quae accusantium. Nam voluptas accusan' );
INSERT INTO parque ( cnpj, endereco, nome, mapaFilePath )
	VALUES ( '49.449.421/6949-09', 'Quadra de Jesus, 953 Canadá 78225271 Dias Paulista / SP', 'Rodrigo Ribeiro', 'Sapiente est sequi. Consequatur non cupiditate hic cum maxime dicta. Inventore explicabo eveniet nisi debitis eius.Vero e' );
INSERT INTO parque ( cnpj, endereco, nome, mapaFilePath )
	VALUES ( '75.783.195/0716-32', 'Condomínio Lucca Pires Alto Dos Pinheiros 00508-531 Almeida de Minas / BA', 'Diogo Vieira', 'Ab ad eum asperiores illo natus neque. Dolores asperiores molestiae esse facilis mollitia.Excepturi minus ipsu' );
INSERT INTO parque ( cnpj, endereco, nome, mapaFilePath )
	VALUES ( '51.479.527/2749-15', 'Avenida de Fogaça, 24 Marieta 3ª Seção 63284434 da Mata / SE', 'Fernanda da Paz', 'Eveniet iste ab tenetur. Accusamus asperiores blanditiis minus quia occaecati.Sequi dele' );
INSERT INTO parque ( cnpj, endereco, nome, mapaFilePath )
	VALUES ( '65.760.754/0289-77', 'Vereda de Jesus, 22 João Paulo Ii 01257-055 da Mata de Caldeira / PI', 'Diego Viana', 'Quos vero rerum asperiores debitis laborum. Maxime totam voluptas nesc' );
INSERT INTO parque ( cnpj, endereco, nome, mapaFilePath )
	VALUES ( '33.734.905/4332-01', 'Chácara Lucca Rezende, 1 Unidas 89296134 Porto Grande / AP', 'Lucas Fogaça', 'Reprehenderit aliquam quia alias. Repellendus error nemo nam. Soluta atque illum.' );
INSERT INTO parque ( cnpj, endereco, nome, mapaFilePath )
	VALUES ( '20.868.438/5595-07', 'Vereda da Cunha, 69 Outro 62093954 Novaes / GO', 'Thales Porto', 'Ad incidunt accusantium modi praesentium suscipit. Impedit numquam explicabo.' );
INSERT INTO parque ( cnpj, endereco, nome, mapaFilePath )
	VALUES ( '29.007.445/7586-59', 'Colônia Araújo, 970 São Sebastião 28999-918 da Rocha do Galho / MG', 'Isabelly da Rosa', 'Sint facilis ad aliquam dolores ipsam ipsum. Quas asperiores id nobis a odit nobis.' );
INSERT INTO parque ( cnpj, endereco, nome, mapaFilePath )
	VALUES ( '91.676.137/0246-49', 'Área Silva, 4 Santa Margarida 01621929 Freitas das Flores / RN', 'Helena Carvalho', 'Fuga aperiam libero recusandae iusto non. Molestiae dicta fugit unde velit ut quo.' );
INSERT INTO parque ( cnpj, endereco, nome, mapaFilePath )
	VALUES ( '91.474.652/6301-87', 'Aeroporto Maria Clara Caldeira, 9 Estoril 08771-925 Pinto / BA', 'Valentina Ribeiro', 'Quibusdam neque rerum fuga accusantium nulla. Ea fuga debitis aperiam similique molestia' );
INSERT INTO parque ( cnpj, endereco, nome, mapaFilePath )
	VALUES ( '26.123.942/0507-77', 'Parque Vitor Ribeiro, 7 Vila Minaslandia 44403313 Monteiro da Mata / RJ', 'Caio Almeida', 'Nam iste eum libero.Incidunt a quibusdam consectetur fuga ut eligendi. Delectus eum su' );
INSERT INTO parque ( cnpj, endereco, nome, mapaFilePath )
	VALUES ( '34.844.835/6357-64', 'Fazenda de Moreira, 25 Camponesa 1ª Seção 35017-666 da Cruz do Sul / MG', 'Srta. Sabrina da Cunha', 'Earum quae vel dolores distinctio animi impedit. Illum delectus atque ad officiis.' );
INSERT INTO parque ( cnpj, endereco, nome, mapaFilePath )
	VALUES ( '24.403.100/8391-48', 'Morro Freitas, 97 Vila São Paulo 02795229 Lopes / AL', 'João Felipe Jesus', 'Optio dolor in. Ut libero id explicabo inventore voluptatem odit possimus. Tempora impedit ipsa ips' );
INSERT INTO parque ( cnpj, endereco, nome, mapaFilePath )
	VALUES ( '22.336.076/5823-27', 'Lagoa Maria Julia da Conceição, 1 Comiteco 78177-930 da Cunha / AP', 'Sr. Ryan da Rocha', 'Incidunt unde fuga mollitia in repellat maxime. Doloremque quibusdam ver' );
INSERT INTO parque ( cnpj, endereco, nome, mapaFilePath )
	VALUES ( '55.460.329/5103-72', 'Viaduto de Rodrigues, 44 Itapoa 58598-577 Jesus / CE', 'Dr. Alexandre da Paz', 'Nulla dolores occaecati. A laudantium corrupti nam omnis. Eos dolores debitis cupiditate eaque' );
INSERT INTO parque ( cnpj, endereco, nome, mapaFilePath )
	VALUES ( '99.320.796/5275-90', 'Chácara de Oliveira, 64 Camponesa 1ª Seção 19810-182 Nunes / AC', 'Maria Eduarda Castro', 'Dolor sapiente fugiat nemo iusto quod architecto soluta. Minima consequuntur con' );
INSERT INTO parque ( cnpj, endereco, nome, mapaFilePath )
	VALUES ( '04.311.437/2024-71', 'Chácara de Moura, 98 Gutierrez 66095-902 Costa de Cavalcanti / RR', 'Sr. Vitor Gabriel Gonçalves', 'Veritatis minima facilis numquam distinctio eum accusamus. Facil' );
INSERT INTO parque ( cnpj, endereco, nome, mapaFilePath )
	VALUES ( '17.334.319/3906-73', 'Esplanada de Cardoso, 80 Milionario 77856-074 da Rocha / SE', 'Augusto da Cruz', 'Ipsam esse at. Nulla voluptate at.Eligendi totam soluta delectus. Volup' );
INSERT INTO parque ( cnpj, endereco, nome, mapaFilePath )
	VALUES ( '98.853.014/7988-94', 'Morro de Viana, 67 Coração De Jesus 08548-461 Peixoto de Goiás / SC', 'Dr. Kaique Nogueira', 'Excepturi inventore suscipit harum. Nam iure quas consequuntur quisquam neque blanditiis ' );
INSERT INTO parque ( cnpj, endereco, nome, mapaFilePath )
	VALUES ( '99.702.680/9445-80', 'Avenida Emanuel Nunes, 81 Luxemburgo 88956-889 Almeida de Minas / ES', 'Eduardo Almeida', 'Reprehenderit reiciendis fugit illum temporibus quod. Natus maiores voluptatum rem illo ' );
INSERT INTO parque ( cnpj, endereco, nome, mapaFilePath )
	VALUES ( '39.776.885/5374-08', 'Ladeira Barbosa, 55 Carlos Prates 28365-714 Lima Alegre / TO', 'Maysa Rezende', 'Molestias atque eaque quidem fugiat nam qui. Repellat facilis velit voluptatibus inventore.Adipisci a perferendis minus iste' );
INSERT INTO parque ( cnpj, endereco, nome, mapaFilePath )
	VALUES ( '04.669.092/6912-76', 'Campo de Novaes, 31 Vila Paris 48759893 Cardoso, / SE', 'Maria Sophia da Conceição', 'Fugit quae quia magnam facilis perferendis mollitia velit. Ut tenetur quas repudiandae maxime suscipi' );
INSERT INTO parque ( cnpj, endereco, nome, mapaFilePath )
	VALUES ( '78.176.667/1123-29', 'Recanto de Castro, 56 Minaslandia 83344101 da Mota / AP', 'Alexia Nascimento', 'Earum dignissimos dignissimos illo. Voluptatem eaque totam quaerat unde repellendus maxime nemo. Ipsum quia se' );
INSERT INTO parque ( cnpj, endereco, nome, mapaFilePath )
	VALUES ( '53.641.871/3612-76', 'Esplanada de Aragão Teixeira Dias 51445-194 da Conceição da Mata / PR', 'Eduardo Araújo', 'Omnis laudantium cupiditate adipisci voluptatem nostrum. Temporibus vero ipsa.Tempora maiores rem voluptate possimus. ' );
INSERT INTO parque ( cnpj, endereco, nome, mapaFilePath )
	VALUES ( '17.056.133/3194-94', 'Alameda da Luz, 614 Granja Werneck 29847-679 da Luz de Rodrigues / RJ', 'Evelyn Azevedo', 'Earum nostrum laudantium. Recusandae esse vitae cumque. Quod voluptatem similique maiores provid' );
INSERT INTO parque ( cnpj, endereco, nome, mapaFilePath )
	VALUES ( '50.829.360/8653-92', 'Praça Ferreira, 25 Vila Nova Gameleira 1ª Seção 02968-430 Jesus do Galho / AL', 'Sr. Otávio da Cruz', 'Perferendis dolores dolor ab quis debitis. Numquam laborum accusantium ' );
INSERT INTO parque ( cnpj, endereco, nome, mapaFilePath )
	VALUES ( '08.660.251/3482-20', 'Morro Vicente Moreira Pousada Santo Antonio 80706-570 Carvalho do Campo / BA', 'Maria Eduarda Viana', 'Ipsum perferendis autem asperiores repellat a. Assumenda magnam hic adipisci totam odio. Atque velit t' );
INSERT INTO parque ( cnpj, endereco, nome, mapaFilePath )
	VALUES ( '53.527.877/1004-54', 'Morro Matheus Rezende, 4 Jardim Vitoria 03388-893 da Luz / CE', 'Srta. Marcela Dias', 'Laboriosam atque illum illo. Excepturi in delectus odit nemo expedita. Perspici' );
INSERT INTO parque ( cnpj, endereco, nome, mapaFilePath )
	VALUES ( '19.228.951/1483-58', 'Via de Cardoso,, 32 Conjunto Bonsucesso 60962-726 da Rocha do Galho / MT', 'Lavínia Sales', 'Delectus ipsa amet quibusdam laborum consequuntur aut. Reprehenderit sed ea' );
INSERT INTO parque ( cnpj, endereco, nome, mapaFilePath )
	VALUES ( '31.976.335/9117-10', 'Residencial Araújo Flavio De Oliveira 55761164 Alves Paulista / SC', 'Matheus Gomes', 'Et magni alias voluptates doloribus a. Iusto ducimus quidem esse voluptas. Totam repellendus delectus accusamus.Eius quis iust' );
INSERT INTO parque ( cnpj, endereco, nome, mapaFilePath )
	VALUES ( '68.218.168/1057-70', 'Avenida Levi Novaes, 2 Heliopolis 25206-568 Souza / PA', 'Sra. Alana Nunes', 'Eligendi pariatur tempore eius magnam qui. Sapiente recusandae totam similique. Tempore rerum libero nam quo. Officiis explicab' );
INSERT INTO parque ( cnpj, endereco, nome, mapaFilePath )
	VALUES ( '80.268.213/2876-00', 'Colônia Davi Lucas Souza, 54 Vila Batik 42262662 Lima das Flores / MG', 'Dra. Fernanda Mendes', 'Error consequatur recusandae reiciendis labore. Reprehenderit at itaque asperiores distinctio cons' );
INSERT INTO parque ( cnpj, endereco, nome, mapaFilePath )
	VALUES ( '00.976.838/6794-33', 'Viaduto João Vitor da Paz, 75 Chácara Leonina 52019613 da Cruz de Nogueira / PA', 'Maria Sophia da Paz', 'Asperiores quas nobis iure. Quae non quasi vero facilis ab. Delectus ea earum imped' );
INSERT INTO parque ( cnpj, endereco, nome, mapaFilePath )
	VALUES ( '98.648.805/9370-65', 'Esplanada FariasFernandes Jardim Dos Comerciarios 80580285 da Mota / PB', 'Alana Ramos', 'Veniam quas voluptatum similique nemo incidunt explicabo iste. O' );
INSERT INTO parque ( cnpj, endereco, nome, mapaFilePath )
	VALUES ( '59.826.241/9274-32', 'Largo Rocha, 451 São Vicente 37777977 Silveira / SE', 'João Gabriel Ferreira', 'Provident commodi sit minima. Consectetur blanditiis fugit maxime impedit corporis optio. Earum quaerat voluptas possimus lab' );
INSERT INTO parque ( cnpj, endereco, nome, mapaFilePath )
	VALUES ( '03.127.699/6296-36', 'Vila de Nunes, 7 Estrela Do Oriente 80476-445 da Mota / MT', 'Sr. Davi Barros', 'Quibusdam culpa sit voluptates velit. Sunt atque neque ipsa ad possimus.' );
INSERT INTO parque ( cnpj, endereco, nome, mapaFilePath )
	VALUES ( '32.424.895/5159-17', 'Trecho Moura, 380 Vila Bandeirantes 63014308 da Rosa do Amparo / GO', 'Emanuelly das Neves', 'Exercitationem sunt totam mollitia blanditiis nihil.Quam officia debitis autem quidem. Quae ' );
INSERT INTO parque ( cnpj, endereco, nome, mapaFilePath )
	VALUES ( '21.079.922/7927-18', 'Praça Juliana Gomes, 81 Vila Maloca 92232345 Barbosa / MG', 'Lara da Cunha', 'Quis ratione officiis dolorem impedit. Nesciunt alias ipsa vero provident placeat optio.Voluptate p' );
INSERT INTO parque ( cnpj, endereco, nome, mapaFilePath )
	VALUES ( '96.145.598/4868-32', 'Alameda de Araújo, 81 Vila Olhos D água 75499844 Rocha do Galho / SC', 'Luiz Fernando Cardoso,', 'Fugiat culpa hic suscipit eius. Distinctio odit laudantium a saepe non veritatis ' );
INSERT INTO parque ( cnpj, endereco, nome, mapaFilePath )
	VALUES ( '20.731.426/6860-56', 'Campo de Nogueira, 72 Marilandia 57098555 Pinto / PB', 'Alice Peixoto', 'Repellendus in aut id dolorem iure. Error ullam quidem et expedita. Similique eveniet repellat tenetur enim architecto.' );
INSERT INTO parque ( cnpj, endereco, nome, mapaFilePath )
	VALUES ( '06.887.851/5483-98', 'Setor de Caldeira Universo 22513-329 Carvalho / MT', 'Thiago Ferreira', 'Neque numquam nisi harum. Ea earum modi occaecati quam. Illum accusamus alias. Et excepturi eaq' );
INSERT INTO parque ( cnpj, endereco, nome, mapaFilePath )
	VALUES ( '73.257.555/4258-42', 'Quadra Lucas das Neves, 69 Pilar 27022950 Costela / RS', 'Rafaela Moura', 'Iure nemo officia possimus. Facere numquam sunt ea.Adipisci voluptate eius iusto repellat impedit. Omnis culpa nam oc' );
INSERT INTO parque ( cnpj, endereco, nome, mapaFilePath )
	VALUES ( '00.276.961/9065-26', 'Avenida Souza, 40 São Francisco Das Chagas 60435729 Correia das Flores / AL', 'André Jesus', 'Voluptatum alias corrupti qui cumque illum. Facilis animi delectus quae expedita amet.' );
INSERT INTO parque ( cnpj, endereco, nome, mapaFilePath )
	VALUES ( '37.347.569/6458-47', 'Esplanada de Cavalcanti, 4 Luxemburgo 43093-430 Cardoso, / BA', 'Alana Cavalcanti', 'Rem nemo necessitatibus ipsum quibusdam molestiae iste. Architecto odio eos beatae ea. Dolores' );
INSERT INTO parque ( cnpj, endereco, nome, mapaFilePath )
	VALUES ( '13.059.259/5773-14', 'Favela Isadora Cunha, 964 Diamante 67689034 Silva de Lima / PR', 'Maria Clara Barbosa', 'Eos rerum eos repudiandae sequi. Amet sint vero beatae reiciendis exerc' );
INSERT INTO parque ( cnpj, endereco, nome, mapaFilePath )
	VALUES ( '28.798.178/5397-14', 'Morro Ana Laura Fogaça Piratininga 49100-759 da Mata do Galho / ES', 'Samuel Dias', 'Similique necessitatibus consequuntur quidem. Velit facere modi quas qui expedita nisi architecto. Inventore nostrum commodi ' );
INSERT INTO parque ( cnpj, endereco, nome, mapaFilePath )
	VALUES ( '93.356.949/1469-80', 'Parque Almeida, 17 Salgado Filho 62098665 Aragão do Campo / RS', 'Helena Gomes', 'Ducimus harum nemo doloribus. Impedit itaque hic inventore.' );
INSERT INTO parque ( cnpj, endereco, nome, mapaFilePath )
	VALUES ( '28.890.752/8739-10', 'Sítio Ana Lívia Campos, 547 Santa Efigênia 91413-666 Barros / PI', 'Yasmin Silva', 'Beatae hic hic rerum harum nostrum. Eveniet quas officiis repudiandae repellendus numq' );
INSERT INTO parque ( cnpj, endereco, nome, mapaFilePath )
	VALUES ( '00.082.473/9285-21', 'Estrada Gabrielly Gonçalves, 50 Lajedo 67857-212 da Rocha / MA', 'Gabriela Campos', 'Eligendi culpa corrupti magnam. Rem odio alias dolore.Hic eveniet officiis do' );
INSERT INTO parque ( cnpj, endereco, nome, mapaFilePath )
	VALUES ( '01.230.528/6088-10', 'Lago Teixeira, 352 Universitário 29612716 da Luz de Duarte / RR', 'Davi Lucas Araújo', 'Iusto voluptatibus ea. Dolor deleniti qui. Voluptatem vero culpa.Repudiandae ex eos aliquid. Debitis soluta iste ul' );

/* TABLE festaNoParque */
INSERT INTO festaNoParque ( dataInicio, numeroConvidados, cnpjParque, nome, dataFim )
	VALUES ( to_date ('2015-08-16', 'YYYY-MM-DD'), 873064, '88.522.783/1295-88', 'Ana Laura Silveira', to_date ('2003-02-22', 'YYYY-MM-DD') );
INSERT INTO festaNoParque ( dataInicio, numeroConvidados, cnpjParque, nome, dataFim )
	VALUES ( to_date ('2015-04-08', 'YYYY-MM-DD'), 335034, '00.976.838/6794-33', 'Srta. Letícia Novaes', to_date ('2001-03-24', 'YYYY-MM-DD') );
INSERT INTO festaNoParque ( dataInicio, numeroConvidados, cnpjParque, nome, dataFim )
	VALUES ( to_date ('2016-01-22', 'YYYY-MM-DD'), 251092, '88.766.925/3716-63', 'André da Rocha', to_date ('2015-08-06', 'YYYY-MM-DD') );
INSERT INTO festaNoParque ( dataInicio, numeroConvidados, cnpjParque, nome, dataFim )
	VALUES ( to_date ('2017-07-01', 'YYYY-MM-DD'), 883212, '96.145.598/4868-32', 'Dr. Otávio Vieira', to_date ('2005-03-21', 'YYYY-MM-DD') );
INSERT INTO festaNoParque ( dataInicio, numeroConvidados, cnpjParque, nome, dataFim )
	VALUES ( to_date ('2018-04-13', 'YYYY-MM-DD'), 505385, '22.216.462/9886-56', 'Helena Silva', to_date ('2009-06-24', 'YYYY-MM-DD') );
INSERT INTO festaNoParque ( dataInicio, numeroConvidados, cnpjParque, nome, dataFim )
	VALUES ( to_date ('2010-09-07', 'YYYY-MM-DD'), 265141, '12.002.044/0099-26', 'Rafael Ribeiro', to_date ('2008-02-01', 'YYYY-MM-DD') );
INSERT INTO festaNoParque ( dataInicio, numeroConvidados, cnpjParque, nome, dataFim )
	VALUES ( to_date ('2010-11-05', 'YYYY-MM-DD'), 133820, '03.127.699/6296-36', 'Julia Martins', to_date ('2002-06-20', 'YYYY-MM-DD') );
INSERT INTO festaNoParque ( dataInicio, numeroConvidados, cnpjParque, nome, dataFim )
	VALUES ( to_date ('2008-04-16', 'YYYY-MM-DD'), 282329, '88.886.817/8195-56', 'Vitória Santos', to_date ('2001-08-06', 'YYYY-MM-DD') );
INSERT INTO festaNoParque ( dataInicio, numeroConvidados, cnpjParque, nome, dataFim )
	VALUES ( to_date ('2006-03-13', 'YYYY-MM-DD'), 535589, '19.228.951/1483-58', 'Gabriel Rocha', to_date ('2003-04-21', 'YYYY-MM-DD') );
INSERT INTO festaNoParque ( dataInicio, numeroConvidados, cnpjParque, nome, dataFim )
	VALUES ( to_date ('2015-02-02', 'YYYY-MM-DD'), 580928, '28.798.178/5397-14', 'Dra. Evelyn Gomes', to_date ('2009-02-18', 'YYYY-MM-DD') );
INSERT INTO festaNoParque ( dataInicio, numeroConvidados, cnpjParque, nome, dataFim )
	VALUES ( to_date ('2006-07-02', 'YYYY-MM-DD'), 818693, '53.641.871/3612-76', 'Francisco Oliveira', to_date ('2016-06-28', 'YYYY-MM-DD') );
INSERT INTO festaNoParque ( dataInicio, numeroConvidados, cnpjParque, nome, dataFim )
	VALUES ( to_date ('2010-05-20', 'YYYY-MM-DD'), 798988, '13.059.259/5773-14', 'Pedro Lucas da Costa', to_date ('2000-02-08', 'YYYY-MM-DD') );
INSERT INTO festaNoParque ( dataInicio, numeroConvidados, cnpjParque, nome, dataFim )
	VALUES ( to_date ('2009-04-04', 'YYYY-MM-DD'), 893776, '00.100.368/4290-66', 'João Pedro Almeida', to_date ('2018-08-30', 'YYYY-MM-DD') );
INSERT INTO festaNoParque ( dataInicio, numeroConvidados, cnpjParque, nome, dataFim )
	VALUES ( to_date ('2017-08-29', 'YYYY-MM-DD'), 309510, '98.853.014/7988-94', 'Lívia da Paz', to_date ('2005-11-24', 'YYYY-MM-DD') );
INSERT INTO festaNoParque ( dataInicio, numeroConvidados, cnpjParque, nome, dataFim )
	VALUES ( to_date ('2006-10-30', 'YYYY-MM-DD'), 882675, '01.230.528/6088-10', 'Gabrielly Azevedo', to_date ('2001-01-26', 'YYYY-MM-DD') );
INSERT INTO festaNoParque ( dataInicio, numeroConvidados, cnpjParque, nome, dataFim )
	VALUES ( to_date ('2003-11-26', 'YYYY-MM-DD'), 193814, '75.783.195/0716-32', 'Rafaela Freitas', to_date ('2005-05-09', 'YYYY-MM-DD') );
INSERT INTO festaNoParque ( dataInicio, numeroConvidados, cnpjParque, nome, dataFim )
	VALUES ( to_date ('2010-03-14', 'YYYY-MM-DD'), 286232, '73.257.555/4258-42', 'Theo da Rocha', to_date ('2009-11-21', 'YYYY-MM-DD') );
INSERT INTO festaNoParque ( dataInicio, numeroConvidados, cnpjParque, nome, dataFim )
	VALUES ( to_date ('2001-05-15', 'YYYY-MM-DD'), 418930, '27.360.401/2746-17', 'Nicolas Cardoso,', to_date ('2006-09-29', 'YYYY-MM-DD') );
INSERT INTO festaNoParque ( dataInicio, numeroConvidados, cnpjParque, nome, dataFim )
	VALUES ( to_date ('2001-06-01', 'YYYY-MM-DD'), 314233, '37.347.569/6458-47', 'Maria Alice Rezende', to_date ('2015-04-16', 'YYYY-MM-DD') );
INSERT INTO festaNoParque ( dataInicio, numeroConvidados, cnpjParque, nome, dataFim )
	VALUES ( to_date ('2017-08-22', 'YYYY-MM-DD'), 338169, '63.620.743/1462-56', 'Esther Melo', to_date ('2010-05-02', 'YYYY-MM-DD') );
INSERT INTO festaNoParque ( dataInicio, numeroConvidados, cnpjParque, nome, dataFim )
	VALUES ( to_date ('2017-09-12', 'YYYY-MM-DD'), 795481, '33.877.049/2363-33', 'João Felipe da Paz', to_date ('2017-02-08', 'YYYY-MM-DD') );
INSERT INTO festaNoParque ( dataInicio, numeroConvidados, cnpjParque, nome, dataFim )
	VALUES ( to_date ('2017-03-26', 'YYYY-MM-DD'), 449147, '68.218.168/1057-70', 'João Oliveira', to_date ('2008-11-01', 'YYYY-MM-DD') );
INSERT INTO festaNoParque ( dataInicio, numeroConvidados, cnpjParque, nome, dataFim )
	VALUES ( to_date ('2015-05-16', 'YYYY-MM-DD'), 559688, '78.176.667/1123-29', 'Srta. Ana Beatriz da Cunha', to_date ('2003-06-02', 'YYYY-MM-DD') );
INSERT INTO festaNoParque ( dataInicio, numeroConvidados, cnpjParque, nome, dataFim )
	VALUES ( to_date ('2001-02-22', 'YYYY-MM-DD'), 124749, '94.538.035/7334-89', 'Marcos Vinicius Monteiro', to_date ('2018-03-03', 'YYYY-MM-DD') );
INSERT INTO festaNoParque ( dataInicio, numeroConvidados, cnpjParque, nome, dataFim )
	VALUES ( to_date ('2001-03-28', 'YYYY-MM-DD'), 862939, '11.788.751/9528-38', 'Júlia Azevedo', to_date ('2002-11-27', 'YYYY-MM-DD') );
INSERT INTO festaNoParque ( dataInicio, numeroConvidados, cnpjParque, nome, dataFim )
	VALUES ( to_date ('2015-09-19', 'YYYY-MM-DD'), 418730, '50.829.360/8653-92', 'Dr. Arthur Ribeiro', to_date ('2011-06-24', 'YYYY-MM-DD') );
INSERT INTO festaNoParque ( dataInicio, numeroConvidados, cnpjParque, nome, dataFim )
	VALUES ( to_date ('2011-10-25', 'YYYY-MM-DD'), 840351, '88.540.442/9424-54', 'Daniela Rezende', to_date ('2000-07-26', 'YYYY-MM-DD') );
INSERT INTO festaNoParque ( dataInicio, numeroConvidados, cnpjParque, nome, dataFim )
	VALUES ( to_date ('2013-01-26', 'YYYY-MM-DD'), 340128, '59.826.241/9274-32', 'Pedro Henrique Costa', to_date ('2017-03-06', 'YYYY-MM-DD') );
INSERT INTO festaNoParque ( dataInicio, numeroConvidados, cnpjParque, nome, dataFim )
	VALUES ( to_date ('2009-01-19', 'YYYY-MM-DD'), 576499, '95.397.102/0428-32', 'Luiz Gustavo Moraes', to_date ('2014-08-16', 'YYYY-MM-DD') );
INSERT INTO festaNoParque ( dataInicio, numeroConvidados, cnpjParque, nome, dataFim )
	VALUES ( to_date ('2006-10-10', 'YYYY-MM-DD'), 798279, '59.826.241/9274-32', 'Srta. Melissa Cavalcanti', to_date ('2003-08-11', 'YYYY-MM-DD') );
INSERT INTO festaNoParque ( dataInicio, numeroConvidados, cnpjParque, nome, dataFim )
	VALUES ( to_date ('2007-04-24', 'YYYY-MM-DD'), 712943, '12.002.044/0099-26', 'Isadora Porto', to_date ('2006-02-01', 'YYYY-MM-DD') );
INSERT INTO festaNoParque ( dataInicio, numeroConvidados, cnpjParque, nome, dataFim )
	VALUES ( to_date ('2014-01-06', 'YYYY-MM-DD'), 681137, '26.123.942/0507-77', 'Sophie Alves', to_date ('2008-03-24', 'YYYY-MM-DD') );
INSERT INTO festaNoParque ( dataInicio, numeroConvidados, cnpjParque, nome, dataFim )
	VALUES ( to_date ('2005-07-17', 'YYYY-MM-DD'), 343968, '04.669.092/6912-76', 'Ana Moraes', to_date ('2017-06-10', 'YYYY-MM-DD') );
INSERT INTO festaNoParque ( dataInicio, numeroConvidados, cnpjParque, nome, dataFim )
	VALUES ( to_date ('2014-11-23', 'YYYY-MM-DD'), 226961, '45.271.571/7658-25', 'Esther da Luz', to_date ('2000-07-07', 'YYYY-MM-DD') );
INSERT INTO festaNoParque ( dataInicio, numeroConvidados, cnpjParque, nome, dataFim )
	VALUES ( to_date ('2012-01-21', 'YYYY-MM-DD'), 566805, '00.276.961/9065-26', 'Vitor Gabriel Costa', to_date ('2004-05-11', 'YYYY-MM-DD') );
INSERT INTO festaNoParque ( dataInicio, numeroConvidados, cnpjParque, nome, dataFim )
	VALUES ( to_date ('2012-08-19', 'YYYY-MM-DD'), 150628, '01.230.528/6088-10', 'Srta. Sofia Lima', to_date ('2017-11-20', 'YYYY-MM-DD') );
INSERT INTO festaNoParque ( dataInicio, numeroConvidados, cnpjParque, nome, dataFim )
	VALUES ( to_date ('2011-03-09', 'YYYY-MM-DD'), 741449, '91.474.652/6301-87', 'Gabriela Carvalho', to_date ('2013-11-19', 'YYYY-MM-DD') );
INSERT INTO festaNoParque ( dataInicio, numeroConvidados, cnpjParque, nome, dataFim )
	VALUES ( to_date ('2002-08-26', 'YYYY-MM-DD'), 366249, '55.760.801/2232-18', 'Luana Oliveira', to_date ('2014-04-19', 'YYYY-MM-DD') );
INSERT INTO festaNoParque ( dataInicio, numeroConvidados, cnpjParque, nome, dataFim )
	VALUES ( to_date ('2004-01-04', 'YYYY-MM-DD'), 780749, '21.294.553/5588-89', 'Dr. Pietro Barbosa', to_date ('2017-02-22', 'YYYY-MM-DD') );
INSERT INTO festaNoParque ( dataInicio, numeroConvidados, cnpjParque, nome, dataFim )
	VALUES ( to_date ('2016-03-06', 'YYYY-MM-DD'), 827980, '94.358.124/8032-99', 'Sophie da Cunha', to_date ('2018-04-20', 'YYYY-MM-DD') );
INSERT INTO festaNoParque ( dataInicio, numeroConvidados, cnpjParque, nome, dataFim )
	VALUES ( to_date ('2005-01-16', 'YYYY-MM-DD'), 530940, '51.920.176/6657-28', 'Kamilly da Luz', to_date ('2018-11-13', 'YYYY-MM-DD') );
INSERT INTO festaNoParque ( dataInicio, numeroConvidados, cnpjParque, nome, dataFim )
	VALUES ( to_date ('2006-10-25', 'YYYY-MM-DD'), 885971, '55.760.801/2232-18', 'Natália Moreira', to_date ('2002-11-15', 'YYYY-MM-DD') );
INSERT INTO festaNoParque ( dataInicio, numeroConvidados, cnpjParque, nome, dataFim )
	VALUES ( to_date ('2007-06-25', 'YYYY-MM-DD'), 188592, '22.216.462/9886-56', 'Kaique Novaes', to_date ('2012-10-15', 'YYYY-MM-DD') );
INSERT INTO festaNoParque ( dataInicio, numeroConvidados, cnpjParque, nome, dataFim )
	VALUES ( to_date ('2000-07-15', 'YYYY-MM-DD'), 600889, '73.257.555/4258-42', 'Eduarda Nunes', to_date ('2014-09-27', 'YYYY-MM-DD') );
INSERT INTO festaNoParque ( dataInicio, numeroConvidados, cnpjParque, nome, dataFim )
	VALUES ( to_date ('2018-04-06', 'YYYY-MM-DD'), 424411, '26.123.942/0507-77', 'Sr. Thomas Freitas', to_date ('2006-04-18', 'YYYY-MM-DD') );
INSERT INTO festaNoParque ( dataInicio, numeroConvidados, cnpjParque, nome, dataFim )
	VALUES ( to_date ('2015-10-19', 'YYYY-MM-DD'), 806936, '22.216.462/9886-56', 'Ana Laura Correia', to_date ('2014-11-06', 'YYYY-MM-DD') );
INSERT INTO festaNoParque ( dataInicio, numeroConvidados, cnpjParque, nome, dataFim )
	VALUES ( to_date ('2011-07-20', 'YYYY-MM-DD'), 449161, '88.886.817/8195-56', 'Catarina das Neves', to_date ('2016-10-24', 'YYYY-MM-DD') );
INSERT INTO festaNoParque ( dataInicio, numeroConvidados, cnpjParque, nome, dataFim )
	VALUES ( to_date ('2014-08-26', 'YYYY-MM-DD'), 105479, '78.721.896/9395-42', 'Sr. Luiz Henrique da Conceição', to_date ('2013-07-27', 'YYYY-MM-DD') );
INSERT INTO festaNoParque ( dataInicio, numeroConvidados, cnpjParque, nome, dataFim )
	VALUES ( to_date ('2003-04-19', 'YYYY-MM-DD'), 831569, '17.056.133/3194-94', 'Calebe Lopes', to_date ('2010-02-01', 'YYYY-MM-DD') );
INSERT INTO festaNoParque ( dataInicio, numeroConvidados, cnpjParque, nome, dataFim )
	VALUES ( to_date ('2005-10-12', 'YYYY-MM-DD'), 813080, '80.268.213/2876-00', 'Davi Lucas da Cruz', to_date ('2006-08-30', 'YYYY-MM-DD') );
INSERT INTO festaNoParque ( dataInicio, numeroConvidados, cnpjParque, nome, dataFim )
	VALUES ( to_date ('2018-09-09', 'YYYY-MM-DD'), 148433, '33.734.905/4332-01', 'Ana Julia da Paz', to_date ('2001-02-14', 'YYYY-MM-DD') );
INSERT INTO festaNoParque ( dataInicio, numeroConvidados, cnpjParque, nome, dataFim )
	VALUES ( to_date ('2013-10-13', 'YYYY-MM-DD'), 383567, '33.877.049/2363-33', 'Sr. Nathan Vieira', to_date ('2004-08-13', 'YYYY-MM-DD') );
INSERT INTO festaNoParque ( dataInicio, numeroConvidados, cnpjParque, nome, dataFim )
	VALUES ( to_date ('2006-01-26', 'YYYY-MM-DD'), 754509, '67.165.101/4578-85', 'Isis Freitas', to_date ('2007-08-23', 'YYYY-MM-DD') );
INSERT INTO festaNoParque ( dataInicio, numeroConvidados, cnpjParque, nome, dataFim )
	VALUES ( to_date ('2006-05-27', 'YYYY-MM-DD'), 430686, '08.475.645/4023-66', 'Gabrielly Oliveira', to_date ('2001-06-25', 'YYYY-MM-DD') );
INSERT INTO festaNoParque ( dataInicio, numeroConvidados, cnpjParque, nome, dataFim )
	VALUES ( to_date ('2001-02-18', 'YYYY-MM-DD'), 781532, '24.403.100/8391-48', 'Anthony Correia', to_date ('2018-05-14', 'YYYY-MM-DD') );
INSERT INTO festaNoParque ( dataInicio, numeroConvidados, cnpjParque, nome, dataFim )
	VALUES ( to_date ('2015-03-19', 'YYYY-MM-DD'), 306335, '22.216.462/9886-56', 'Lara Santos', to_date ('2001-05-14', 'YYYY-MM-DD') );
INSERT INTO festaNoParque ( dataInicio, numeroConvidados, cnpjParque, nome, dataFim )
	VALUES ( to_date ('2002-08-16', 'YYYY-MM-DD'), 858922, '17.334.319/3906-73', 'Fernanda Porto', to_date ('2003-08-16', 'YYYY-MM-DD') );
INSERT INTO festaNoParque ( dataInicio, numeroConvidados, cnpjParque, nome, dataFim )
	VALUES ( to_date ('2016-01-26', 'YYYY-MM-DD'), 424777, '48.965.946/7260-28', 'João Vitor Rocha', to_date ('2009-08-12', 'YYYY-MM-DD') );
INSERT INTO festaNoParque ( dataInicio, numeroConvidados, cnpjParque, nome, dataFim )
	VALUES ( to_date ('2011-05-29', 'YYYY-MM-DD'), 658107, '91.676.137/0246-49', 'Antônio Silva', to_date ('2014-04-27', 'YYYY-MM-DD') );
INSERT INTO festaNoParque ( dataInicio, numeroConvidados, cnpjParque, nome, dataFim )
	VALUES ( to_date ('2012-09-07', 'YYYY-MM-DD'), 339681, '08.660.251/3482-20', 'Bruna Freitas', to_date ('2015-11-04', 'YYYY-MM-DD') );
INSERT INTO festaNoParque ( dataInicio, numeroConvidados, cnpjParque, nome, dataFim )
	VALUES ( to_date ('2011-06-06', 'YYYY-MM-DD'), 337891, '53.527.877/1004-54', 'Nicole Pereira', to_date ('2011-06-12', 'YYYY-MM-DD') );
INSERT INTO festaNoParque ( dataInicio, numeroConvidados, cnpjParque, nome, dataFim )
	VALUES ( to_date ('2002-03-09', 'YYYY-MM-DD'), 872765, '88.540.442/9424-54', 'João Lucas Cavalcanti', to_date ('2006-03-01', 'YYYY-MM-DD') );
INSERT INTO festaNoParque ( dataInicio, numeroConvidados, cnpjParque, nome, dataFim )
	VALUES ( to_date ('2009-06-25', 'YYYY-MM-DD'), 849613, '00.976.838/6794-33', 'Maria Alice Sales', to_date ('2002-01-13', 'YYYY-MM-DD') );
INSERT INTO festaNoParque ( dataInicio, numeroConvidados, cnpjParque, nome, dataFim )
	VALUES ( to_date ('2006-09-10', 'YYYY-MM-DD'), 369458, '29.007.445/7586-59', 'Sr. Vinicius Cunha', to_date ('2000-02-06', 'YYYY-MM-DD') );
INSERT INTO festaNoParque ( dataInicio, numeroConvidados, cnpjParque, nome, dataFim )
	VALUES ( to_date ('2012-08-22', 'YYYY-MM-DD'), 276029, '06.887.851/5483-98', 'Pedro Freitas', to_date ('2016-09-10', 'YYYY-MM-DD') );
INSERT INTO festaNoParque ( dataInicio, numeroConvidados, cnpjParque, nome, dataFim )
	VALUES ( to_date ('2006-10-25', 'YYYY-MM-DD'), 779933, '98.648.805/9370-65', 'Alícia Santos', to_date ('2000-11-23', 'YYYY-MM-DD') );
INSERT INTO festaNoParque ( dataInicio, numeroConvidados, cnpjParque, nome, dataFim )
	VALUES ( to_date ('2008-10-03', 'YYYY-MM-DD'), 572696, '13.059.259/5773-14', 'Ana Beatriz Nogueira', to_date ('2011-01-11', 'YYYY-MM-DD') );
INSERT INTO festaNoParque ( dataInicio, numeroConvidados, cnpjParque, nome, dataFim )
	VALUES ( to_date ('2007-09-17', 'YYYY-MM-DD'), 259005, '08.660.251/3482-20', 'Dr. Anthony Nunes', to_date ('2016-03-25', 'YYYY-MM-DD') );
INSERT INTO festaNoParque ( dataInicio, numeroConvidados, cnpjParque, nome, dataFim )
	VALUES ( to_date ('2012-10-15', 'YYYY-MM-DD'), 603425, '80.268.213/2876-00', 'Lorenzo das Neves', to_date ('2010-10-03', 'YYYY-MM-DD') );
INSERT INTO festaNoParque ( dataInicio, numeroConvidados, cnpjParque, nome, dataFim )
	VALUES ( to_date ('2018-08-02', 'YYYY-MM-DD'), 731166, '68.218.168/1057-70', 'Brenda Cunha', to_date ('2003-10-10', 'YYYY-MM-DD') );
INSERT INTO festaNoParque ( dataInicio, numeroConvidados, cnpjParque, nome, dataFim )
	VALUES ( to_date ('2004-02-24', 'YYYY-MM-DD'), 636298, '48.965.946/7260-28', 'Srta. Lívia Santos', to_date ('2017-06-15', 'YYYY-MM-DD') );
INSERT INTO festaNoParque ( dataInicio, numeroConvidados, cnpjParque, nome, dataFim )
	VALUES ( to_date ('2009-01-23', 'YYYY-MM-DD'), 329306, '00.082.473/9285-21', 'Isabel Costela', to_date ('2013-06-01', 'YYYY-MM-DD') );
INSERT INTO festaNoParque ( dataInicio, numeroConvidados, cnpjParque, nome, dataFim )
	VALUES ( to_date ('2015-07-05', 'YYYY-MM-DD'), 536551, '21.095.547/5452-13', 'Lorena Pereira', to_date ('2008-01-19', 'YYYY-MM-DD') );
INSERT INTO festaNoParque ( dataInicio, numeroConvidados, cnpjParque, nome, dataFim )
	VALUES ( to_date ('2008-02-15', 'YYYY-MM-DD'), 731261, '53.527.877/1004-54', 'Daniel Ramos', to_date ('2002-11-13', 'YYYY-MM-DD') );
INSERT INTO festaNoParque ( dataInicio, numeroConvidados, cnpjParque, nome, dataFim )
	VALUES ( to_date ('2008-04-20', 'YYYY-MM-DD'), 491428, '06.887.851/5483-98', 'Ana Sophia Ferreira', to_date ('2013-09-25', 'YYYY-MM-DD') );
INSERT INTO festaNoParque ( dataInicio, numeroConvidados, cnpjParque, nome, dataFim )
	VALUES ( to_date ('2018-11-11', 'YYYY-MM-DD'), 541163, '78.176.667/1123-29', 'Melissa Rezende', to_date ('2016-07-09', 'YYYY-MM-DD') );
INSERT INTO festaNoParque ( dataInicio, numeroConvidados, cnpjParque, nome, dataFim )
	VALUES ( to_date ('2017-02-26', 'YYYY-MM-DD'), 274478, '23.307.754/3608-46', 'Daniela Gomes', to_date ('2002-04-08', 'YYYY-MM-DD') );
INSERT INTO festaNoParque ( dataInicio, numeroConvidados, cnpjParque, nome, dataFim )
	VALUES ( to_date ('2004-06-03', 'YYYY-MM-DD'), 851237, '13.059.259/5773-14', 'Dra. Mirella Azevedo', to_date ('2006-02-15', 'YYYY-MM-DD') );
INSERT INTO festaNoParque ( dataInicio, numeroConvidados, cnpjParque, nome, dataFim )
	VALUES ( to_date ('2003-05-11', 'YYYY-MM-DD'), 316360, '80.791.658/2644-47', 'Heitor Aragão', to_date ('2008-03-12', 'YYYY-MM-DD') );
INSERT INTO festaNoParque ( dataInicio, numeroConvidados, cnpjParque, nome, dataFim )
	VALUES ( to_date ('2012-05-03', 'YYYY-MM-DD'), 761343, '04.311.437/2024-71', 'Vitória Cunha', to_date ('2009-10-17', 'YYYY-MM-DD') );
INSERT INTO festaNoParque ( dataInicio, numeroConvidados, cnpjParque, nome, dataFim )
	VALUES ( to_date ('2008-04-06', 'YYYY-MM-DD'), 758624, '51.920.176/6657-28', 'Enrico Rezende', to_date ('2016-04-13', 'YYYY-MM-DD') );
INSERT INTO festaNoParque ( dataInicio, numeroConvidados, cnpjParque, nome, dataFim )
	VALUES ( to_date ('2003-03-26', 'YYYY-MM-DD'), 832269, '88.766.925/3716-63', 'Augusto Costela', to_date ('2007-03-04', 'YYYY-MM-DD') );
INSERT INTO festaNoParque ( dataInicio, numeroConvidados, cnpjParque, nome, dataFim )
	VALUES ( to_date ('2013-10-02', 'YYYY-MM-DD'), 162307, '51.920.176/6657-28', 'Dra. Mirella Barbosa', to_date ('2006-01-25', 'YYYY-MM-DD') );
INSERT INTO festaNoParque ( dataInicio, numeroConvidados, cnpjParque, nome, dataFim )
	VALUES ( to_date ('2007-03-08', 'YYYY-MM-DD'), 139046, '19.228.951/1483-58', 'Kaique Ramos', to_date ('2012-11-16', 'YYYY-MM-DD') );
INSERT INTO festaNoParque ( dataInicio, numeroConvidados, cnpjParque, nome, dataFim )
	VALUES ( to_date ('2017-10-23', 'YYYY-MM-DD'), 632549, '53.527.877/1004-54', 'Nicole Peixoto', to_date ('2014-04-07', 'YYYY-MM-DD') );
INSERT INTO festaNoParque ( dataInicio, numeroConvidados, cnpjParque, nome, dataFim )
	VALUES ( to_date ('2003-06-12', 'YYYY-MM-DD'), 672527, '13.059.259/5773-14', 'Esther da Cruz', to_date ('2010-04-25', 'YYYY-MM-DD') );
INSERT INTO festaNoParque ( dataInicio, numeroConvidados, cnpjParque, nome, dataFim )
	VALUES ( to_date ('2015-02-27', 'YYYY-MM-DD'), 631443, '33.877.049/2363-33', 'Srta. Sophia Nascimento', to_date ('2016-01-13', 'YYYY-MM-DD') );
INSERT INTO festaNoParque ( dataInicio, numeroConvidados, cnpjParque, nome, dataFim )
	VALUES ( to_date ('2018-03-04', 'YYYY-MM-DD'), 242122, '98.853.014/7988-94', 'Pedro Henrique Campos', to_date ('2018-07-13', 'YYYY-MM-DD') );
INSERT INTO festaNoParque ( dataInicio, numeroConvidados, cnpjParque, nome, dataFim )
	VALUES ( to_date ('2012-05-15', 'YYYY-MM-DD'), 858238, '33.877.049/2363-33', 'Ana Luiza Pires', to_date ('2018-11-07', 'YYYY-MM-DD') );
INSERT INTO festaNoParque ( dataInicio, numeroConvidados, cnpjParque, nome, dataFim )
	VALUES ( to_date ('2001-01-27', 'YYYY-MM-DD'), 838756, '59.826.241/9274-32', 'Bárbara Aragão', to_date ('2001-03-24', 'YYYY-MM-DD') );
INSERT INTO festaNoParque ( dataInicio, numeroConvidados, cnpjParque, nome, dataFim )
	VALUES ( to_date ('2011-02-10', 'YYYY-MM-DD'), 474326, '00.276.961/9065-26', 'Heitor Melo', to_date ('2015-02-19', 'YYYY-MM-DD') );
INSERT INTO festaNoParque ( dataInicio, numeroConvidados, cnpjParque, nome, dataFim )
	VALUES ( to_date ('2015-07-15', 'YYYY-MM-DD'), 665720, '33.877.049/2363-33', 'Emanuella Melo', to_date ('2001-05-21', 'YYYY-MM-DD') );
INSERT INTO festaNoParque ( dataInicio, numeroConvidados, cnpjParque, nome, dataFim )
	VALUES ( to_date ('2008-11-23', 'YYYY-MM-DD'), 226565, '06.887.851/5483-98', 'Sra. Carolina Teixeira', to_date ('2013-02-09', 'YYYY-MM-DD') );
INSERT INTO festaNoParque ( dataInicio, numeroConvidados, cnpjParque, nome, dataFim )
	VALUES ( to_date ('2003-07-04', 'YYYY-MM-DD'), 115783, '70.152.633/5174-20', 'Joana Vieira', to_date ('2012-05-28', 'YYYY-MM-DD') );
INSERT INTO festaNoParque ( dataInicio, numeroConvidados, cnpjParque, nome, dataFim )
	VALUES ( to_date ('2009-09-26', 'YYYY-MM-DD'), 837463, '53.527.877/1004-54', 'Igor Lima', to_date ('2007-10-23', 'YYYY-MM-DD') );
INSERT INTO festaNoParque ( dataInicio, numeroConvidados, cnpjParque, nome, dataFim )
	VALUES ( to_date ('2014-01-22', 'YYYY-MM-DD'), 230782, '26.165.876/1045-10', 'Emanuelly Costa', to_date ('2012-09-03', 'YYYY-MM-DD') );
INSERT INTO festaNoParque ( dataInicio, numeroConvidados, cnpjParque, nome, dataFim )
	VALUES ( to_date ('2013-08-28', 'YYYY-MM-DD'), 427632, '80.268.213/2876-00', 'Lavínia Azevedo', to_date ('2008-11-08', 'YYYY-MM-DD') );
INSERT INTO festaNoParque ( dataInicio, numeroConvidados, cnpjParque, nome, dataFim )
	VALUES ( to_date ('2012-04-21', 'YYYY-MM-DD'), 820420, '59.489.988/6161-06', 'Paulo Campos', to_date ('2001-06-17', 'YYYY-MM-DD') );
INSERT INTO festaNoParque ( dataInicio, numeroConvidados, cnpjParque, nome, dataFim )
	VALUES ( to_date ('2014-08-15', 'YYYY-MM-DD'), 547271, '08.475.645/4023-66', 'Sr. Felipe Castro', to_date ('2004-05-18', 'YYYY-MM-DD') );
INSERT INTO festaNoParque ( dataInicio, numeroConvidados, cnpjParque, nome, dataFim )
	VALUES ( to_date ('2007-11-28', 'YYYY-MM-DD'), 170033, '19.228.951/1483-58', 'Srta. Maria Cecília Silveira', to_date ('2007-03-20', 'YYYY-MM-DD') );
/* NULL INSERTION FOR ATTRIBUTE dataFim AT TABLE festaNoParque  */
 INSERT INTO festaNoParque ( dataInicio, numeroConvidados, cnpjParque, nome, dataFim )
	VALUES ( to_date ('2018-09-11', 'YYYY-MM-DD'), 328696, '00.082.473/9285-21', 'Dr. Arthur Barbosa', NULL );

/* TABLE atracao */
INSERT INTO atracao ( dataFesta, cnpjParque, nome, poligono, numero )
	VALUES ( to_date ('2008-04-06', 'YYYY-MM-DD'), '51.920.176/6657-28', 'Bárbara Dias', '{{836021, 279849, 412299}, {671749, 414892, 618924}, {724904, 349817, 647759}, {724370, 602493, 681866}, {575772, 484696, 242408}, {221667, 419649, 347667}, {752066, 191324, 244876}, {116446, 808099, 609955}, {304846, 329437, 714884}, {399893, 729808, 765153}}', 458128 );
INSERT INTO atracao ( dataFesta, cnpjParque, nome, poligono, numero )
	VALUES ( to_date ('2009-06-25', 'YYYY-MM-DD'), '00.976.838/6794-33', 'Marina Mendes', '{{111852, 516496, 850401}, {140483, 472718, 659221}, {665176, 499204, 310875}, {887054, 803825, 272269}, {494019, 456949, 761941}, {818525, 565121, 864052}, {557471, 257497, 586964}, {558766, 759177, 661482}, {827109, 376334, 159767}, {388511, 591734, 756724}}', 152891 );
INSERT INTO atracao ( dataFesta, cnpjParque, nome, poligono, numero )
	VALUES ( to_date ('2015-03-19', 'YYYY-MM-DD'), '22.216.462/9886-56', 'Luiz Fernando Aragão', '{{466403, 373721, 711734}, {721559, 565432, 107737}, {248963, 333766, 101454}, {609937, 781562, 814056}, {749589, 739205, 790365}, {698717, 837458, 619343}, {514086, 644647, 807645}, {659274, 140641, 194668}, {274916, 746743, 190795}, {194798, 166029, 530060}}', 572398 );
INSERT INTO atracao ( dataFesta, cnpjParque, nome, poligono, numero )
	VALUES ( to_date ('2012-08-22', 'YYYY-MM-DD'), '06.887.851/5483-98', 'Felipe Pereira', '{{696357, 113910, 736769}, {159390, 458056, 567920}, {193052, 160770, 478959}, {103319, 866868, 546752}, {630768, 448121, 552128}, {892946, 536174, 488188}, {113227, 534628, 504148}, {279303, 274859, 738397}, {688560, 618921, 317560}, {194291, 171790, 557632}}', 193120 );
INSERT INTO atracao ( dataFesta, cnpjParque, nome, poligono, numero )
	VALUES ( to_date ('2009-09-26', 'YYYY-MM-DD'), '53.527.877/1004-54', 'Alexia Moraes', '{{266489, 413063, 419872}, {759949, 756949, 698830}, {551889, 699009, 249835}, {340616, 560255, 262952}, {460214, 149555, 770278}, {364812, 656495, 245003}, {287299, 558789, 810945}, {655093, 803181, 177216}, {224992, 612214, 872220}, {439259, 579263, 807824}}', 369345 );
INSERT INTO atracao ( dataFesta, cnpjParque, nome, poligono, numero )
	VALUES ( to_date ('2016-03-06', 'YYYY-MM-DD'), '94.358.124/8032-99', 'Eloah Barros', '{{732123, 196753, 124454}, {383608, 243222, 585047}, {598211, 337923, 511418}, {378564, 271772, 361209}, {756335, 234005, 512783}, {100628, 672871, 486296}, {406586, 560350, 891963}, {773925, 718789, 106152}, {156752, 424668, 503549}, {550607, 114299, 720121}}', 634639 );
INSERT INTO atracao ( dataFesta, cnpjParque, nome, poligono, numero )
	VALUES ( to_date ('2018-03-04', 'YYYY-MM-DD'), '98.853.014/7988-94', 'Ian Martins', '{{194417, 404165, 182632}, {497988, 582861, 339238}, {101423, 695361, 162250}, {719300, 209458, 799957}, {818381, 401533, 248188}, {721990, 723211, 256586}, {354767, 510658, 517668}, {404353, 812509, 206883}, {686441, 373546, 894745}, {291496, 103835, 672812}}', 714675 );
INSERT INTO atracao ( dataFesta, cnpjParque, nome, poligono, numero )
	VALUES ( to_date ('2018-03-04', 'YYYY-MM-DD'), '98.853.014/7988-94', 'Pedro Lucas Alves', '{{525321, 264014, 455730}, {754348, 439817, 802048}, {219719, 320019, 287093}, {611961, 849667, 722174}, {390782, 564589, 420284}, {893241, 113236, 165714}, {416590, 362933, 414931}, {569957, 168908, 715109}, {668738, 188033, 505594}, {851153, 201495, 404709}}', 233329 );
INSERT INTO atracao ( dataFesta, cnpjParque, nome, poligono, numero )
	VALUES ( to_date ('2011-06-06', 'YYYY-MM-DD'), '53.527.877/1004-54', 'Luiz Miguel Ferreira', '{{341407, 608973, 527070}, {708957, 650651, 785333}, {538210, 336247, 808473}, {313366, 243806, 577878}, {738331, 428693, 187394}, {592194, 621740, 313106}, {209066, 124273, 194285}, {180679, 110609, 804096}, {718184, 196842, 847627}, {538362, 427474, 431549}}', 606392 );
INSERT INTO atracao ( dataFesta, cnpjParque, nome, poligono, numero )
	VALUES ( to_date ('2017-09-12', 'YYYY-MM-DD'), '33.877.049/2363-33', 'Erick Rodrigues', '{{251846, 816919, 497892}, {592953, 719396, 371780}, {361458, 663361, 811212}, {831537, 113552, 295475}, {396315, 570017, 429101}, {445213, 351112, 894456}, {697476, 414744, 582687}, {481212, 219659, 604426}, {333814, 333093, 682316}, {759246, 193129, 545713}}', 410389 );
INSERT INTO atracao ( dataFesta, cnpjParque, nome, poligono, numero )
	VALUES ( to_date ('2010-09-07', 'YYYY-MM-DD'), '12.002.044/0099-26', 'Dra. Joana Azevedo', '{{265686, 785138, 165524}, {372949, 243448, 218670}, {144025, 256489, 415988}, {192617, 214114, 894034}, {647042, 499157, 242187}, {849169, 209668, 571354}, {743130, 314006, 351476}, {824155, 705074, 568135}, {461986, 487739, 276539}, {607057, 500606, 679005}}', 225771 );
INSERT INTO atracao ( dataFesta, cnpjParque, nome, poligono, numero )
	VALUES ( to_date ('2012-10-15', 'YYYY-MM-DD'), '80.268.213/2876-00', 'Guilherme Vieira', '{{768122, 635965, 601451}, {154468, 674399, 429424}, {707883, 299054, 868592}, {812869, 797907, 671308}, {124962, 283483, 135674}, {422869, 546421, 413128}, {329986, 473905, 597435}, {447452, 107778, 184324}, {896121, 853619, 303523}, {460345, 593602, 597783}}', 804134 );
INSERT INTO atracao ( dataFesta, cnpjParque, nome, poligono, numero )
	VALUES ( to_date ('2018-04-06', 'YYYY-MM-DD'), '26.123.942/0507-77', 'Pietra da Cunha', '{{562852, 557530, 497999}, {367166, 624667, 265113}, {336527, 472395, 816353}, {545241, 221981, 848495}, {785658, 131188, 758258}, {324690, 533001, 804783}, {249451, 878251, 435096}, {631832, 714018, 314787}, {838021, 125809, 375297}, {418864, 490339, 179427}}', 440997 );
INSERT INTO atracao ( dataFesta, cnpjParque, nome, poligono, numero )
	VALUES ( to_date ('2014-11-23', 'YYYY-MM-DD'), '45.271.571/7658-25', 'Carlos Eduardo Oliveira', '{{754696, 867894, 268491}, {177287, 331845, 158641}, {510357, 776589, 756337}, {546473, 864278, 851915}, {287344, 873892, 448463}, {158395, 147932, 194326}, {326562, 628105, 247150}, {441877, 447073, 558042}, {767555, 266253, 647950}, {210917, 706396, 557054}}', 529633 );
INSERT INTO atracao ( dataFesta, cnpjParque, nome, poligono, numero )
	VALUES ( to_date ('2012-01-21', 'YYYY-MM-DD'), '00.276.961/9065-26', 'Stella Cunha', '{{585174, 221804, 264639}, {541386, 107669, 439642}, {436821, 620663, 250909}, {160301, 598489, 119282}, {229473, 252360, 306477}, {838997, 495156, 542074}, {568802, 565706, 799674}, {638149, 407295, 662009}, {826656, 348555, 636550}, {705103, 725672, 262223}}', 502895 );
INSERT INTO atracao ( dataFesta, cnpjParque, nome, poligono, numero )
	VALUES ( to_date ('2012-09-07', 'YYYY-MM-DD'), '08.660.251/3482-20', 'Nicole Ribeiro', '{{637021, 176413, 795956}, {666267, 763827, 206631}, {573354, 706234, 601226}, {515055, 610138, 591689}, {175579, 503770, 676376}, {311395, 617910, 327434}, {200237, 440475, 312193}, {804854, 809494, 778225}, {395008, 204019, 598710}, {497785, 858285, 855351}}', 535737 );
INSERT INTO atracao ( dataFesta, cnpjParque, nome, poligono, numero )
	VALUES ( to_date ('2017-08-29', 'YYYY-MM-DD'), '98.853.014/7988-94', 'Dra. Helena Azevedo', '{{847172, 889647, 735595}, {783588, 491259, 136721}, {654699, 402553, 229707}, {386876, 310728, 387353}, {366877, 244114, 284075}, {425815, 877076, 107395}, {573416, 417599, 563922}, {773137, 555685, 877951}, {616021, 326552, 747979}, {749123, 167827, 631884}}', 213451 );
INSERT INTO atracao ( dataFesta, cnpjParque, nome, poligono, numero )
	VALUES ( to_date ('2012-08-22', 'YYYY-MM-DD'), '06.887.851/5483-98', 'Maria Clara FariasFernandes', '{{617886, 300847, 581367}, {285218, 575897, 364633}, {160825, 147541, 643832}, {591833, 120694, 730598}, {281579, 123805, 648300}, {597618, 569137, 260765}, {895132, 159733, 446617}, {130582, 431881, 858504}, {381135, 414926, 495295}, {338213, 881361, 640806}}', 609879 );
INSERT INTO atracao ( dataFesta, cnpjParque, nome, poligono, numero )
	VALUES ( to_date ('2002-03-09', 'YYYY-MM-DD'), '88.540.442/9424-54', 'Luiz Fernando da Costa', '{{540430, 505213, 129510}, {887142, 275453, 200105}, {809700, 365914, 474388}, {707196, 760497, 654479}, {290125, 678740, 737650}, {153660, 744263, 342991}, {353228, 474018, 601431}, {536975, 754137, 362257}, {478040, 170524, 566406}, {717738, 787783, 886335}}', 648880 );
INSERT INTO atracao ( dataFesta, cnpjParque, nome, poligono, numero )
	VALUES ( to_date ('2015-09-19', 'YYYY-MM-DD'), '50.829.360/8653-92', 'Otávio Santos', '{{246126, 143973, 661775}, {696353, 681783, 130487}, {714489, 549493, 373964}, {322266, 605679, 451500}, {742477, 474075, 548333}, {469861, 158994, 768769}, {359820, 554724, 776788}, {729352, 786876, 166451}, {339149, 108856, 456345}, {894902, 713077, 827252}}', 331317 );
INSERT INTO atracao ( dataFesta, cnpjParque, nome, poligono, numero )
	VALUES ( to_date ('2005-10-12', 'YYYY-MM-DD'), '80.268.213/2876-00', 'Lívia Ferreira', '{{336274, 702266, 188584}, {332944, 795925, 759369}, {144544, 238725, 598549}, {160434, 331712, 769409}, {278805, 421982, 407863}, {604125, 863320, 135203}, {106679, 698918, 300643}, {833556, 532036, 120882}, {779756, 343280, 602903}, {155020, 797799, 447124}}', 431490 );
INSERT INTO atracao ( dataFesta, cnpjParque, nome, poligono, numero )
	VALUES ( to_date ('2006-01-26', 'YYYY-MM-DD'), '67.165.101/4578-85', 'Ana Lívia Silveira', '{{378560, 365797, 437906}, {577131, 439654, 242875}, {245311, 514740, 348910}, {319150, 656993, 473516}, {442003, 240435, 819294}, {550105, 714798, 737289}, {175696, 113750, 626880}, {328148, 353044, 855906}, {732079, 119160, 468445}, {257616, 578930, 425368}}', 405770 );
INSERT INTO atracao ( dataFesta, cnpjParque, nome, poligono, numero )
	VALUES ( to_date ('2008-04-16', 'YYYY-MM-DD'), '88.886.817/8195-56', 'Heitor da Cruz', '{{192278, 111139, 418545}, {362567, 232396, 336968}, {585073, 293480, 160411}, {424055, 667486, 363863}, {493587, 776494, 404668}, {143799, 579108, 111134}, {591870, 433890, 289029}, {277779, 554694, 552488}, {343167, 874957, 840398}, {753826, 660468, 661544}}', 883781 );
INSERT INTO atracao ( dataFesta, cnpjParque, nome, poligono, numero )
	VALUES ( to_date ('2004-02-24', 'YYYY-MM-DD'), '48.965.946/7260-28', 'Mariana Pereira', '{{136152, 495879, 370365}, {443450, 306028, 811319}, {372557, 156866, 778948}, {895850, 830440, 205204}, {366491, 432995, 899144}, {639013, 376115, 802740}, {771388, 527147, 322029}, {559634, 813297, 138477}, {141326, 245625, 475745}, {725512, 643277, 640313}}', 567973 );
INSERT INTO atracao ( dataFesta, cnpjParque, nome, poligono, numero )
	VALUES ( to_date ('2000-07-15', 'YYYY-MM-DD'), '73.257.555/4258-42', 'Dr. João Guilherme Fogaça', '{{258164, 115360, 500316}, {173369, 704034, 314034}, {456325, 565529, 181725}, {821763, 890461, 793307}, {684051, 890452, 835127}, {456502, 361994, 503067}, {350894, 877478, 771289}, {206834, 581790, 253309}, {612200, 352308, 462455}, {218781, 767313, 121430}}', 485090 );
INSERT INTO atracao ( dataFesta, cnpjParque, nome, poligono, numero )
	VALUES ( to_date ('2014-08-15', 'YYYY-MM-DD'), '08.475.645/4023-66', 'Raul das Neves', '{{624573, 511812, 587675}, {402182, 757000, 551599}, {360768, 624746, 186776}, {586676, 776245, 834632}, {221394, 163111, 503259}, {531334, 579040, 545839}, {311117, 862965, 834566}, {812390, 309168, 509512}, {542105, 264469, 756152}, {176348, 647340, 787271}}', 346947 );
INSERT INTO atracao ( dataFesta, cnpjParque, nome, poligono, numero )
	VALUES ( to_date ('2008-02-15', 'YYYY-MM-DD'), '53.527.877/1004-54', 'Sr. Augusto Campos', '{{714562, 451135, 405927}, {712751, 335311, 642032}, {677325, 192402, 628372}, {172473, 563200, 284302}, {394626, 214619, 834612}, {509123, 725440, 439148}, {220252, 763488, 206122}, {471547, 677757, 247678}, {674444, 885420, 608945}, {785138, 107610, 457627}}', 460299 );
INSERT INTO atracao ( dataFesta, cnpjParque, nome, poligono, numero )
	VALUES ( to_date ('2015-10-19', 'YYYY-MM-DD'), '22.216.462/9886-56', 'Srta. Manuela Viana', '{{633108, 680305, 685091}, {749583, 873579, 284992}, {140749, 835421, 565069}, {857667, 702256, 439892}, {414210, 791943, 478873}, {469531, 169132, 550301}, {157286, 673556, 797686}, {309464, 168031, 448012}, {771315, 460903, 233099}, {729399, 552270, 739033}}', 801860 );
INSERT INTO atracao ( dataFesta, cnpjParque, nome, poligono, numero )
	VALUES ( to_date ('2011-05-29', 'YYYY-MM-DD'), '91.676.137/0246-49', 'João Gabriel Cavalcanti', '{{390733, 193886, 171080}, {795949, 505357, 505058}, {367444, 800199, 175080}, {641521, 704888, 733249}, {316051, 203578, 154146}, {864035, 282830, 404937}, {416110, 770440, 294735}, {511165, 173271, 487176}, {305253, 216112, 394802}, {247706, 389350, 312797}}', 607981 );
INSERT INTO atracao ( dataFesta, cnpjParque, nome, poligono, numero )
	VALUES ( to_date ('2015-08-16', 'YYYY-MM-DD'), '88.522.783/1295-88', 'Beatriz da Costa', '{{821982, 647198, 121084}, {148528, 418406, 869696}, {278527, 271129, 199655}, {555859, 661592, 484466}, {881666, 182662, 248545}, {336226, 324086, 859276}, {346035, 521091, 756650}, {570434, 899302, 224469}, {809886, 570184, 777676}, {307143, 553113, 335751}}', 673551 );
INSERT INTO atracao ( dataFesta, cnpjParque, nome, poligono, numero )
	VALUES ( to_date ('2011-10-25', 'YYYY-MM-DD'), '88.540.442/9424-54', 'Sophie da Mota', '{{459443, 102475, 334791}, {786192, 611446, 277713}, {208326, 504022, 368148}, {412093, 652388, 320878}, {590460, 602826, 191247}, {443517, 825023, 652655}, {235571, 386556, 842774}, {891781, 329298, 410845}, {404556, 648845, 740749}, {449973, 534697, 563999}}', 733987 );
INSERT INTO atracao ( dataFesta, cnpjParque, nome, poligono, numero )
	VALUES ( to_date ('2006-07-02', 'YYYY-MM-DD'), '53.641.871/3612-76', 'Arthur da Mota', '{{350298, 136649, 751572}, {220571, 888595, 128860}, {417424, 181403, 490995}, {594795, 270988, 717876}, {606070, 820701, 455856}, {760815, 434145, 105418}, {267930, 151087, 739617}, {201758, 214424, 389909}, {677589, 122290, 555707}, {535073, 880378, 193704}}', 191415 );
INSERT INTO atracao ( dataFesta, cnpjParque, nome, poligono, numero )
	VALUES ( to_date ('2002-08-16', 'YYYY-MM-DD'), '17.334.319/3906-73', 'Vitor Hugo Nascimento', '{{292096, 282799, 874705}, {165858, 696656, 202000}, {418774, 859268, 881088}, {855337, 815846, 252911}, {874067, 696730, 610392}, {811486, 118551, 787632}, {488013, 246629, 146230}, {544192, 612269, 457243}, {556074, 415549, 225328}, {152523, 255198, 756275}}', 367670 );
INSERT INTO atracao ( dataFesta, cnpjParque, nome, poligono, numero )
	VALUES ( to_date ('2009-01-19', 'YYYY-MM-DD'), '95.397.102/0428-32', 'Isadora Vieira', '{{752155, 756245, 896502}, {747386, 338089, 669710}, {392235, 174187, 331258}, {256271, 131656, 514937}, {883547, 145351, 683837}, {552475, 264767, 807828}, {147876, 325981, 292286}, {669529, 658104, 131277}, {718991, 340703, 649670}, {312640, 775143, 517845}}', 448645 );
INSERT INTO atracao ( dataFesta, cnpjParque, nome, poligono, numero )
	VALUES ( to_date ('2013-01-26', 'YYYY-MM-DD'), '59.826.241/9274-32', 'Rebeca Moura', '{{328268, 833895, 798173}, {807151, 818527, 143115}, {400639, 532106, 669646}, {489093, 636081, 109077}, {570220, 652896, 228554}, {526232, 150844, 809706}, {573994, 372886, 664219}, {120032, 434002, 257510}, {754191, 821083, 636550}, {723778, 148515, 717963}}', 574936 );
INSERT INTO atracao ( dataFesta, cnpjParque, nome, poligono, numero )
	VALUES ( to_date ('2015-02-27', 'YYYY-MM-DD'), '33.877.049/2363-33', 'Dr. Erick Moreira', '{{350006, 752423, 645223}, {705604, 644550, 476635}, {728659, 119635, 276398}, {729875, 637478, 813294}, {206121, 655504, 211431}, {280687, 774454, 818746}, {890094, 741840, 203313}, {203140, 771096, 256957}, {313562, 873638, 631363}, {167554, 409980, 499388}}', 700067 );
INSERT INTO atracao ( dataFesta, cnpjParque, nome, poligono, numero )
	VALUES ( to_date ('2004-02-24', 'YYYY-MM-DD'), '48.965.946/7260-28', 'Luiz Otávio Freitas', '{{567146, 131407, 552486}, {455753, 385635, 241657}, {185144, 679758, 245565}, {329124, 692014, 716304}, {814822, 163526, 859576}, {311854, 208625, 663563}, {251624, 151040, 330570}, {662146, 724815, 212438}, {152744, 334794, 362044}, {817343, 637712, 740136}}', 822647 );
INSERT INTO atracao ( dataFesta, cnpjParque, nome, poligono, numero )
	VALUES ( to_date ('2003-05-11', 'YYYY-MM-DD'), '80.791.658/2644-47', 'Lucas Gabriel Peixoto', '{{499574, 853945, 583260}, {266659, 302520, 852810}, {798700, 414586, 494704}, {806006, 467469, 287465}, {371145, 736072, 327556}, {419923, 375517, 552664}, {527442, 385868, 666417}, {535389, 267504, 243833}, {856231, 888456, 631207}, {747526, 117067, 520309}}', 776841 );
INSERT INTO atracao ( dataFesta, cnpjParque, nome, poligono, numero )
	VALUES ( to_date ('2004-01-04', 'YYYY-MM-DD'), '21.294.553/5588-89', 'Bárbara Ferreira', '{{840213, 330455, 674438}, {318324, 400465, 385770}, {506652, 775163, 529176}, {567032, 870917, 869339}, {698556, 762884, 117970}, {318958, 350748, 342453}, {886731, 190177, 214939}, {231739, 484727, 428107}, {584915, 755050, 444472}, {488191, 210625, 106391}}', 621512 );
INSERT INTO atracao ( dataFesta, cnpjParque, nome, poligono, numero )
	VALUES ( to_date ('2003-11-26', 'YYYY-MM-DD'), '75.783.195/0716-32', 'Manuela Sales', '{{637168, 478404, 890342}, {231524, 240669, 836164}, {431585, 247322, 318267}, {109848, 796070, 436430}, {172761, 314065, 102453}, {302065, 598416, 872905}, {716477, 250521, 405501}, {396580, 279650, 440328}, {574907, 259382, 683437}, {488741, 520038, 648157}}', 789566 );
INSERT INTO atracao ( dataFesta, cnpjParque, nome, poligono, numero )
	VALUES ( to_date ('2012-10-15', 'YYYY-MM-DD'), '80.268.213/2876-00', 'Elisa Freitas', '{{475750, 305639, 204216}, {882367, 828642, 743924}, {146030, 560253, 190108}, {432809, 452148, 203667}, {153556, 121032, 326996}, {819013, 463184, 689892}, {498049, 231790, 862568}, {453674, 858376, 109600}, {154062, 176706, 169467}, {267782, 732391, 264416}}', 154221 );
INSERT INTO atracao ( dataFesta, cnpjParque, nome, poligono, numero )
	VALUES ( to_date ('2007-03-08', 'YYYY-MM-DD'), '19.228.951/1483-58', 'Luana Freitas', '{{718017, 134716, 894504}, {415040, 102884, 459271}, {195318, 501216, 440977}, {692870, 121185, 700487}, {551333, 386947, 811008}, {772863, 762450, 862858}, {801775, 490694, 364139}, {675316, 830068, 891817}, {110793, 428904, 874837}, {243807, 536351, 823858}}', 240677 );
INSERT INTO atracao ( dataFesta, cnpjParque, nome, poligono, numero )
	VALUES ( to_date ('2008-10-03', 'YYYY-MM-DD'), '13.059.259/5773-14', 'Daniel da Luz', '{{382718, 398625, 735025}, {592707, 708469, 699171}, {348015, 882550, 503542}, {693843, 834632, 796364}, {593291, 820517, 422108}, {317769, 726624, 619060}, {405210, 600351, 657359}, {222400, 575582, 487671}, {191038, 719863, 486021}, {492233, 642228, 492567}}', 219077 );
INSERT INTO atracao ( dataFesta, cnpjParque, nome, poligono, numero )
	VALUES ( to_date ('2004-06-03', 'YYYY-MM-DD'), '13.059.259/5773-14', 'Caroline Rodrigues', '{{895835, 492340, 380406}, {534008, 505730, 260151}, {654429, 748220, 335496}, {896333, 345589, 402882}, {288398, 767324, 421441}, {319060, 705357, 787573}, {177973, 333698, 782252}, {674468, 371786, 617059}, {296430, 535031, 264339}, {256551, 718835, 665525}}', 550338 );
INSERT INTO atracao ( dataFesta, cnpjParque, nome, poligono, numero )
	VALUES ( to_date ('2014-11-23', 'YYYY-MM-DD'), '45.271.571/7658-25', 'Igor Lima', '{{622842, 456638, 684102}, {688092, 360397, 519438}, {879183, 317201, 666708}, {541269, 714380, 769832}, {589150, 808380, 793475}, {257767, 121068, 855240}, {395944, 197416, 682986}, {461543, 777736, 770439}, {313598, 645600, 799459}, {334467, 350410, 849348}}', 320480 );
INSERT INTO atracao ( dataFesta, cnpjParque, nome, poligono, numero )
	VALUES ( to_date ('2010-03-14', 'YYYY-MM-DD'), '73.257.555/4258-42', 'Leandro Cardoso', '{{317495, 731941, 819561}, {480226, 228770, 116507}, {868912, 730625, 316579}, {119719, 193561, 394962}, {322961, 554821, 213975}, {820010, 169261, 452503}, {802148, 650530, 397139}, {512997, 405496, 808497}, {890309, 895016, 762388}, {890889, 228617, 147578}}', 671435 );
INSERT INTO atracao ( dataFesta, cnpjParque, nome, poligono, numero )
	VALUES ( to_date ('2006-10-10', 'YYYY-MM-DD'), '59.826.241/9274-32', 'Alexia Rezende', '{{811981, 427698, 823718}, {346860, 671833, 730005}, {279821, 730735, 389131}, {441610, 507190, 305161}, {763098, 871781, 651506}, {225721, 297196, 556119}, {250914, 342493, 604808}, {123322, 711882, 842490}, {125837, 109371, 581568}, {342860, 159472, 793679}}', 761178 );
INSERT INTO atracao ( dataFesta, cnpjParque, nome, poligono, numero )
	VALUES ( to_date ('2017-03-26', 'YYYY-MM-DD'), '68.218.168/1057-70', 'Helena Barros', '{{345771, 436211, 195108}, {269955, 195730, 232744}, {877899, 672458, 440142}, {229795, 841055, 496228}, {624282, 657794, 119222}, {298544, 756969, 126426}, {521049, 522163, 791581}, {705465, 548006, 292484}, {138618, 153874, 278502}, {737507, 526709, 782502}}', 359520 );
INSERT INTO atracao ( dataFesta, cnpjParque, nome, poligono, numero )
	VALUES ( to_date ('2001-02-22', 'YYYY-MM-DD'), '94.538.035/7334-89', 'Yago Nascimento', '{{106596, 643347, 106777}, {610049, 118373, 780596}, {457869, 760953, 521379}, {808621, 843872, 651897}, {668660, 809766, 767543}, {847575, 353859, 625988}, {292661, 651693, 697918}, {551005, 619272, 491838}, {832950, 694327, 446176}, {458046, 767580, 455386}}', 436606 );
INSERT INTO atracao ( dataFesta, cnpjParque, nome, poligono, numero )
	VALUES ( to_date ('2013-10-02', 'YYYY-MM-DD'), '51.920.176/6657-28', 'Stephany Castro', '{{837993, 323527, 136864}, {552029, 688278, 269668}, {569344, 812020, 521788}, {302312, 691945, 877688}, {831589, 182871, 588936}, {859437, 440643, 364228}, {863458, 829535, 484740}, {448463, 317654, 590331}, {481220, 334933, 887167}, {139733, 413977, 818745}}', 576014 );
INSERT INTO atracao ( dataFesta, cnpjParque, nome, poligono, numero )
	VALUES ( to_date ('2015-10-19', 'YYYY-MM-DD'), '22.216.462/9886-56', 'João Lucas Teixeira', '{{315409, 776760, 124593}, {878255, 495626, 643734}, {447506, 713761, 250446}, {679102, 567491, 691344}, {416566, 640405, 395227}, {229872, 654048, 533253}, {746242, 547260, 529035}, {878503, 852661, 766696}, {170700, 685157, 285565}, {370897, 471546, 382983}}', 899897 );
INSERT INTO atracao ( dataFesta, cnpjParque, nome, poligono, numero )
	VALUES ( to_date ('2010-05-20', 'YYYY-MM-DD'), '13.059.259/5773-14', 'Bruna Cunha', '{{788472, 309592, 556242}, {258492, 193758, 227664}, {689799, 749201, 756190}, {276307, 559655, 565266}, {335382, 319569, 487622}, {889008, 258500, 643730}, {413538, 594113, 182783}, {269307, 333574, 876371}, {719626, 605230, 638060}, {710608, 403272, 502427}}', 441179 );
INSERT INTO atracao ( dataFesta, cnpjParque, nome, poligono, numero )
	VALUES ( to_date ('2015-10-19', 'YYYY-MM-DD'), '22.216.462/9886-56', 'João Pedro Araújo', '{{181149, 118428, 674553}, {176198, 878823, 246411}, {135538, 686108, 819766}, {533571, 248296, 765517}, {363505, 852995, 647523}, {371560, 872021, 508187}, {329229, 365210, 181998}, {893371, 461932, 313185}, {794485, 331352, 719593}, {364659, 764322, 142164}}', 230403 );
INSERT INTO atracao ( dataFesta, cnpjParque, nome, poligono, numero )
	VALUES ( to_date ('2003-03-26', 'YYYY-MM-DD'), '88.766.925/3716-63', 'Dra. Isabel Monteiro', '{{253471, 122912, 736403}, {334918, 176095, 684971}, {418569, 140393, 273187}, {743652, 286458, 103205}, {770540, 255866, 375332}, {713283, 163984, 782243}, {127978, 315107, 195015}, {450900, 872966, 286468}, {279130, 253726, 641462}, {272497, 210139, 350395}}', 545073 );
INSERT INTO atracao ( dataFesta, cnpjParque, nome, poligono, numero )
	VALUES ( to_date ('2014-11-23', 'YYYY-MM-DD'), '45.271.571/7658-25', 'Agatha Moreira', '{{859321, 138962, 123619}, {272391, 830465, 500288}, {684233, 423833, 402997}, {471649, 427840, 416657}, {704143, 661047, 436960}, {485383, 693736, 680803}, {433326, 806633, 182188}, {606962, 493942, 674034}, {777912, 215290, 627472}, {114548, 755184, 102117}}', 265371 );
INSERT INTO atracao ( dataFesta, cnpjParque, nome, poligono, numero )
	VALUES ( to_date ('2014-08-26', 'YYYY-MM-DD'), '78.721.896/9395-42', 'Anthony Costa', '{{768666, 645895, 358702}, {431877, 374052, 877491}, {352512, 304906, 538559}, {680466, 826018, 388205}, {510983, 176038, 361374}, {751224, 492170, 147189}, {323172, 219546, 309546}, {555725, 783392, 265979}, {244243, 606693, 361906}, {339684, 262251, 715430}}', 583794 );
INSERT INTO atracao ( dataFesta, cnpjParque, nome, poligono, numero )
	VALUES ( to_date ('2006-07-02', 'YYYY-MM-DD'), '53.641.871/3612-76', 'Arthur Peixoto', '{{250816, 186689, 310061}, {354183, 529881, 202389}, {641640, 137428, 683315}, {650961, 575530, 284074}, {771119, 452867, 323601}, {653611, 125002, 542367}, {720846, 774308, 180186}, {324546, 333665, 703311}, {447242, 577694, 311103}, {498499, 167665, 415050}}', 804450 );
INSERT INTO atracao ( dataFesta, cnpjParque, nome, poligono, numero )
	VALUES ( to_date ('2017-08-22', 'YYYY-MM-DD'), '63.620.743/1462-56', 'Fernanda Correia', '{{855496, 333541, 248946}, {410173, 510827, 644026}, {871521, 179062, 764324}, {815383, 479255, 458548}, {810601, 697034, 853357}, {390705, 754130, 774623}, {569979, 802238, 540716}, {101331, 568782, 890309}, {265561, 202083, 873488}, {423345, 582323, 685598}}', 576169 );
INSERT INTO atracao ( dataFesta, cnpjParque, nome, poligono, numero )
	VALUES ( to_date ('2001-05-15', 'YYYY-MM-DD'), '27.360.401/2746-17', 'Gustavo Rocha', '{{675717, 763643, 336384}, {361319, 428047, 768982}, {418018, 197817, 176503}, {319771, 552340, 626813}, {154072, 215393, 777916}, {479328, 229441, 858704}, {898107, 635156, 202115}, {479993, 494608, 255168}, {201911, 175663, 701932}, {639237, 500449, 505943}}', 813090 );
INSERT INTO atracao ( dataFesta, cnpjParque, nome, poligono, numero )
	VALUES ( to_date ('2013-08-28', 'YYYY-MM-DD'), '80.268.213/2876-00', 'Daniel da Mota', '{{709239, 653050, 460614}, {200310, 885904, 683899}, {642781, 717462, 892534}, {569361, 786842, 848663}, {133405, 530034, 895271}, {485155, 177114, 144713}, {501273, 520790, 881386}, {161336, 676260, 431098}, {554128, 885166, 699512}, {753220, 236944, 243779}}', 718779 );
INSERT INTO atracao ( dataFesta, cnpjParque, nome, poligono, numero )
	VALUES ( to_date ('2001-05-15', 'YYYY-MM-DD'), '27.360.401/2746-17', 'Giovanna da Rosa', '{{350355, 267929, 861022}, {681966, 745290, 137278}, {885597, 463460, 513738}, {474310, 544440, 690572}, {287093, 802985, 220170}, {808582, 412687, 679053}, {374693, 569557, 634329}, {246617, 795281, 147411}, {329644, 811262, 171025}, {196942, 342129, 687420}}', 429195 );
INSERT INTO atracao ( dataFesta, cnpjParque, nome, poligono, numero )
	VALUES ( to_date ('2001-02-22', 'YYYY-MM-DD'), '94.538.035/7334-89', 'Sr. João Aragão', '{{364602, 185852, 471888}, {174871, 117435, 522999}, {723070, 736603, 751741}, {348182, 300007, 788829}, {794897, 839652, 110571}, {832173, 474086, 529356}, {717833, 829255, 216955}, {739219, 439081, 234871}, {222816, 847180, 349710}, {227573, 426565, 834919}}', 200507 );
INSERT INTO atracao ( dataFesta, cnpjParque, nome, poligono, numero )
	VALUES ( to_date ('2004-06-03', 'YYYY-MM-DD'), '13.059.259/5773-14', 'Luiz Henrique Monteiro', '{{485479, 109803, 246599}, {595350, 131770, 502922}, {723008, 270595, 583207}, {879632, 299598, 611316}, {686992, 715354, 162596}, {708322, 814698, 211986}, {508749, 770498, 703601}, {554176, 620484, 539963}, {586738, 707791, 841555}, {315612, 379297, 742696}}', 687634 );
INSERT INTO atracao ( dataFesta, cnpjParque, nome, poligono, numero )
	VALUES ( to_date ('2017-09-12', 'YYYY-MM-DD'), '33.877.049/2363-33', 'Pietra Silveira', '{{607987, 110787, 457093}, {417540, 726650, 697149}, {461511, 484218, 794262}, {130065, 509225, 483390}, {234710, 723661, 811316}, {154299, 436356, 448634}, {790483, 348161, 892170}, {663436, 719859, 686108}, {283228, 605121, 650279}, {541286, 331377, 818546}}', 648730 );
INSERT INTO atracao ( dataFesta, cnpjParque, nome, poligono, numero )
	VALUES ( to_date ('2003-06-12', 'YYYY-MM-DD'), '13.059.259/5773-14', 'Felipe Dias', '{{713269, 192320, 115274}, {845387, 578287, 379038}, {561199, 506550, 455440}, {306824, 352803, 417868}, {367825, 752552, 647618}, {259195, 653254, 499849}, {852567, 402647, 259812}, {561093, 450461, 467185}, {471918, 865548, 607576}, {549482, 542235, 842639}}', 548728 );
INSERT INTO atracao ( dataFesta, cnpjParque, nome, poligono, numero )
	VALUES ( to_date ('2014-08-26', 'YYYY-MM-DD'), '78.721.896/9395-42', 'Enzo Gabriel da Costa', '{{782105, 121907, 139544}, {749688, 694969, 594474}, {870963, 181474, 107622}, {741449, 821939, 349121}, {873177, 778032, 682203}, {121916, 748867, 273513}, {450238, 249761, 622881}, {694407, 650395, 303676}, {236421, 593704, 511563}, {182680, 620549, 419574}}', 415497 );
INSERT INTO atracao ( dataFesta, cnpjParque, nome, poligono, numero )
	VALUES ( to_date ('2017-08-22', 'YYYY-MM-DD'), '63.620.743/1462-56', 'Davi Lucas Rezende', '{{185834, 426931, 568393}, {246793, 709743, 487989}, {541769, 346863, 214052}, {183976, 154004, 534848}, {489276, 486671, 891363}, {285568, 577224, 784615}, {266857, 424243, 766441}, {557330, 205612, 874550}, {581837, 797952, 791412}, {102511, 106728, 626965}}', 371893 );
INSERT INTO atracao ( dataFesta, cnpjParque, nome, poligono, numero )
	VALUES ( to_date ('2008-02-15', 'YYYY-MM-DD'), '53.527.877/1004-54', 'Pedro Peixoto', '{{512115, 217163, 845848}, {610072, 660587, 858801}, {814820, 658488, 645747}, {804370, 409800, 751967}, {326744, 110877, 880812}, {731425, 281936, 103359}, {792631, 363583, 749282}, {135106, 164401, 726792}, {383727, 248276, 214847}, {208146, 569476, 441908}}', 315018 );
INSERT INTO atracao ( dataFesta, cnpjParque, nome, poligono, numero )
	VALUES ( to_date ('2001-02-22', 'YYYY-MM-DD'), '94.538.035/7334-89', 'Luiz Otávio Melo', '{{391000, 220994, 111174}, {248605, 181209, 161510}, {572072, 788501, 895713}, {822241, 214730, 527377}, {807171, 815173, 853814}, {413217, 115349, 148206}, {725988, 521602, 476220}, {671788, 833305, 105420}, {256134, 563600, 417062}, {726532, 861278, 457144}}', 343316 );
INSERT INTO atracao ( dataFesta, cnpjParque, nome, poligono, numero )
	VALUES ( to_date ('2006-10-10', 'YYYY-MM-DD'), '59.826.241/9274-32', 'Vitor Rodrigues', '{{893179, 875239, 286588}, {725256, 133737, 776861}, {168701, 367316, 750241}, {813359, 165950, 444257}, {727955, 764430, 258630}, {225525, 154270, 323173}, {616329, 645610, 287093}, {639079, 880584, 708061}, {758436, 486655, 280110}, {737143, 750009, 383698}}', 681012 );
INSERT INTO atracao ( dataFesta, cnpjParque, nome, poligono, numero )
	VALUES ( to_date ('2009-09-26', 'YYYY-MM-DD'), '53.527.877/1004-54', 'Dr. Cauã Oliveira', '{{770365, 325998, 739453}, {827415, 672065, 543683}, {144781, 157065, 609128}, {798681, 706171, 816733}, {748033, 694659, 646864}, {200685, 757717, 694715}, {740177, 541516, 339076}, {696870, 773973, 819617}, {626028, 528206, 607906}, {655455, 879443, 545101}}', 886782 );
INSERT INTO atracao ( dataFesta, cnpjParque, nome, poligono, numero )
	VALUES ( to_date ('2012-05-15', 'YYYY-MM-DD'), '33.877.049/2363-33', 'Maria Sophia Gomes', '{{400757, 192295, 313667}, {733317, 666799, 707335}, {573588, 120155, 288628}, {850958, 239615, 229346}, {863390, 543396, 432091}, {795218, 729287, 539627}, {483681, 545126, 221331}, {481041, 604277, 437839}, {677762, 640000, 765062}, {706822, 662592, 754512}}', 727954 );
INSERT INTO atracao ( dataFesta, cnpjParque, nome, poligono, numero )
	VALUES ( to_date ('2001-06-01', 'YYYY-MM-DD'), '37.347.569/6458-47', 'Marcelo Correia', '{{335444, 254250, 714406}, {441881, 542078, 167842}, {122335, 331273, 499630}, {216986, 340509, 583432}, {745263, 851544, 768464}, {498160, 217791, 394492}, {156853, 341590, 609586}, {344227, 749624, 215344}, {511507, 634166, 742141}, {865781, 140024, 327995}}', 134187 );
INSERT INTO atracao ( dataFesta, cnpjParque, nome, poligono, numero )
	VALUES ( to_date ('2008-04-06', 'YYYY-MM-DD'), '51.920.176/6657-28', 'Sr. Igor Aragão', '{{834310, 842509, 635343}, {496011, 861310, 148633}, {164644, 728408, 527179}, {130457, 517956, 355095}, {736376, 387956, 732776}, {573680, 783755, 314382}, {236273, 397568, 328851}, {611967, 806030, 579817}, {451523, 830287, 740892}, {131800, 540320, 518060}}', 482458 );
INSERT INTO atracao ( dataFesta, cnpjParque, nome, poligono, numero )
	VALUES ( to_date ('2003-11-26', 'YYYY-MM-DD'), '75.783.195/0716-32', 'Manuela Dias', '{{136940, 387967, 109310}, {565440, 489350, 184297}, {265771, 462584, 359709}, {256776, 151491, 228656}, {675275, 456055, 698971}, {521728, 414626, 542312}, {574521, 839849, 877565}, {191875, 827322, 852101}, {748525, 820269, 789488}, {826621, 114204, 537062}}', 555155 );
INSERT INTO atracao ( dataFesta, cnpjParque, nome, poligono, numero )
	VALUES ( to_date ('2011-06-06', 'YYYY-MM-DD'), '53.527.877/1004-54', 'Olivia Ferreira', '{{100522, 648413, 651907}, {118445, 666758, 724865}, {777857, 129795, 427399}, {593219, 686245, 177978}, {303024, 305745, 784637}, {506480, 789792, 449963}, {293471, 313030, 704542}, {104287, 350269, 423454}, {631892, 514551, 305691}, {262899, 530993, 293947}}', 760432 );
INSERT INTO atracao ( dataFesta, cnpjParque, nome, poligono, numero )
	VALUES ( to_date ('2013-01-26', 'YYYY-MM-DD'), '59.826.241/9274-32', 'Bryan Lopes', '{{408410, 572137, 427067}, {686777, 792649, 218947}, {333326, 701876, 465869}, {118498, 346968, 768853}, {830612, 421480, 699396}, {343803, 528709, 395393}, {207870, 545551, 249228}, {744877, 661037, 117472}, {623797, 435728, 126508}, {164263, 228797, 191224}}', 680547 );
INSERT INTO atracao ( dataFesta, cnpjParque, nome, poligono, numero )
	VALUES ( to_date ('2006-10-25', 'YYYY-MM-DD'), '55.760.801/2232-18', 'Raul Monteiro', '{{800284, 274203, 691156}, {318306, 112927, 826572}, {266169, 719996, 394852}, {850324, 820004, 349302}, {624303, 480969, 305805}, {287564, 835326, 306412}, {374476, 293825, 732176}, {791875, 566185, 167829}, {784125, 337006, 402747}, {371307, 553553, 148176}}', 296975 );
INSERT INTO atracao ( dataFesta, cnpjParque, nome, poligono, numero )
	VALUES ( to_date ('2008-04-16', 'YYYY-MM-DD'), '88.886.817/8195-56', 'Pedro Miguel Ramos', '{{425607, 852188, 259995}, {723647, 491212, 518601}, {494099, 798158, 677855}, {483420, 387925, 215387}, {324050, 825896, 699867}, {447081, 354690, 332479}, {760893, 394770, 118345}, {380988, 385342, 420780}, {487607, 345671, 103454}, {514628, 194761, 391634}}', 301356 );
INSERT INTO atracao ( dataFesta, cnpjParque, nome, poligono, numero )
	VALUES ( to_date ('2017-08-22', 'YYYY-MM-DD'), '63.620.743/1462-56', 'Milena Pires', '{{533005, 633086, 300081}, {472193, 795964, 597284}, {776019, 167832, 586794}, {253132, 379971, 827682}, {654000, 725006, 728526}, {771645, 716112, 730736}, {259829, 248345, 691819}, {562854, 356956, 741973}, {140243, 759923, 142486}, {872386, 738108, 769724}}', 753201 );
INSERT INTO atracao ( dataFesta, cnpjParque, nome, poligono, numero )
	VALUES ( to_date ('2017-09-12', 'YYYY-MM-DD'), '33.877.049/2363-33', 'Mirella Nunes', '{{875630, 767354, 384446}, {323096, 607106, 694167}, {850801, 486967, 451096}, {822816, 523273, 522268}, {886921, 267704, 195938}, {687242, 664621, 243469}, {617981, 468723, 666494}, {885663, 741150, 706498}, {287323, 375442, 623499}, {684179, 400605, 627319}}', 378337 );
INSERT INTO atracao ( dataFesta, cnpjParque, nome, poligono, numero )
	VALUES ( to_date ('2015-05-16', 'YYYY-MM-DD'), '78.176.667/1123-29', 'Pietra Barbosa', '{{683911, 548716, 305240}, {836429, 704278, 521485}, {721372, 143519, 252105}, {837034, 837113, 279445}, {812065, 479237, 255101}, {405689, 858399, 156226}, {623405, 121220, 130532}, {785358, 362368, 264807}, {529144, 303472, 438068}, {498717, 644574, 606390}}', 107478 );
INSERT INTO atracao ( dataFesta, cnpjParque, nome, poligono, numero )
	VALUES ( to_date ('2015-10-19', 'YYYY-MM-DD'), '22.216.462/9886-56', 'Dr. Luiz Fernando Duarte', '{{486436, 624287, 292696}, {305987, 577494, 323716}, {279716, 104553, 267719}, {789373, 705519, 268863}, {752012, 179729, 349359}, {638977, 681485, 277336}, {185910, 696253, 587492}, {622904, 769151, 682420}, {240132, 237401, 210598}, {298327, 120233, 815356}}', 785954 );
INSERT INTO atracao ( dataFesta, cnpjParque, nome, poligono, numero )
	VALUES ( to_date ('2006-01-26', 'YYYY-MM-DD'), '67.165.101/4578-85', 'Julia Nascimento', '{{287305, 188209, 350185}, {267437, 308809, 135809}, {282308, 876143, 864176}, {653864, 306480, 873466}, {703651, 213424, 446898}, {133240, 254981, 792170}, {243345, 123522, 197833}, {842621, 758598, 280048}, {239682, 536256, 488543}, {612533, 720972, 880710}}', 606887 );
INSERT INTO atracao ( dataFesta, cnpjParque, nome, poligono, numero )
	VALUES ( to_date ('2017-08-22', 'YYYY-MM-DD'), '63.620.743/1462-56', 'Rebeca Sales', '{{141305, 850116, 371965}, {607684, 700972, 397047}, {598893, 361672, 794733}, {759949, 467856, 677482}, {217889, 624010, 651908}, {828827, 338071, 492379}, {302085, 663336, 651513}, {600964, 781345, 145518}, {857804, 406138, 409885}, {730947, 465541, 527101}}', 875709 );
INSERT INTO atracao ( dataFesta, cnpjParque, nome, poligono, numero )
	VALUES ( to_date ('2013-10-02', 'YYYY-MM-DD'), '51.920.176/6657-28', 'Gabriela Duarte', '{{184001, 118559, 803229}, {711425, 223310, 789370}, {199029, 177820, 186990}, {455588, 315539, 219512}, {262602, 709920, 669505}, {786517, 848016, 772649}, {534014, 202031, 189056}, {713516, 385674, 481139}, {527149, 733816, 850734}, {848330, 739265, 496956}}', 418378 );
INSERT INTO atracao ( dataFesta, cnpjParque, nome, poligono, numero )
	VALUES ( to_date ('2009-04-04', 'YYYY-MM-DD'), '00.100.368/4290-66', 'João Gabriel Fogaça', '{{163421, 498919, 636325}, {710965, 775052, 397687}, {307877, 492886, 291659}, {731812, 690507, 343033}, {632227, 891527, 273416}, {558599, 162393, 331595}, {672338, 221750, 721411}, {336977, 124237, 605682}, {134090, 710742, 235044}, {852887, 301247, 437646}}', 437910 );
INSERT INTO atracao ( dataFesta, cnpjParque, nome, poligono, numero )
	VALUES ( to_date ('2003-04-19', 'YYYY-MM-DD'), '17.056.133/3194-94', 'Vitória Ferreira', '{{384830, 854805, 430552}, {134025, 813565, 869359}, {118029, 817547, 593643}, {872658, 144330, 530105}, {177185, 159752, 682292}, {726947, 750481, 886110}, {133506, 714852, 697489}, {580704, 299407, 720049}, {694214, 538144, 200868}, {721751, 606505, 761057}}', 306283 );
INSERT INTO atracao ( dataFesta, cnpjParque, nome, poligono, numero )
	VALUES ( to_date ('2008-04-16', 'YYYY-MM-DD'), '88.886.817/8195-56', 'Lavínia Lima', '{{255576, 563658, 720220}, {195505, 262170, 296427}, {536638, 299716, 875728}, {634761, 327595, 292331}, {833861, 757339, 748347}, {230812, 319385, 263546}, {328053, 496396, 871696}, {597394, 634378, 173376}, {517984, 278480, 181089}, {465110, 866340, 856844}}', 630603 );
INSERT INTO atracao ( dataFesta, cnpjParque, nome, poligono, numero )
	VALUES ( to_date ('2003-05-11', 'YYYY-MM-DD'), '80.791.658/2644-47', 'Kamilly Pereira', '{{337096, 375515, 389599}, {134761, 125749, 352182}, {343984, 100800, 544663}, {310221, 781259, 279002}, {221281, 759889, 412528}, {378296, 301021, 155781}, {772960, 788506, 779017}, {470770, 523516, 315379}, {837869, 859830, 653125}, {109983, 525584, 891508}}', 699692 );
INSERT INTO atracao ( dataFesta, cnpjParque, nome, poligono, numero )
	VALUES ( to_date ('2006-10-30', 'YYYY-MM-DD'), '01.230.528/6088-10', 'Emanuella Araújo', '{{251835, 281628, 817279}, {418794, 861026, 209654}, {648720, 564806, 540448}, {413522, 702906, 746036}, {148967, 892207, 136883}, {260347, 269492, 320338}, {360798, 411282, 856546}, {331564, 292573, 541435}, {321119, 739653, 495499}, {815524, 458128, 764430}}', 461432 );
INSERT INTO atracao ( dataFesta, cnpjParque, nome, poligono, numero )
	VALUES ( to_date ('2012-01-21', 'YYYY-MM-DD'), '00.276.961/9065-26', 'Danilo da Luz', '{{178606, 313726, 274447}, {142724, 877323, 213939}, {693342, 151477, 643712}, {653239, 225426, 328097}, {173490, 734319, 840970}, {184972, 465013, 796477}, {585861, 347625, 338480}, {875607, 330224, 294767}, {853347, 785601, 886911}, {888561, 267875, 486527}}', 337470 );
INSERT INTO atracao ( dataFesta, cnpjParque, nome, poligono, numero )
	VALUES ( to_date ('2007-11-28', 'YYYY-MM-DD'), '19.228.951/1483-58', 'Emilly Lopes', '{{143886, 136150, 769584}, {198027, 608049, 156551}, {471277, 767210, 688438}, {658546, 753151, 199553}, {545987, 750126, 251883}, {891488, 632591, 756308}, {596177, 417690, 480475}, {687367, 736869, 466305}, {453389, 702528, 270795}, {512111, 622409, 425289}}', 355060 );
INSERT INTO atracao ( dataFesta, cnpjParque, nome, poligono, numero )
	VALUES ( to_date ('2010-03-14', 'YYYY-MM-DD'), '73.257.555/4258-42', 'Natália Pinto', '{{324487, 369751, 723932}, {556042, 498254, 795576}, {218262, 731503, 159836}, {698526, 200098, 538070}, {678220, 861948, 576210}, {729124, 800873, 442291}, {753304, 812791, 153672}, {198973, 339451, 316412}, {480280, 771162, 879293}, {391517, 209343, 675690}}', 746557 );
INSERT INTO atracao ( dataFesta, cnpjParque, nome, poligono, numero )
	VALUES ( to_date ('2006-03-13', 'YYYY-MM-DD'), '19.228.951/1483-58', 'Luiz Miguel FariasFernandes', '{{662930, 602901, 467010}, {862745, 850879, 312124}, {771531, 542929, 893627}, {171181, 550224, 386146}, {402243, 577830, 520722}, {793585, 798355, 646460}, {589761, 857009, 134770}, {726162, 565962, 314450}, {469155, 264099, 298163}, {291351, 635404, 266216}}', 258023 );
INSERT INTO atracao ( dataFesta, cnpjParque, nome, poligono, numero )
	VALUES ( to_date ('2012-10-15', 'YYYY-MM-DD'), '80.268.213/2876-00', 'Luna Ramos', '{{109460, 158315, 597228}, {526670, 260885, 284831}, {307928, 673478, 204035}, {849715, 342596, 296555}, {557495, 667122, 821489}, {506212, 251711, 725718}, {700566, 766887, 775641}, {431508, 134337, 173824}, {521328, 414991, 753703}, {540740, 661133, 284126}}', 433635 );
INSERT INTO atracao ( dataFesta, cnpjParque, nome, poligono, numero )
	VALUES ( to_date ('2003-06-12', 'YYYY-MM-DD'), '13.059.259/5773-14', 'João Lucas Castro', '{{187757, 792892, 280682}, {454261, 480909, 376648}, {608589, 118941, 890655}, {635879, 820646, 545280}, {265721, 375279, 681805}, {485442, 683669, 447088}, {377807, 887081, 790989}, {626238, 538438, 223299}, {333747, 575200, 711141}, {663715, 454716, 414063}}', 374684 );
INSERT INTO atracao ( dataFesta, cnpjParque, nome, poligono, numero )
	VALUES ( to_date ('2001-03-28', 'YYYY-MM-DD'), '11.788.751/9528-38', 'Clara Duarte', '{{379673, 487289, 321532}, {203713, 734641, 364235}, {433505, 100084, 780914}, {178550, 599394, 402807}, {526265, 108363, 782807}, {432213, 106587, 491907}, {476786, 158024, 747155}, {882975, 360334, 815385}, {680810, 411647, 728211}, {160247, 765734, 269381}}', 722289 );
INSERT INTO atracao ( dataFesta, cnpjParque, nome, poligono, numero )
	VALUES ( to_date ('2010-05-20', 'YYYY-MM-DD'), '13.059.259/5773-14', 'Dra. Mirella Cardoso,', '{{418638, 551585, 370933}, {725796, 809225, 161239}, {878251, 532695, 681919}, {360527, 154508, 120218}, {645243, 160416, 616462}, {104392, 308259, 620929}, {712495, 788910, 286185}, {672338, 325990, 110346}, {393026, 686665, 473822}, {260120, 762283, 706712}}', 469270 );
INSERT INTO atracao ( dataFesta, cnpjParque, nome, poligono, numero )
	VALUES ( to_date ('2002-08-16', 'YYYY-MM-DD'), '17.334.319/3906-73', 'Pietra da Mata', '{{627313, 404128, 435945}, {442451, 175038, 844284}, {577711, 175536, 874982}, {252674, 417587, 637689}, {381224, 237618, 695966}, {652572, 863519, 853685}, {558060, 564648, 623454}, {618220, 244732, 834191}, {307653, 203003, 638653}, {871187, 637290, 799805}}', 399380 );

/* TABLE opParque */
INSERT INTO opParque ( cpfOpCamera, dataInicioParque, cpfAssistente, cnpjParque, idCameraSecundaria, data )
	VALUES ( '540.402.206-05', to_date ('2001-01-27', 'YYYY-MM-DD'), '098.964.468-71', '59.826.241/9274-32', 92, to_date ('2007-07-26', 'YYYY-MM-DD') );
INSERT INTO opParque ( cpfOpCamera, dataInicioParque, cpfAssistente, cnpjParque, idCameraSecundaria, data )
	VALUES ( '672.918.060-28', to_date ('2009-06-25', 'YYYY-MM-DD'), '209.762.167-79', '00.976.838/6794-33', 96, to_date ('2000-03-08', 'YYYY-MM-DD') );
INSERT INTO opParque ( cpfOpCamera, dataInicioParque, cpfAssistente, cnpjParque, idCameraSecundaria, data )
	VALUES ( '278.383.268-45', to_date ('2009-04-04', 'YYYY-MM-DD'), '536.492.252-81', '00.100.368/4290-66', 68, to_date ('2007-05-25', 'YYYY-MM-DD') );
INSERT INTO opParque ( cpfOpCamera, dataInicioParque, cpfAssistente, cnpjParque, idCameraSecundaria, data )
	VALUES ( '031.844.616-48', to_date ('2015-05-16', 'YYYY-MM-DD'), '166.760.321-68', '78.176.667/1123-29', 50, to_date ('2002-10-03', 'YYYY-MM-DD') );
INSERT INTO opParque ( cpfOpCamera, dataInicioParque, cpfAssistente, cnpjParque, idCameraSecundaria, data )
	VALUES ( '997.032.797-40', to_date ('2014-01-06', 'YYYY-MM-DD'), '824.324.617-66', '26.123.942/0507-77', 31, to_date ('2012-03-20', 'YYYY-MM-DD') );
INSERT INTO opParque ( cpfOpCamera, dataInicioParque, cpfAssistente, cnpjParque, idCameraSecundaria, data )
	VALUES ( '922.807.168-08', to_date ('2008-04-20', 'YYYY-MM-DD'), '025.100.117-88', '06.887.851/5483-98', 73, to_date ('2004-02-24', 'YYYY-MM-DD') );
INSERT INTO opParque ( cpfOpCamera, dataInicioParque, cpfAssistente, cnpjParque, idCameraSecundaria, data )
	VALUES ( '196.343.326-57', to_date ('2012-08-22', 'YYYY-MM-DD'), '651.452.975-76', '06.887.851/5483-98', 27, to_date ('2001-11-05', 'YYYY-MM-DD') );
INSERT INTO opParque ( cpfOpCamera, dataInicioParque, cpfAssistente, cnpjParque, idCameraSecundaria, data )
	VALUES ( '172.118.745-96', to_date ('2012-05-03', 'YYYY-MM-DD'), '241.702.807-60', '04.311.437/2024-71', 82, to_date ('2002-05-26', 'YYYY-MM-DD') );
INSERT INTO opParque ( cpfOpCamera, dataInicioParque, cpfAssistente, cnpjParque, idCameraSecundaria, data )
	VALUES ( '997.032.797-40', to_date ('2015-07-05', 'YYYY-MM-DD'), '277.950.069-37', '21.095.547/5452-13', 61, to_date ('2012-03-20', 'YYYY-MM-DD') );
INSERT INTO opParque ( cpfOpCamera, dataInicioParque, cpfAssistente, cnpjParque, idCameraSecundaria, data )
	VALUES ( '984.319.590-75', to_date ('2008-02-15', 'YYYY-MM-DD'), '968.480.094-00', '53.527.877/1004-54', 37, to_date ('2002-04-22', 'YYYY-MM-DD') );
INSERT INTO opParque ( cpfOpCamera, dataInicioParque, cpfAssistente, cnpjParque, idCameraSecundaria, data )
	VALUES ( '278.383.268-45', to_date ('2003-03-26', 'YYYY-MM-DD'), '504.159.221-62', '88.766.925/3716-63', 9, to_date ('2009-11-02', 'YYYY-MM-DD') );
INSERT INTO opParque ( cpfOpCamera, dataInicioParque, cpfAssistente, cnpjParque, idCameraSecundaria, data )
	VALUES ( '985.878.089-45', to_date ('2009-01-23', 'YYYY-MM-DD'), '346.675.103-29', '00.082.473/9285-21', 76, to_date ('2005-01-23', 'YYYY-MM-DD') );
INSERT INTO opParque ( cpfOpCamera, dataInicioParque, cpfAssistente, cnpjParque, idCameraSecundaria, data )
	VALUES ( '655.867.366-17', to_date ('2012-08-19', 'YYYY-MM-DD'), '480.422.370-88', '01.230.528/6088-10', 49, to_date ('2011-04-12', 'YYYY-MM-DD') );
INSERT INTO opParque ( cpfOpCamera, dataInicioParque, cpfAssistente, cnpjParque, idCameraSecundaria, data )
	VALUES ( '338.698.478-71', to_date ('2011-02-10', 'YYYY-MM-DD'), '540.402.206-05', '00.276.961/9065-26', 38, to_date ('2003-11-16', 'YYYY-MM-DD') );
INSERT INTO opParque ( cpfOpCamera, dataInicioParque, cpfAssistente, cnpjParque, idCameraSecundaria, data )
	VALUES ( '819.930.030-83', to_date ('2004-02-24', 'YYYY-MM-DD'), '754.444.997-34', '48.965.946/7260-28', 97, to_date ('2004-01-29', 'YYYY-MM-DD') );
INSERT INTO opParque ( cpfOpCamera, dataInicioParque, cpfAssistente, cnpjParque, idCameraSecundaria, data )
	VALUES ( '651.552.626-75', to_date ('2004-02-24', 'YYYY-MM-DD'), '065.091.423-26', '48.965.946/7260-28', 70, to_date ('2015-03-13', 'YYYY-MM-DD') );
INSERT INTO opParque ( cpfOpCamera, dataInicioParque, cpfAssistente, cnpjParque, idCameraSecundaria, data )
	VALUES ( '655.867.366-17', to_date ('2012-08-19', 'YYYY-MM-DD'), '215.129.040-40', '01.230.528/6088-10', 99, to_date ('2005-04-11', 'YYYY-MM-DD') );
INSERT INTO opParque ( cpfOpCamera, dataInicioParque, cpfAssistente, cnpjParque, idCameraSecundaria, data )
	VALUES ( '985.878.089-45', to_date ('2010-09-07', 'YYYY-MM-DD'), '672.918.060-28', '12.002.044/0099-26', 60, to_date ('2007-01-29', 'YYYY-MM-DD') );
INSERT INTO opParque ( cpfOpCamera, dataInicioParque, cpfAssistente, cnpjParque, idCameraSecundaria, data )
	VALUES ( '960.825.711-15', to_date ('2006-05-27', 'YYYY-MM-DD'), '954.318.834-65', '08.475.645/4023-66', 75, to_date ('2007-03-12', 'YYYY-MM-DD') );
INSERT INTO opParque ( cpfOpCamera, dataInicioParque, cpfAssistente, cnpjParque, idCameraSecundaria, data )
	VALUES ( '338.698.478-71', to_date ('2015-07-05', 'YYYY-MM-DD'), '320.599.949-22', '21.095.547/5452-13', 52, to_date ('2007-09-16', 'YYYY-MM-DD') );
INSERT INTO opParque ( cpfOpCamera, dataInicioParque, cpfAssistente, cnpjParque, idCameraSecundaria, data )
	VALUES ( '960.825.711-15', to_date ('2004-02-24', 'YYYY-MM-DD'), '098.964.468-71', '48.965.946/7260-28', 40, to_date ('2018-10-14', 'YYYY-MM-DD') );
INSERT INTO opParque ( cpfOpCamera, dataInicioParque, cpfAssistente, cnpjParque, idCameraSecundaria, data )
	VALUES ( '172.118.745-96', to_date ('2006-10-10', 'YYYY-MM-DD'), '027.162.848-44', '59.826.241/9274-32', 46, to_date ('2002-05-26', 'YYYY-MM-DD') );
INSERT INTO opParque ( cpfOpCamera, dataInicioParque, cpfAssistente, cnpjParque, idCameraSecundaria, data )
	VALUES ( '003.792.611-73', to_date ('2001-06-01', 'YYYY-MM-DD'), '922.807.168-08', '37.347.569/6458-47', 1, to_date ('2008-03-10', 'YYYY-MM-DD') );
INSERT INTO opParque ( cpfOpCamera, dataInicioParque, cpfAssistente, cnpjParque, idCameraSecundaria, data )
	VALUES ( '659.897.784-44', to_date ('2011-05-29', 'YYYY-MM-DD'), '927.536.589-40', '91.676.137/0246-49', 62, to_date ('2004-05-11', 'YYYY-MM-DD') );
INSERT INTO opParque ( cpfOpCamera, dataInicioParque, cpfAssistente, cnpjParque, idCameraSecundaria, data )
	VALUES ( '338.698.478-71', to_date ('2001-06-01', 'YYYY-MM-DD'), '208.590.843-38', '37.347.569/6458-47', 87, to_date ('2001-02-20', 'YYYY-MM-DD') );
INSERT INTO opParque ( cpfOpCamera, dataInicioParque, cpfAssistente, cnpjParque, idCameraSecundaria, data )
	VALUES ( '065.091.423-26', to_date ('2012-10-15', 'YYYY-MM-DD'), '410.819.426-83', '80.268.213/2876-00', 54, to_date ('2004-02-25', 'YYYY-MM-DD') );
INSERT INTO opParque ( cpfOpCamera, dataInicioParque, cpfAssistente, cnpjParque, idCameraSecundaria, data )
	VALUES ( '085.726.128-13', to_date ('2012-08-22', 'YYYY-MM-DD'), '027.162.848-44', '06.887.851/5483-98', 58, to_date ('2013-02-19', 'YYYY-MM-DD') );
INSERT INTO opParque ( cpfOpCamera, dataInicioParque, cpfAssistente, cnpjParque, idCameraSecundaria, data )
	VALUES ( '276.865.875-31', to_date ('2005-07-17', 'YYYY-MM-DD'), '196.343.326-57', '04.669.092/6912-76', 16, to_date ('2005-06-26', 'YYYY-MM-DD') );
INSERT INTO opParque ( cpfOpCamera, dataInicioParque, cpfAssistente, cnpjParque, idCameraSecundaria, data )
	VALUES ( '505.705.748-21', to_date ('2018-04-13', 'YYYY-MM-DD'), '997.032.797-40', '22.216.462/9886-56', 18, to_date ('2015-03-09', 'YYYY-MM-DD') );
INSERT INTO opParque ( cpfOpCamera, dataInicioParque, cpfAssistente, cnpjParque, idCameraSecundaria, data )
	VALUES ( '960.825.711-15', to_date ('2011-07-20', 'YYYY-MM-DD'), '550.231.571-28', '88.886.817/8195-56', 36, to_date ('2007-03-12', 'YYYY-MM-DD') );
INSERT INTO opParque ( cpfOpCamera, dataInicioParque, cpfAssistente, cnpjParque, idCameraSecundaria, data )
	VALUES ( '765.500.392-58', to_date ('2006-10-25', 'YYYY-MM-DD'), '196.969.889-38', '98.648.805/9370-65', 63, to_date ('2004-04-28', 'YYYY-MM-DD') );
INSERT INTO opParque ( cpfOpCamera, dataInicioParque, cpfAssistente, cnpjParque, idCameraSecundaria, data )
	VALUES ( '182.633.304-81', to_date ('2012-04-21', 'YYYY-MM-DD'), '725.795.391-06', '59.489.988/6161-06', 45, to_date ('2008-11-24', 'YYYY-MM-DD') );
INSERT INTO opParque ( cpfOpCamera, dataInicioParque, cpfAssistente, cnpjParque, idCameraSecundaria, data )
	VALUES ( '027.162.848-44', to_date ('2002-08-16', 'YYYY-MM-DD'), '659.897.784-44', '17.334.319/3906-73', 15, to_date ('2005-10-21', 'YYYY-MM-DD') );
INSERT INTO opParque ( cpfOpCamera, dataInicioParque, cpfAssistente, cnpjParque, idCameraSecundaria, data )
	VALUES ( '505.705.748-21', to_date ('2002-08-26', 'YYYY-MM-DD'), '985.878.089-45', '55.760.801/2232-18', 5, to_date ('2015-03-09', 'YYYY-MM-DD') );
INSERT INTO opParque ( cpfOpCamera, dataInicioParque, cpfAssistente, cnpjParque, idCameraSecundaria, data )
	VALUES ( '155.423.903-20', to_date ('2007-04-24', 'YYYY-MM-DD'), '649.110.168-22', '12.002.044/0099-26', 30, to_date ('2014-04-05', 'YYYY-MM-DD') );
INSERT INTO opParque ( cpfOpCamera, dataInicioParque, cpfAssistente, cnpjParque, idCameraSecundaria, data )
	VALUES ( '927.536.589-40', to_date ('2018-09-09', 'YYYY-MM-DD'), '927.536.589-40', '33.734.905/4332-01', 13, to_date ('2011-03-20', 'YYYY-MM-DD') );
INSERT INTO opParque ( cpfOpCamera, dataInicioParque, cpfAssistente, cnpjParque, idCameraSecundaria, data )
	VALUES ( '655.867.366-17', to_date ('2006-10-25', 'YYYY-MM-DD'), '196.343.326-57', '98.648.805/9370-65', 56, to_date ('2011-04-12', 'YYYY-MM-DD') );
INSERT INTO opParque ( cpfOpCamera, dataInicioParque, cpfAssistente, cnpjParque, idCameraSecundaria, data )
	VALUES ( '741.840.210-99', to_date ('2015-07-15', 'YYYY-MM-DD'), '478.613.044-80', '33.877.049/2363-33', 69, to_date ('2012-10-19', 'YYYY-MM-DD') );
INSERT INTO opParque ( cpfOpCamera, dataInicioParque, cpfAssistente, cnpjParque, idCameraSecundaria, data )
	VALUES ( '927.536.589-40', to_date ('2012-05-15', 'YYYY-MM-DD'), '276.865.875-31', '33.877.049/2363-33', 81, to_date ('2005-09-29', 'YYYY-MM-DD') );
INSERT INTO opParque ( cpfOpCamera, dataInicioParque, cpfAssistente, cnpjParque, idCameraSecundaria, data )
	VALUES ( '085.726.128-13', to_date ('2006-03-13', 'YYYY-MM-DD'), '043.955.036-98', '19.228.951/1483-58', 83, to_date ('2003-09-07', 'YYYY-MM-DD') );
INSERT INTO opParque ( cpfOpCamera, dataInicioParque, cpfAssistente, cnpjParque, idCameraSecundaria, data )
	VALUES ( '031.844.616-48', to_date ('2006-07-02', 'YYYY-MM-DD'), '689.353.993-29', '53.641.871/3612-76', 84, to_date ('2004-03-09', 'YYYY-MM-DD') );
INSERT INTO opParque ( cpfOpCamera, dataInicioParque, cpfAssistente, cnpjParque, idCameraSecundaria, data )
	VALUES ( '241.702.807-60', to_date ('2007-04-24', 'YYYY-MM-DD'), '320.599.949-22', '12.002.044/0099-26', 38, to_date ('2015-07-17', 'YYYY-MM-DD') );
INSERT INTO opParque ( cpfOpCamera, dataInicioParque, cpfAssistente, cnpjParque, idCameraSecundaria, data )
	VALUES ( '196.343.326-57', to_date ('2008-02-15', 'YYYY-MM-DD'), '541.729.094-74', '53.527.877/1004-54', 55, to_date ('2001-11-05', 'YYYY-MM-DD') );
INSERT INTO opParque ( cpfOpCamera, dataInicioParque, cpfAssistente, cnpjParque, idCameraSecundaria, data )
	VALUES ( '689.353.993-29', to_date ('2018-04-13', 'YYYY-MM-DD'), '278.383.268-45', '22.216.462/9886-56', 67, to_date ('2014-04-21', 'YYYY-MM-DD') );
INSERT INTO opParque ( cpfOpCamera, dataInicioParque, cpfAssistente, cnpjParque, idCameraSecundaria, data )
	VALUES ( '241.702.807-60', to_date ('2006-10-30', 'YYYY-MM-DD'), '741.840.210-99', '01.230.528/6088-10', 14, to_date ('2015-07-17', 'YYYY-MM-DD') );
INSERT INTO opParque ( cpfOpCamera, dataInicioParque, cpfAssistente, cnpjParque, idCameraSecundaria, data )
	VALUES ( '819.930.030-83', to_date ('2017-10-23', 'YYYY-MM-DD'), '276.865.875-31', '53.527.877/1004-54', 12, to_date ('2008-07-03', 'YYYY-MM-DD') );
INSERT INTO opParque ( cpfOpCamera, dataInicioParque, cpfAssistente, cnpjParque, idCameraSecundaria, data )
	VALUES ( '984.319.590-75', to_date ('2003-05-11', 'YYYY-MM-DD'), '954.318.834-65', '80.791.658/2644-47', 29, to_date ('2003-09-13', 'YYYY-MM-DD') );
INSERT INTO opParque ( cpfOpCamera, dataInicioParque, cpfAssistente, cnpjParque, idCameraSecundaria, data )
	VALUES ( '997.032.797-40', to_date ('2003-07-04', 'YYYY-MM-DD'), '504.159.221-62', '70.152.633/5174-20', 25, to_date ('2017-07-02', 'YYYY-MM-DD') );
INSERT INTO opParque ( cpfOpCamera, dataInicioParque, cpfAssistente, cnpjParque, idCameraSecundaria, data )
	VALUES ( '276.865.875-31', to_date ('2012-08-19', 'YYYY-MM-DD'), '768.760.635-32', '01.230.528/6088-10', 48, to_date ('2005-06-26', 'YYYY-MM-DD') );
INSERT INTO opParque ( cpfOpCamera, dataInicioParque, cpfAssistente, cnpjParque, idCameraSecundaria, data )
	VALUES ( '659.897.784-44', to_date ('2001-03-28', 'YYYY-MM-DD'), '092.751.926-73', '11.788.751/9528-38', 88, to_date ('2008-02-15', 'YYYY-MM-DD') );
INSERT INTO opParque ( cpfOpCamera, dataInicioParque, cpfAssistente, cnpjParque, idCameraSecundaria, data )
	VALUES ( '765.500.392-58', to_date ('2015-09-19', 'YYYY-MM-DD'), '172.118.745-96', '50.829.360/8653-92', 67, to_date ('2004-04-28', 'YYYY-MM-DD') );
INSERT INTO opParque ( cpfOpCamera, dataInicioParque, cpfAssistente, cnpjParque, idCameraSecundaria, data )
	VALUES ( '536.492.252-81', to_date ('2015-08-16', 'YYYY-MM-DD'), '508.596.215-26', '88.522.783/1295-88', 83, to_date ('2003-05-15', 'YYYY-MM-DD') );
INSERT INTO opParque ( cpfOpCamera, dataInicioParque, cpfAssistente, cnpjParque, idCameraSecundaria, data )
	VALUES ( '960.825.711-15', to_date ('2008-04-16', 'YYYY-MM-DD'), '338.698.478-71', '88.886.817/8195-56', 98, to_date ('2018-10-14', 'YYYY-MM-DD') );
INSERT INTO opParque ( cpfOpCamera, dataInicioParque, cpfAssistente, cnpjParque, idCameraSecundaria, data )
	VALUES ( '540.402.206-05', to_date ('2015-03-19', 'YYYY-MM-DD'), '985.878.089-45', '22.216.462/9886-56', 42, to_date ('2007-07-26', 'YYYY-MM-DD') );
INSERT INTO opParque ( cpfOpCamera, dataInicioParque, cpfAssistente, cnpjParque, idCameraSecundaria, data )
	VALUES ( '346.675.103-29', to_date ('2018-08-02', 'YYYY-MM-DD'), '651.552.626-75', '68.218.168/1057-70', 17, to_date ('2006-09-01', 'YYYY-MM-DD') );
INSERT INTO opParque ( cpfOpCamera, dataInicioParque, cpfAssistente, cnpjParque, idCameraSecundaria, data )
	VALUES ( '793.834.340-50', to_date ('2007-11-28', 'YYYY-MM-DD'), '921.950.940-86', '19.228.951/1483-58', 34, to_date ('2009-05-10', 'YYYY-MM-DD') );
INSERT INTO opParque ( cpfOpCamera, dataInicioParque, cpfAssistente, cnpjParque, idCameraSecundaria, data )
	VALUES ( '973.785.332-66', to_date ('2012-05-03', 'YYYY-MM-DD'), '621.858.118-96', '04.311.437/2024-71', 89, to_date ('2017-11-24', 'YYYY-MM-DD') );
INSERT INTO opParque ( cpfOpCamera, dataInicioParque, cpfAssistente, cnpjParque, idCameraSecundaria, data )
	VALUES ( '182.633.304-81', to_date ('2017-07-01', 'YYYY-MM-DD'), '757.459.668-54', '96.145.598/4868-32', 2, to_date ('2008-01-29', 'YYYY-MM-DD') );
INSERT INTO opParque ( cpfOpCamera, dataInicioParque, cpfAssistente, cnpjParque, idCameraSecundaria, data )
	VALUES ( '954.508.078-37', to_date ('2004-01-04', 'YYYY-MM-DD'), '960.825.711-15', '21.294.553/5588-89', 60, to_date ('2003-05-13', 'YYYY-MM-DD') );
INSERT INTO opParque ( cpfOpCamera, dataInicioParque, cpfAssistente, cnpjParque, idCameraSecundaria, data )
	VALUES ( '085.726.128-13', to_date ('2001-02-22', 'YYYY-MM-DD'), '306.570.839-92', '94.538.035/7334-89', 7, to_date ('2013-02-19', 'YYYY-MM-DD') );
INSERT INTO opParque ( cpfOpCamera, dataInicioParque, cpfAssistente, cnpjParque, idCameraSecundaria, data )
	VALUES ( '027.162.848-44', to_date ('2018-03-04', 'YYYY-MM-DD'), '169.338.392-47', '98.853.014/7988-94', 3, to_date ('2005-10-21', 'YYYY-MM-DD') );
INSERT INTO opParque ( cpfOpCamera, dataInicioParque, cpfAssistente, cnpjParque, idCameraSecundaria, data )
	VALUES ( '550.231.571-28', to_date ('2012-04-21', 'YYYY-MM-DD'), '182.633.304-81', '59.489.988/6161-06', 57, to_date ('2011-09-03', 'YYYY-MM-DD') );
INSERT INTO opParque ( cpfOpCamera, dataInicioParque, cpfAssistente, cnpjParque, idCameraSecundaria, data )
	VALUES ( '182.633.304-81', to_date ('2011-03-09', 'YYYY-MM-DD'), '643.511.851-32', '91.474.652/6301-87', 93, to_date ('2008-01-29', 'YYYY-MM-DD') );
INSERT INTO opParque ( cpfOpCamera, dataInicioParque, cpfAssistente, cnpjParque, idCameraSecundaria, data )
	VALUES ( '541.649.682-95', to_date ('2016-01-22', 'YYYY-MM-DD'), '025.100.117-88', '88.766.925/3716-63', 96, to_date ('2005-09-20', 'YYYY-MM-DD') );
INSERT INTO opParque ( cpfOpCamera, dataInicioParque, cpfAssistente, cnpjParque, idCameraSecundaria, data )
	VALUES ( '278.383.268-45', to_date ('2008-11-23', 'YYYY-MM-DD'), '765.500.392-58', '06.887.851/5483-98', 54, to_date ('2007-05-25', 'YYYY-MM-DD') );
INSERT INTO opParque ( cpfOpCamera, dataInicioParque, cpfAssistente, cnpjParque, idCameraSecundaria, data )
	VALUES ( '183.569.609-62', to_date ('2006-09-10', 'YYYY-MM-DD'), '961.647.751-79', '29.007.445/7586-59', 32, to_date ('2009-02-16', 'YYYY-MM-DD') );
INSERT INTO opParque ( cpfOpCamera, dataInicioParque, cpfAssistente, cnpjParque, idCameraSecundaria, data )
	VALUES ( '753.864.683-48', to_date ('2009-01-19', 'YYYY-MM-DD'), '824.324.617-66', '95.397.102/0428-32', 69, to_date ('2005-09-25', 'YYYY-MM-DD') );
INSERT INTO opParque ( cpfOpCamera, dataInicioParque, cpfAssistente, cnpjParque, idCameraSecundaria, data )
	VALUES ( '793.012.494-09', to_date ('2005-01-16', 'YYYY-MM-DD'), '984.319.590-75', '51.920.176/6657-28', 39, to_date ('2001-09-13', 'YYYY-MM-DD') );
INSERT INTO opParque ( cpfOpCamera, dataInicioParque, cpfAssistente, cnpjParque, idCameraSecundaria, data )
	VALUES ( '346.675.103-29', to_date ('2017-08-29', 'YYYY-MM-DD'), '085.726.128-13', '98.853.014/7988-94', 100, to_date ('2006-09-01', 'YYYY-MM-DD') );
INSERT INTO opParque ( cpfOpCamera, dataInicioParque, cpfAssistente, cnpjParque, idCameraSecundaria, data )
	VALUES ( '679.750.535-36', to_date ('2017-02-26', 'YYYY-MM-DD'), '320.599.949-22', '23.307.754/3608-46', 21, to_date ('2000-01-09', 'YYYY-MM-DD') );
INSERT INTO opParque ( cpfOpCamera, dataInicioParque, cpfAssistente, cnpjParque, idCameraSecundaria, data )
	VALUES ( '208.590.843-38', to_date ('2012-10-15', 'YYYY-MM-DD'), '508.596.215-26', '80.268.213/2876-00', 41, to_date ('2014-05-16', 'YYYY-MM-DD') );
INSERT INTO opParque ( cpfOpCamera, dataInicioParque, cpfAssistente, cnpjParque, idCameraSecundaria, data )
	VALUES ( '504.159.221-62', to_date ('2018-11-11', 'YYYY-MM-DD'), '774.267.034-51', '78.176.667/1123-29', 56, to_date ('2006-08-07', 'YYYY-MM-DD') );
INSERT INTO opParque ( cpfOpCamera, dataInicioParque, cpfAssistente, cnpjParque, idCameraSecundaria, data )
	VALUES ( '031.844.616-48', to_date ('2007-11-28', 'YYYY-MM-DD'), '098.524.090-98', '19.228.951/1483-58', 34, to_date ('2002-10-03', 'YYYY-MM-DD') );
INSERT INTO opParque ( cpfOpCamera, dataInicioParque, cpfAssistente, cnpjParque, idCameraSecundaria, data )
	VALUES ( '215.129.040-40', to_date ('2015-10-19', 'YYYY-MM-DD'), '027.162.848-44', '22.216.462/9886-56', 66, to_date ('2000-06-01', 'YYYY-MM-DD') );
INSERT INTO opParque ( cpfOpCamera, dataInicioParque, cpfAssistente, cnpjParque, idCameraSecundaria, data )
	VALUES ( '757.459.668-54', to_date ('2010-11-05', 'YYYY-MM-DD'), '098.964.468-71', '03.127.699/6296-36', 91, to_date ('2016-06-08', 'YYYY-MM-DD') );
INSERT INTO opParque ( cpfOpCamera, dataInicioParque, cpfAssistente, cnpjParque, idCameraSecundaria, data )
	VALUES ( '659.897.784-44', to_date ('2011-06-06', 'YYYY-MM-DD'), '946.219.210-07', '53.527.877/1004-54', 30, to_date ('2008-02-15', 'YYYY-MM-DD') );
INSERT INTO opParque ( cpfOpCamera, dataInicioParque, cpfAssistente, cnpjParque, idCameraSecundaria, data )
	VALUES ( '754.444.997-34', to_date ('2015-04-08', 'YYYY-MM-DD'), '824.324.617-66', '00.976.838/6794-33', 76, to_date ('2003-09-03', 'YYYY-MM-DD') );
INSERT INTO opParque ( cpfOpCamera, dataInicioParque, cpfAssistente, cnpjParque, idCameraSecundaria, data )
	VALUES ( '550.231.571-28', to_date ('2010-05-20', 'YYYY-MM-DD'), '651.552.626-75', '13.059.259/5773-14', 29, to_date ('2011-09-03', 'YYYY-MM-DD') );
INSERT INTO opParque ( cpfOpCamera, dataInicioParque, cpfAssistente, cnpjParque, idCameraSecundaria, data )
	VALUES ( '659.897.784-44', to_date ('2013-01-26', 'YYYY-MM-DD'), '375.841.304-61', '59.826.241/9274-32', 8, to_date ('2003-02-13', 'YYYY-MM-DD') );
INSERT INTO opParque ( cpfOpCamera, dataInicioParque, cpfAssistente, cnpjParque, idCameraSecundaria, data )
	VALUES ( '346.675.103-29', to_date ('2008-04-06', 'YYYY-MM-DD'), '183.569.609-62', '51.920.176/6657-28', 47, to_date ('2006-09-01', 'YYYY-MM-DD') );
INSERT INTO opParque ( cpfOpCamera, dataInicioParque, cpfAssistente, cnpjParque, idCameraSecundaria, data )
	VALUES ( '196.343.326-57', to_date ('2015-05-16', 'YYYY-MM-DD'), '031.844.616-48', '78.176.667/1123-29', 39, to_date ('2001-11-05', 'YYYY-MM-DD') );
INSERT INTO opParque ( cpfOpCamera, dataInicioParque, cpfAssistente, cnpjParque, idCameraSecundaria, data )
	VALUES ( '774.267.034-51', to_date ('2018-04-06', 'YYYY-MM-DD'), '027.162.848-44', '26.123.942/0507-77', 87, to_date ('2006-08-17', 'YYYY-MM-DD') );
INSERT INTO opParque ( cpfOpCamera, dataInicioParque, cpfAssistente, cnpjParque, idCameraSecundaria, data )
	VALUES ( '809.952.320-37', to_date ('2015-02-02', 'YYYY-MM-DD'), '059.330.483-11', '28.798.178/5397-14', 19, to_date ('2007-08-06', 'YYYY-MM-DD') );
INSERT INTO opParque ( cpfOpCamera, dataInicioParque, cpfAssistente, cnpjParque, idCameraSecundaria, data )
	VALUES ( '712.091.557-99', to_date ('2011-03-09', 'YYYY-MM-DD'), '505.705.748-21', '91.474.652/6301-87', 9, to_date ('2009-10-13', 'YYYY-MM-DD') );
INSERT INTO opParque ( cpfOpCamera, dataInicioParque, cpfAssistente, cnpjParque, idCameraSecundaria, data )
	VALUES ( '102.614.802-18', to_date ('2015-05-16', 'YYYY-MM-DD'), '954.508.078-37', '78.176.667/1123-29', 60, to_date ('2009-02-01', 'YYYY-MM-DD') );
INSERT INTO opParque ( cpfOpCamera, dataInicioParque, cpfAssistente, cnpjParque, idCameraSecundaria, data )
	VALUES ( '973.785.332-66', to_date ('2003-04-19', 'YYYY-MM-DD'), '659.897.784-44', '17.056.133/3194-94', 4, to_date ('2017-11-24', 'YYYY-MM-DD') );
INSERT INTO opParque ( cpfOpCamera, dataInicioParque, cpfAssistente, cnpjParque, idCameraSecundaria, data )
	VALUES ( '702.694.593-40', to_date ('2001-02-18', 'YYYY-MM-DD'), '655.867.366-17', '24.403.100/8391-48', 19, to_date ('2007-04-13', 'YYYY-MM-DD') );
INSERT INTO opParque ( cpfOpCamera, dataInicioParque, cpfAssistente, cnpjParque, idCameraSecundaria, data )
	VALUES ( '182.633.304-81', to_date ('2005-01-16', 'YYYY-MM-DD'), '191.220.769-38', '51.920.176/6657-28', 43, to_date ('2008-11-24', 'YYYY-MM-DD') );
INSERT INTO opParque ( cpfOpCamera, dataInicioParque, cpfAssistente, cnpjParque, idCameraSecundaria, data )
	VALUES ( '375.841.304-61', to_date ('2003-06-12', 'YYYY-MM-DD'), '169.338.392-47', '13.059.259/5773-14', 24, to_date ('2001-02-06', 'YYYY-MM-DD') );
INSERT INTO opParque ( cpfOpCamera, dataInicioParque, cpfAssistente, cnpjParque, idCameraSecundaria, data )
	VALUES ( '375.841.304-61', to_date ('2015-02-02', 'YYYY-MM-DD'), '753.864.683-48', '28.798.178/5397-14', 65, to_date ('2016-07-14', 'YYYY-MM-DD') );
INSERT INTO opParque ( cpfOpCamera, dataInicioParque, cpfAssistente, cnpjParque, idCameraSecundaria, data )
	VALUES ( '793.834.340-50', to_date ('2008-02-15', 'YYYY-MM-DD'), '550.231.571-28', '53.527.877/1004-54', 79, to_date ('2006-08-26', 'YYYY-MM-DD') );
INSERT INTO opParque ( cpfOpCamera, dataInicioParque, cpfAssistente, cnpjParque, idCameraSecundaria, data )
	VALUES ( '819.930.030-83', to_date ('2003-04-19', 'YYYY-MM-DD'), '183.569.609-62', '17.056.133/3194-94', 78, to_date ('2004-01-29', 'YYYY-MM-DD') );
INSERT INTO opParque ( cpfOpCamera, dataInicioParque, cpfAssistente, cnpjParque, idCameraSecundaria, data )
	VALUES ( '793.834.340-50', to_date ('2006-10-25', 'YYYY-MM-DD'), '043.955.036-98', '55.760.801/2232-18', 14, to_date ('2006-08-26', 'YYYY-MM-DD') );
INSERT INTO opParque ( cpfOpCamera, dataInicioParque, cpfAssistente, cnpjParque, idCameraSecundaria, data )
	VALUES ( '643.511.851-32', to_date ('2018-09-09', 'YYYY-MM-DD'), '702.694.593-40', '33.734.905/4332-01', 67, to_date ('2014-01-22', 'YYYY-MM-DD') );
INSERT INTO opParque ( cpfOpCamera, dataInicioParque, cpfAssistente, cnpjParque, idCameraSecundaria, data )
	VALUES ( '725.795.391-06', to_date ('2003-06-12', 'YYYY-MM-DD'), '985.878.089-45', '13.059.259/5773-14', 23, to_date ('2010-09-29', 'YYYY-MM-DD') );
INSERT INTO opParque ( cpfOpCamera, dataInicioParque, cpfAssistente, cnpjParque, idCameraSecundaria, data )
	VALUES ( '973.785.332-66', to_date ('2012-05-03', 'YYYY-MM-DD'), '042.540.641-53', '04.311.437/2024-71', 20, to_date ('2017-11-24', 'YYYY-MM-DD') );
INSERT INTO opParque ( cpfOpCamera, dataInicioParque, cpfAssistente, cnpjParque, idCameraSecundaria, data )
	VALUES ( '960.825.711-15', to_date ('2006-01-26', 'YYYY-MM-DD'), '461.757.542-43', '67.165.101/4578-85', 13, to_date ('2016-03-24', 'YYYY-MM-DD') );
INSERT INTO opParque ( cpfOpCamera, dataInicioParque, cpfAssistente, cnpjParque, idCameraSecundaria, data )
	VALUES ( '306.570.839-92', to_date ('2010-03-14', 'YYYY-MM-DD'), '961.647.751-79', '73.257.555/4258-42', 86, to_date ('2017-07-22', 'YYYY-MM-DD') );
INSERT INTO opParque ( cpfOpCamera, dataInicioParque, cpfAssistente, cnpjParque, idCameraSecundaria, data )
	VALUES ( '550.231.571-28', to_date ('2008-11-23', 'YYYY-MM-DD'), '753.864.683-48', '06.887.851/5483-98', 11, to_date ('2012-03-17', 'YYYY-MM-DD') );
INSERT INTO opParque ( cpfOpCamera, dataInicioParque, cpfAssistente, cnpjParque, idCameraSecundaria, data )
	VALUES ( '276.865.875-31', to_date ('2011-10-25', 'YYYY-MM-DD'), '276.865.875-31', '88.540.442/9424-54', 30, to_date ('2005-06-26', 'YYYY-MM-DD') );

/* TABLE pontoInstalacao */
INSERT INTO pontoInstalacao ( descricao, coordenadas, fonteAlimentacao, contatoAgua, conectividade, iluminacao, cnpjParque )
	VALUES ( 'Odio mollitia assumenda veritatis aperiam ipsum enim. Debitis sed sequi odit explicabo. Incidunt asperiores doloribus at neque.', '{534143, 713522, 301787}', 'Beatae officiis arc', TRUE, 'Praesentium porro iu', 'BAIXA', '26.165.876/1045-10' );
INSERT INTO pontoInstalacao ( descricao, coordenadas, fonteAlimentacao, contatoAgua, conectividade, iluminacao, cnpjParque )
	VALUES ( 'Esse laboriosam nisi voluptate sed. Officiis iusto dolorum eligendi. Eaque distinctio sit. Quae quas voluptas blanditiis rem.', '{215442, 875753, 401330}', 'Eveniet magni voluptat', FALSE, 'Unde et autem ratione sin', 'ALTA', '91.676.137/0246-49' );
INSERT INTO pontoInstalacao ( descricao, coordenadas, fonteAlimentacao, contatoAgua, conectividade, iluminacao, cnpjParque )
	VALUES ( 'Numquam nihil dicta nobis molestiae. Corporis similique soluta. Voluptatibus officia esse ipsum vel quod. Tempora quae cum eum a', '{345712, 398648, 699014}', 'Mollitia porro voluptatem hic ', FALSE, 'Necessitatibus dolor ', 'BAIXA', '45.271.571/7658-25' );
INSERT INTO pontoInstalacao ( descricao, coordenadas, fonteAlimentacao, contatoAgua, conectividade, iluminacao, cnpjParque )
	VALUES ( 'Error qui ea culpa. Quam eveniet temporibus itaque odit architecto illo. Ducimus nam tempore unde voluptas quisquam assumenda ve', '{271468, 746531, 120767}', 'Recusandae occaeca', FALSE, 'Perspiciatis vero numquam sequi', 'BAIXA', '80.268.213/2876-00' );
INSERT INTO pontoInstalacao ( descricao, coordenadas, fonteAlimentacao, contatoAgua, conectividade, iluminacao, cnpjParque )
	VALUES ( 'Ullam quos eaque nam. Impedit eos illum occaecati laudantium nulla totam. Animi architecto deleniti molestiae facere libero. Sin', '{396735, 851123, 746780}', 'Magnam ducimus ipsam tem', FALSE, 'Sunt cum accusantium ', 'MEDIA', '88.522.783/1295-88' );
INSERT INTO pontoInstalacao ( descricao, coordenadas, fonteAlimentacao, contatoAgua, conectividade, iluminacao, cnpjParque )
	VALUES ( 'Voluptate quam sit tempora fugit. Quos quae tempora dolor dolorem. Non unde dolores pariatur dolorem dolore. Adipisci minus corr', '{291440, 368789, 259599}', 'Qui debitis tempore', TRUE, 'Ea eligendi molestiae. Vitae', 'ALTA', '19.946.737/4987-18' );
INSERT INTO pontoInstalacao ( descricao, coordenadas, fonteAlimentacao, contatoAgua, conectividade, iluminacao, cnpjParque )
	VALUES ( 'Eveniet voluptates dolor voluptas qui. Illum autem architecto aspernatur corporis. Culpa ratione beatae libero laudantium perfer', '{543133, 301399, 162872}', 'Expedita ducimus voluptate', TRUE, 'Sunt a deleniti. Ve', 'ALTA', '78.721.896/9395-42' );
INSERT INTO pontoInstalacao ( descricao, coordenadas, fonteAlimentacao, contatoAgua, conectividade, iluminacao, cnpjParque )
	VALUES ( 'Nam quos laborum numquam tenetur. Ex error incidunt natus. Corporis ipsum impedit iste nemo.', '{852012, 149823, 867611}', 'Saepe laborum excepturi ma', TRUE, 'Ullam quisquam debitis culpa', 'ALTA', '88.540.442/9424-54' );
INSERT INTO pontoInstalacao ( descricao, coordenadas, fonteAlimentacao, contatoAgua, conectividade, iluminacao, cnpjParque )
	VALUES ( 'Quae numquam voluptatem quisquam cumque. Tempore sunt libero illum. Autem dolorem dolorem laudantium odio quae facere. Quam odio', '{269545, 261236, 530817}', 'Quis rerum laudantium', FALSE, 'Molestiae suscipit et ', 'BAIXA', '88.522.783/1295-88' );
INSERT INTO pontoInstalacao ( descricao, coordenadas, fonteAlimentacao, contatoAgua, conectividade, iluminacao, cnpjParque )
	VALUES ( 'Omnis ea autem ab nisi tempora eligendi. Doloremque facilis molestias mollitia perspiciatis magnam. Odio recusandae sequi nihil.', '{467066, 374998, 833020}', 'Blanditiis assumenda', FALSE, 'Ducimus consectetur de', 'BAIXA', '20.731.426/6860-56' );
INSERT INTO pontoInstalacao ( descricao, coordenadas, fonteAlimentacao, contatoAgua, conectividade, iluminacao, cnpjParque )
	VALUES ( 'Nostrum hic architecto inventore. Sequi similique ipsum laborum pariatur nostrum aut porro. Laudantium quaerat voluptates volupt', '{208659, 874109, 130093}', 'Aperiam vitae non odio. Cup', TRUE, 'Laboriosam ullam nemo ', 'BAIXA', '20.731.426/6860-56' );
INSERT INTO pontoInstalacao ( descricao, coordenadas, fonteAlimentacao, contatoAgua, conectividade, iluminacao, cnpjParque )
	VALUES ( 'Odit dolorem deserunt quisquam. Voluptatem molestiae id quae consequuntur cupiditate eos ipsa. Hic porro provident vero illum pe', '{337685, 785873, 167200}', 'Accusamus adipis', FALSE, 'Vitae quibusdam dolores e', 'ALTA', '08.660.251/3482-20' );
INSERT INTO pontoInstalacao ( descricao, coordenadas, fonteAlimentacao, contatoAgua, conectividade, iluminacao, cnpjParque )
	VALUES ( 'Debitis sit atque excepturi laboriosam nulla et. Doloremque dolores alias et aperiam fugiat soluta.', '{747359, 742254, 848651}', 'Ratione molestiae opt', TRUE, 'Aspernatur illo expedita quod. E', 'BAIXA', '59.489.988/6161-06' );
INSERT INTO pontoInstalacao ( descricao, coordenadas, fonteAlimentacao, contatoAgua, conectividade, iluminacao, cnpjParque )
	VALUES ( 'Tenetur nemo doloribus perspiciatis ipsam voluptate. Nobis quod fuga asperiores quidem. Eaque at sint odit adipisci quas quibusd', '{305157, 346559, 126235}', 'Quos nihil impedit nobis eligend', TRUE, 'Quibusdam ea vel pariatur. Dele', 'ALTA', '28.798.178/5397-14' );
INSERT INTO pontoInstalacao ( descricao, coordenadas, fonteAlimentacao, contatoAgua, conectividade, iluminacao, cnpjParque )
	VALUES ( 'Assumenda ut distinctio libero illum. Nulla quibusdam accusantium culpa officiis. Temporibus vel consequuntur fugit adipisci.', '{655346, 496825, 644283}', 'Iure blanditiis nobis aliqu', TRUE, 'At libero at odio deserunt ', 'ALTA', '75.783.195/0716-32' );
INSERT INTO pontoInstalacao ( descricao, coordenadas, fonteAlimentacao, contatoAgua, conectividade, iluminacao, cnpjParque )
	VALUES ( 'Temporibus corrupti illo ut consequatur corrupti. Fugiat repudiandae deleniti esse sequi. Ab blanditiis aperiam. Enim perspiciat', '{251449, 813614, 651324}', 'Unde fugiat perferendis quo', FALSE, 'Ex repudiandae quasi', 'ALTA', '80.791.658/2644-47' );
INSERT INTO pontoInstalacao ( descricao, coordenadas, fonteAlimentacao, contatoAgua, conectividade, iluminacao, cnpjParque )
	VALUES ( 'Excepturi aliquid sed esse rem a. Veniam expedita adipisci optio. In sunt consequatur. Nemo nihil molestias nesciunt molestiae. ', '{866037, 168281, 520625}', 'Possimus minima no', FALSE, 'Consequatur explicab', 'MEDIA', '78.176.667/1123-29' );
INSERT INTO pontoInstalacao ( descricao, coordenadas, fonteAlimentacao, contatoAgua, conectividade, iluminacao, cnpjParque )
	VALUES ( 'Nam deserunt autem voluptatibus consequuntur quaerat. Eum possimus vel ad temporibus qui vero.', '{797502, 695006, 577645}', 'Asperiores voluptatibus deleni', TRUE, 'Dignissimos quod totam neque', 'MEDIA', '68.218.168/1057-70' );
INSERT INTO pontoInstalacao ( descricao, coordenadas, fonteAlimentacao, contatoAgua, conectividade, iluminacao, cnpjParque )
	VALUES ( 'Beatae voluptas tempore error ipsum distinctio. Laborum reiciendis veniam dignissimos ratione. Exercitationem fuga eius sequi. E', '{555745, 899336, 695942}', 'Inventore possim', TRUE, 'Molestias expedita perferend', 'BAIXA', '98.648.805/9370-65' );
INSERT INTO pontoInstalacao ( descricao, coordenadas, fonteAlimentacao, contatoAgua, conectividade, iluminacao, cnpjParque )
	VALUES ( 'Ipsam aliquam magni nam reiciendis magnam unde. Voluptatum minima sed quasi.', '{726766, 549665, 119711}', 'Ad eveniet cupiditate. Assumend', FALSE, 'Culpa dicta ratione', 'MEDIA', '00.276.961/9065-26' );
INSERT INTO pontoInstalacao ( descricao, coordenadas, fonteAlimentacao, contatoAgua, conectividade, iluminacao, cnpjParque )
	VALUES ( 'Quis optio repellendus ipsum aut magnam eaque. Dignissimos facilis repudiandae consequuntur inventore eos suscipit quis. Perfere', '{762400, 301803, 656194}', 'Quod distinctio consectetur ', FALSE, 'Explicabo ut aliq', 'BAIXA', '19.946.737/4987-18' );
INSERT INTO pontoInstalacao ( descricao, coordenadas, fonteAlimentacao, contatoAgua, conectividade, iluminacao, cnpjParque )
	VALUES ( 'Qui porro magnam error aperiam fugit. Earum nam blanditiis impedit similique earum non eligendi. Nam accusamus ab.', '{504473, 645737, 168837}', 'Autem tempora minima ipsa qu', TRUE, 'Molestiae suscipit nulla quae', 'ALTA', '01.230.528/6088-10' );
INSERT INTO pontoInstalacao ( descricao, coordenadas, fonteAlimentacao, contatoAgua, conectividade, iluminacao, cnpjParque )
	VALUES ( 'Nihil ratione aliquam inventore eaque excepturi. Eos aliquam aspernatur velit amet fugit. Minus eius quibusdam neque. Adipisci f', '{590883, 231525, 134618}', 'Rerum dolorum vol', FALSE, 'Nam quas repudiandae neq', 'MEDIA', '11.788.751/9528-38' );
INSERT INTO pontoInstalacao ( descricao, coordenadas, fonteAlimentacao, contatoAgua, conectividade, iluminacao, cnpjParque )
	VALUES ( 'Ratione illo quia similique cupiditate. Laudantium velit iure numquam doloremque. Debitis fuga possimus nobis voluptas aut. Dolo', '{292384, 834144, 284354}', 'Explicabo omnis nobis qu', FALSE, 'Ab repellat ipsum quis eos quam ', 'BAIXA', '00.082.473/9285-21' );
INSERT INTO pontoInstalacao ( descricao, coordenadas, fonteAlimentacao, contatoAgua, conectividade, iluminacao, cnpjParque )
	VALUES ( 'Quam deserunt molestias. Omnis aliquam tempora placeat beatae nam ratione. Tempore atque aspernatur temporibus consectetur. Illo', '{615073, 152345, 673243}', 'Aliquam earum perspiciatis iur', FALSE, 'Est molestiae placeat e', 'ALTA', '73.257.555/4258-42' );
INSERT INTO pontoInstalacao ( descricao, coordenadas, fonteAlimentacao, contatoAgua, conectividade, iluminacao, cnpjParque )
	VALUES ( 'Fuga molestias quaerat. Veritatis nulla aliquam provident quasi. Assumenda quos pariatur non autem. Incidunt porro iure ullam al', '{681564, 883585, 741840}', 'Architecto eaque bea', TRUE, 'Odio cum similiqu', 'ALTA', '76.900.088/3107-76' );
INSERT INTO pontoInstalacao ( descricao, coordenadas, fonteAlimentacao, contatoAgua, conectividade, iluminacao, cnpjParque )
	VALUES ( 'Iste praesentium aspernatur nemo. Mollitia deserunt quo corrupti nisi quas. Incidunt ab alias dignissimos cumque distinctio erro', '{215647, 680854, 450897}', 'Blanditiis quidem quibu', FALSE, 'Nesciunt vero molliti', 'MEDIA', '88.766.925/3716-63' );
INSERT INTO pontoInstalacao ( descricao, coordenadas, fonteAlimentacao, contatoAgua, conectividade, iluminacao, cnpjParque )
	VALUES ( 'Sit eius quas alias exercitationem. Hic quam neque ullam labore commodi quas. Harum est possimus corporis. Suscipit labore sapie', '{603079, 490409, 441847}', 'Iure tempore quo alia', FALSE, 'Eos dolorum beata', 'MEDIA', '88.766.925/3716-63' );
INSERT INTO pontoInstalacao ( descricao, coordenadas, fonteAlimentacao, contatoAgua, conectividade, iluminacao, cnpjParque )
	VALUES ( 'Aspernatur quaerat vel quia. Harum autem amet quibusdam nesciunt. Laudantium accusamus in accusamus dolorem in. Quisquam nobis p', '{344454, 734172, 407480}', 'Est aliquid sit voluptatem. Cu', TRUE, 'Laboriosam nulla vero. ', 'BAIXA', '65.760.754/0289-77' );
INSERT INTO pontoInstalacao ( descricao, coordenadas, fonteAlimentacao, contatoAgua, conectividade, iluminacao, cnpjParque )
	VALUES ( 'Animi earum libero maxime nobis. Magnam delectus nam ducimus corrupti exercitationem impedit. Odit hic iure voluptatibus non. Pe', '{742445, 162243, 793854}', 'Amet beatae ipsum n', TRUE, 'Neque numquam moles', 'ALTA', '78.098.918/1929-09' );
INSERT INTO pontoInstalacao ( descricao, coordenadas, fonteAlimentacao, contatoAgua, conectividade, iluminacao, cnpjParque )
	VALUES ( 'Laboriosam iusto totam commodi veritatis totam esse illum. Aspernatur asperiores impedit odit. Ipsam vero nobis. Esse ipsum eius', '{813920, 201487, 384924}', 'Suscipit aliquid expedita ', FALSE, 'Ipsam cupiditate co', 'MEDIA', '39.776.885/5374-08' );
INSERT INTO pontoInstalacao ( descricao, coordenadas, fonteAlimentacao, contatoAgua, conectividade, iluminacao, cnpjParque )
	VALUES ( 'Itaque unde dolores sit assumenda nemo voluptas. Assumenda sit delectus sequi eaque molestias porro. Ipsum cum aliquid.', '{795603, 612265, 465177}', 'Cupiditate animi ad ', FALSE, 'Totam maiores adipisci liber', 'ALTA', '31.976.335/9117-10' );
INSERT INTO pontoInstalacao ( descricao, coordenadas, fonteAlimentacao, contatoAgua, conectividade, iluminacao, cnpjParque )
	VALUES ( 'Est ad laborum amet est id. Error sapiente incidunt molestiae. Deleniti eos quisquam nam commodi veritatis. Neque quidem odit. S', '{108326, 178430, 180614}', 'Maiores voluptas non blanditi', TRUE, 'Sint tenetur fug', 'MEDIA', '81.002.722/2593-09' );
INSERT INTO pontoInstalacao ( descricao, coordenadas, fonteAlimentacao, contatoAgua, conectividade, iluminacao, cnpjParque )
	VALUES ( 'Mollitia soluta ipsam dolorem aperiam quis. Nihil unde eveniet. A minima quae. Suscipit laudantium alias non optio facere delect', '{638013, 323427, 461103}', 'Maxime dignissimos asperio', TRUE, 'Veritatis mollitia aut natus', 'BAIXA', '94.538.035/7334-89' );
INSERT INTO pontoInstalacao ( descricao, coordenadas, fonteAlimentacao, contatoAgua, conectividade, iluminacao, cnpjParque )
	VALUES ( 'Accusantium tempora ex assumenda numquam possimus. Culpa possimus dolores nobis corporis veritatis numquam.', '{451264, 495278, 165894}', 'Totam consequatur impedi', FALSE, 'Aliquid qui est rem. Similiq', 'BAIXA', '63.262.847/1168-25' );
INSERT INTO pontoInstalacao ( descricao, coordenadas, fonteAlimentacao, contatoAgua, conectividade, iluminacao, cnpjParque )
	VALUES ( 'Hic facilis aperiam a. Dolore omnis iure quis ipsam.', '{451391, 180197, 573893}', 'Omnis ullam ullam', TRUE, 'Fugiat maiores iure amet. Alias', 'ALTA', '06.617.154/6577-42' );
INSERT INTO pontoInstalacao ( descricao, coordenadas, fonteAlimentacao, contatoAgua, conectividade, iluminacao, cnpjParque )
	VALUES ( 'Deleniti necessitatibus eveniet cupiditate magnam recusandae soluta. Veniam asperiores id deserunt temporibus voluptatum tempore', '{757722, 647347, 218226}', 'Beatae delectus odi', TRUE, 'Suscipit qui debitis ', 'ALTA', '11.788.751/9528-38' );
INSERT INTO pontoInstalacao ( descricao, coordenadas, fonteAlimentacao, contatoAgua, conectividade, iluminacao, cnpjParque )
	VALUES ( 'Iusto ad eligendi dolores consequuntur iure. Ducimus ea aut est recusandae asperiores. Deserunt veniam sit possimus mollitia con', '{818042, 139248, 122225}', 'Inventore accusantiu', TRUE, 'Rem nisi neque. Accusantium do', 'BAIXA', '39.776.885/5374-08' );
INSERT INTO pontoInstalacao ( descricao, coordenadas, fonteAlimentacao, contatoAgua, conectividade, iluminacao, cnpjParque )
	VALUES ( 'At totam animi rerum pariatur sequi reiciendis. Molestias rem est cupiditate.', '{174329, 814949, 171508}', 'Ex nam dolorum pari', FALSE, 'Ea occaecati quo. A', 'MEDIA', '00.100.368/4290-66' );
INSERT INTO pontoInstalacao ( descricao, coordenadas, fonteAlimentacao, contatoAgua, conectividade, iluminacao, cnpjParque )
	VALUES ( 'Mollitia mollitia omnis ad delectus eveniet minus. Laborum corrupti quasi laborum maxime et. Dolor dicta dolorum nihil nobis. De', '{562667, 487286, 699687}', 'Voluptatum molestiae deb', FALSE, 'Facilis quas quo ame', 'MEDIA', '88.522.783/1295-88' );
INSERT INTO pontoInstalacao ( descricao, coordenadas, fonteAlimentacao, contatoAgua, conectividade, iluminacao, cnpjParque )
	VALUES ( 'Minus voluptatum distinctio debitis consectetur perspiciatis. Nulla nemo est fugit. Repudiandae minus unde inventore repellat. D', '{832957, 690678, 534128}', 'Harum iusto dignissimos magn', FALSE, 'Doloremque eaque', 'MEDIA', '45.271.571/7658-25' );
INSERT INTO pontoInstalacao ( descricao, coordenadas, fonteAlimentacao, contatoAgua, conectividade, iluminacao, cnpjParque )
	VALUES ( 'Accusantium harum natus consequatur nostrum vero. Ducimus expedita ratione corporis voluptates. Explicabo eos sapiente sapiente ', '{740989, 563261, 200713}', 'Dicta perspiciatis dolor', FALSE, 'Ab omnis reicien', 'ALTA', '20.731.426/6860-56' );
INSERT INTO pontoInstalacao ( descricao, coordenadas, fonteAlimentacao, contatoAgua, conectividade, iluminacao, cnpjParque )
	VALUES ( 'Eius fugiat at qui asperiores. Veniam ipsam aspernatur modi dolorum neque sunt.', '{314890, 897175, 344221}', 'Aliquid repellat dolor', TRUE, 'Similique at dolores in', 'ALTA', '06.887.851/5483-98' );
INSERT INTO pontoInstalacao ( descricao, coordenadas, fonteAlimentacao, contatoAgua, conectividade, iluminacao, cnpjParque )
	VALUES ( 'A ad itaque labore fuga voluptatibus qui exercitationem. Unde magnam ab expedita aspernatur consequatur harum. Quaerat ab ipsa c', '{250069, 243367, 291133}', 'Natus earum ut. Quas ', FALSE, 'Blanditiis omnis ', 'BAIXA', '67.340.110/3744-84' );
INSERT INTO pontoInstalacao ( descricao, coordenadas, fonteAlimentacao, contatoAgua, conectividade, iluminacao, cnpjParque )
	VALUES ( 'Commodi fugit consequatur alias incidunt. Alias impedit minima ipsa ducimus magnam. Illo dolorum similique ratione nulla.', '{191003, 695343, 887989}', 'Veniam consequuntur laboriosam', TRUE, 'Dolores ea eius mole', 'ALTA', '68.218.168/1057-70' );
INSERT INTO pontoInstalacao ( descricao, coordenadas, fonteAlimentacao, contatoAgua, conectividade, iluminacao, cnpjParque )
	VALUES ( 'Accusamus doloremque blanditiis expedita consequuntur nam rem voluptas. Unde laudantium quae quidem laborum reprehenderit nam in', '{736018, 712763, 672433}', 'Vel modi quos qua', FALSE, 'Iusto dicta veniam reprehend', 'ALTA', '45.271.571/7658-25' );
INSERT INTO pontoInstalacao ( descricao, coordenadas, fonteAlimentacao, contatoAgua, conectividade, iluminacao, cnpjParque )
	VALUES ( 'Quam velit placeat blanditiis sint. Culpa inventore eaque assumenda autem. Est recusandae quidem molestias quia.', '{870831, 577015, 218680}', 'Assumenda voluptatem', FALSE, 'Velit pariatur praesentium. U', 'MEDIA', '31.976.335/9117-10' );
INSERT INTO pontoInstalacao ( descricao, coordenadas, fonteAlimentacao, contatoAgua, conectividade, iluminacao, cnpjParque )
	VALUES ( 'Dolor ex tenetur temporibus. Magni sequi magnam eaque delectus. Rerum eaque dolorem nulla ullam numquam nisi.', '{825423, 387691, 471339}', 'Expedita repudian', FALSE, 'Nihil rem ullam quod. Tempo', 'ALTA', '37.347.569/6458-47' );
INSERT INTO pontoInstalacao ( descricao, coordenadas, fonteAlimentacao, contatoAgua, conectividade, iluminacao, cnpjParque )
	VALUES ( 'Quasi enim libero alias mollitia vero eveniet. Earum rem amet quod sequi aperiam possimus dolorem. Ex perferendis nisi minima.', '{510257, 283599, 107217}', 'Nam dolorem tempore tempo', FALSE, 'Occaecati ullam expedita ', 'BAIXA', '06.617.154/6577-42' );
INSERT INTO pontoInstalacao ( descricao, coordenadas, fonteAlimentacao, contatoAgua, conectividade, iluminacao, cnpjParque )
	VALUES ( 'Laudantium dolorum quo tenetur nesciunt cumque. Consequatur error reprehenderit saepe. Nam rerum reiciendis aliquid eius archite', '{435410, 725671, 604192}', 'Repellat fugit s', FALSE, 'Ducimus fugit evenie', 'ALTA', '23.307.754/3608-46' );
INSERT INTO pontoInstalacao ( descricao, coordenadas, fonteAlimentacao, contatoAgua, conectividade, iluminacao, cnpjParque )
	VALUES ( 'Explicabo non adipisci. Voluptatibus aliquid porro occaecati dolor deserunt. Dolores vel quos illo velit consequatur. Rem corrup', '{411919, 692282, 870886}', 'Laudantium cum necess', TRUE, 'Sequi vel tempore molest', 'BAIXA', '48.965.946/7260-28' );
INSERT INTO pontoInstalacao ( descricao, coordenadas, fonteAlimentacao, contatoAgua, conectividade, iluminacao, cnpjParque )
	VALUES ( 'Mollitia voluptate perferendis itaque quis possimus. Magnam hic voluptatem quis sed ad error enim. Delectus magnam dicta nulla. ', '{453239, 285717, 278660}', 'Molestias veritatis quide', TRUE, 'Fugit asperiores id ', 'ALTA', '19.228.951/1483-58' );
INSERT INTO pontoInstalacao ( descricao, coordenadas, fonteAlimentacao, contatoAgua, conectividade, iluminacao, cnpjParque )
	VALUES ( 'Repellendus ipsa distinctio consequuntur. Quo a temporibus. Quisquam excepturi esse quia voluptas dignissimos similique.', '{421324, 201559, 625193}', 'Velit repudiandae eaq', FALSE, 'Nulla sint et voluptates nisi ', 'BAIXA', '53.641.871/3612-76' );
INSERT INTO pontoInstalacao ( descricao, coordenadas, fonteAlimentacao, contatoAgua, conectividade, iluminacao, cnpjParque )
	VALUES ( 'Eum provident nulla. Quibusdam voluptate accusantium dignissimos qui et labore. Provident provident maxime saepe iure cumque non', '{894742, 483694, 564138}', 'Eos aut quam delen', FALSE, 'Voluptate magni sunt dolor lauda', 'ALTA', '26.123.942/0507-77' );
INSERT INTO pontoInstalacao ( descricao, coordenadas, fonteAlimentacao, contatoAgua, conectividade, iluminacao, cnpjParque )
	VALUES ( 'Perspiciatis tempore rerum suscipit eum illo. Reiciendis iste velit dolores illo aliquid. Perferendis quae velit cupiditate qui ', '{124117, 585276, 547348}', 'Eum aperiam possimus dolore', TRUE, 'Veniam laboriosam labor', 'ALTA', '78.098.918/1929-09' );
INSERT INTO pontoInstalacao ( descricao, coordenadas, fonteAlimentacao, contatoAgua, conectividade, iluminacao, cnpjParque )
	VALUES ( 'Nemo esse voluptatibus nam voluptas quo. Laborum eos ea animi. Quam ipsa explicabo sequi. Fugit non sed itaque ratione.', '{719639, 363365, 675243}', 'Consequuntur velit optio p', FALSE, 'Nam animi animi non in eligen', 'BAIXA', '29.007.445/7586-59' );
INSERT INTO pontoInstalacao ( descricao, coordenadas, fonteAlimentacao, contatoAgua, conectividade, iluminacao, cnpjParque )
	VALUES ( 'Vero eaque possimus cumque neque qui reprehenderit. Distinctio eligendi ad illo. Aut at architecto aperiam laudantium dolore. Ne', '{194373, 151159, 558004}', 'Dolore optio officiis ex', FALSE, 'In mollitia vel hic odio. Do', 'MEDIA', '93.643.869/8377-62' );
INSERT INTO pontoInstalacao ( descricao, coordenadas, fonteAlimentacao, contatoAgua, conectividade, iluminacao, cnpjParque )
	VALUES ( 'Sunt molestiae velit nemo eius eligendi tempore quaerat. Dolor reiciendis error eum adipisci repudiandae.', '{396817, 480602, 852661}', 'Voluptatum velit ac', TRUE, 'Pariatur voluptas eum', 'BAIXA', '88.522.783/1295-88' );
INSERT INTO pontoInstalacao ( descricao, coordenadas, fonteAlimentacao, contatoAgua, conectividade, iluminacao, cnpjParque )
	VALUES ( 'Explicabo atque modi soluta quibusdam. Laboriosam laudantium beatae tenetur ratione adipisci rem explicabo. Tempore perspiciatis', '{114417, 615740, 549284}', 'Dicta fugit sint ex', FALSE, 'Eligendi vel voluptatum repellat', 'BAIXA', '78.098.918/1929-09' );
INSERT INTO pontoInstalacao ( descricao, coordenadas, fonteAlimentacao, contatoAgua, conectividade, iluminacao, cnpjParque )
	VALUES ( 'Reprehenderit cumque sit sapiente quasi sunt et. Repudiandae ab quod at optio. Ducimus tempore unde dicta enim. Saepe optio dolo', '{637510, 721292, 318004}', 'Minima ipsum nemo ass', TRUE, 'Eligendi beatae conse', 'MEDIA', '98.853.014/7988-94' );
INSERT INTO pontoInstalacao ( descricao, coordenadas, fonteAlimentacao, contatoAgua, conectividade, iluminacao, cnpjParque )
	VALUES ( 'Iste adipisci hic debitis. Illum laudantium exercitationem quia blanditiis.', '{579829, 403581, 453628}', 'Ipsa asperiores qui debitis ad', TRUE, 'Aliquid amet veritatis pl', 'MEDIA', '32.424.895/5159-17' );
INSERT INTO pontoInstalacao ( descricao, coordenadas, fonteAlimentacao, contatoAgua, conectividade, iluminacao, cnpjParque )
	VALUES ( 'Eligendi doloribus quasi. Natus saepe necessitatibus in. Libero rem asperiores error nisi modi. Quaerat in quis illo provident m', '{427604, 428164, 299199}', 'Quae optio vitae ', TRUE, 'Voluptatum vitae iure', 'BAIXA', '04.311.437/2024-71' );
INSERT INTO pontoInstalacao ( descricao, coordenadas, fonteAlimentacao, contatoAgua, conectividade, iluminacao, cnpjParque )
	VALUES ( 'Totam aspernatur labore cum ad. Rem consequuntur quibusdam inventore fugiat. Excepturi dicta quam. Temporibus neque facilis volu', '{782662, 741542, 784970}', 'Possimus tempora del', FALSE, 'Velit ut eum adipis', 'ALTA', '28.890.752/8739-10' );
INSERT INTO pontoInstalacao ( descricao, coordenadas, fonteAlimentacao, contatoAgua, conectividade, iluminacao, cnpjParque )
	VALUES ( 'A repellendus corrupti iusto fugit impedit illum. In ducimus quas consectetur harum.', '{674765, 892744, 413547}', 'Est alias nobis consequ', FALSE, 'Optio reprehenderit earum ', 'ALTA', '37.347.569/6458-47' );
INSERT INTO pontoInstalacao ( descricao, coordenadas, fonteAlimentacao, contatoAgua, conectividade, iluminacao, cnpjParque )
	VALUES ( 'Vel veritatis quidem exercitationem doloribus quae. Corporis recusandae fugit voluptates corrupti cupiditate.', '{626192, 879556, 334209}', 'Inventore explicabo quam laborio', FALSE, 'Non distinctio consequatur. Off', 'BAIXA', '12.002.044/0099-26' );
INSERT INTO pontoInstalacao ( descricao, coordenadas, fonteAlimentacao, contatoAgua, conectividade, iluminacao, cnpjParque )
	VALUES ( 'Quibusdam tenetur architecto iusto. Ipsa ipsum saepe laboriosam. Voluptas est quam inventore.', '{252330, 261463, 147977}', 'Vero ab rem ad itaque. C', FALSE, 'Doloribus ab eos alias labo', 'BAIXA', '13.059.259/5773-14' );
INSERT INTO pontoInstalacao ( descricao, coordenadas, fonteAlimentacao, contatoAgua, conectividade, iluminacao, cnpjParque )
	VALUES ( 'Fugiat quam minima eum neque unde. A modi veritatis minima exercitationem. Tenetur consequuntur saepe quam nemo maiores. Dolorem', '{628654, 759129, 852584}', 'Non veniam ex enim', TRUE, 'Alias recusandae itaque velit', 'MEDIA', '03.127.699/6296-36' );
INSERT INTO pontoInstalacao ( descricao, coordenadas, fonteAlimentacao, contatoAgua, conectividade, iluminacao, cnpjParque )
	VALUES ( 'Reprehenderit enim rerum impedit. Natus quam quidem unde animi necessitatibus. Quia atque hic unde vel. Veritatis laborum volupt', '{621120, 476979, 724144}', 'Enim sequi ipsam ', TRUE, 'Excepturi molestias quos ', 'ALTA', '00.276.961/9065-26' );
INSERT INTO pontoInstalacao ( descricao, coordenadas, fonteAlimentacao, contatoAgua, conectividade, iluminacao, cnpjParque )
	VALUES ( 'Perspiciatis cupiditate accusamus tempora nostrum quod animi. Distinctio fugiat maxime sunt dolorem et molestias neque. Eligendi', '{315495, 216476, 115452}', 'Incidunt molestias dolore quisqu', TRUE, 'Quisquam architecto tempore des', 'MEDIA', '94.538.035/7334-89' );
INSERT INTO pontoInstalacao ( descricao, coordenadas, fonteAlimentacao, contatoAgua, conectividade, iluminacao, cnpjParque )
	VALUES ( 'Fugiat soluta voluptas rerum laboriosam vero eveniet. Et voluptatibus quasi consequuntur deleniti. Harum saepe nulla deleniti nu', '{195916, 375238, 182026}', 'Esse tenetur eum', FALSE, 'Nulla nemo nemo eveni', 'BAIXA', '78.176.667/1123-29' );
INSERT INTO pontoInstalacao ( descricao, coordenadas, fonteAlimentacao, contatoAgua, conectividade, iluminacao, cnpjParque )
	VALUES ( 'Veniam ratione recusandae tempore nihil ad id eaque. Inventore laudantium aut nisi incidunt. Sint libero minima quis perferendis', '{344106, 715324, 607787}', 'Voluptate voluptates officia re', TRUE, 'Maxime sapiente i', 'BAIXA', '11.788.751/9528-38' );
INSERT INTO pontoInstalacao ( descricao, coordenadas, fonteAlimentacao, contatoAgua, conectividade, iluminacao, cnpjParque )
	VALUES ( 'Corrupti at culpa voluptas magni. Aspernatur culpa tenetur minus. Culpa vero rem quibusdam iusto.', '{637387, 133382, 497671}', 'Qui natus laboriosam quib', FALSE, 'Ad necessitatibus c', 'MEDIA', '11.788.751/9528-38' );
INSERT INTO pontoInstalacao ( descricao, coordenadas, fonteAlimentacao, contatoAgua, conectividade, iluminacao, cnpjParque )
	VALUES ( 'Id aliquid quibusdam aut. Error eaque nemo commodi amet. Eaque corporis animi pariatur non odio. Officia enim aut et deserunt. M', '{775485, 832845, 498474}', 'Omnis esse dolore', TRUE, 'Officiis quam il', 'BAIXA', '63.620.743/1462-56' );
INSERT INTO pontoInstalacao ( descricao, coordenadas, fonteAlimentacao, contatoAgua, conectividade, iluminacao, cnpjParque )
	VALUES ( 'Ad voluptatibus quidem molestiae sed eos. Aliquam placeat labore. Laborum est corporis possimus. Dolor beatae veniam. Tempora de', '{589412, 210595, 841895}', 'Occaecati natus molestiae vol', FALSE, 'Dolore id voluptates iste', 'ALTA', '21.294.553/5588-89' );
INSERT INTO pontoInstalacao ( descricao, coordenadas, fonteAlimentacao, contatoAgua, conectividade, iluminacao, cnpjParque )
	VALUES ( 'Numquam aliquid consectetur voluptatum explicabo fuga. Recusandae minima nemo optio. Nisi occaecati iste culpa quos. Saepe ab co', '{606597, 617499, 358719}', 'Aliquid tempore susci', TRUE, 'Maxime assumenda', 'ALTA', '78.176.667/1123-29' );
INSERT INTO pontoInstalacao ( descricao, coordenadas, fonteAlimentacao, contatoAgua, conectividade, iluminacao, cnpjParque )
	VALUES ( 'Libero asperiores quam fugit repellendus. Tenetur quidem ullam voluptatibus iure iusto. Accusamus corrupti repudiandae sunt solu', '{472817, 307498, 325577}', 'Mollitia maxime laboriosam qu', FALSE, 'Molestias corporis dolorem', 'MEDIA', '13.059.259/5773-14' );
INSERT INTO pontoInstalacao ( descricao, coordenadas, fonteAlimentacao, contatoAgua, conectividade, iluminacao, cnpjParque )
	VALUES ( 'Explicabo quas perspiciatis corrupti minus unde doloremque. Impedit quidem quasi pariatur tenetur ut quas. Omnis ipsa eos ducimu', '{538010, 458543, 176733}', 'Possimus accusamus quo', TRUE, 'Fugiat delectus totam c', 'MEDIA', '20.868.438/5595-07' );
INSERT INTO pontoInstalacao ( descricao, coordenadas, fonteAlimentacao, contatoAgua, conectividade, iluminacao, cnpjParque )
	VALUES ( 'Molestias eligendi incidunt iusto. Voluptatibus voluptatibus debitis culpa. Porro quae reprehenderit ipsam voluptatibus facilis.', '{412736, 878953, 265287}', 'Illum nemo reprehenderit corp', TRUE, 'Accusantium labore offi', 'MEDIA', '28.798.178/5397-14' );
INSERT INTO pontoInstalacao ( descricao, coordenadas, fonteAlimentacao, contatoAgua, conectividade, iluminacao, cnpjParque )
	VALUES ( 'Dolorum numquam maxime. Dicta facilis perspiciatis exercitationem corporis veritatis ipsam. Nisi commodi necessitatibus iure eve', '{172192, 865764, 743476}', 'Expedita animi prae', TRUE, 'Consectetur inventore', 'ALTA', '26.165.876/1045-10' );
INSERT INTO pontoInstalacao ( descricao, coordenadas, fonteAlimentacao, contatoAgua, conectividade, iluminacao, cnpjParque )
	VALUES ( 'Id dignissimos dignissimos aspernatur mollitia perferendis. Odio ipsa qui quis aut.', '{451751, 704524, 298885}', 'Odio aspernatur explic', TRUE, 'Ipsam facilis sint ', 'MEDIA', '59.826.241/9274-32' );
INSERT INTO pontoInstalacao ( descricao, coordenadas, fonteAlimentacao, contatoAgua, conectividade, iluminacao, cnpjParque )
	VALUES ( 'Exercitationem repellat nam cumque repellat. Ipsum voluptas possimus autem hic.', '{580016, 396838, 792567}', 'Tempora quasi fugit', TRUE, 'Repudiandae numquam', 'BAIXA', '51.479.527/2749-15' );
INSERT INTO pontoInstalacao ( descricao, coordenadas, fonteAlimentacao, contatoAgua, conectividade, iluminacao, cnpjParque )
	VALUES ( 'Porro pariatur eos tempore dignissimos velit repudiandae mollitia. Hic minus a dicta sint sed saepe. Dolore illum consequatur ea', '{883034, 167413, 190941}', 'Earum necessitatibus vel re', TRUE, 'Labore rem magni eveniet. Maxi', 'MEDIA', '80.791.658/2644-47' );
INSERT INTO pontoInstalacao ( descricao, coordenadas, fonteAlimentacao, contatoAgua, conectividade, iluminacao, cnpjParque )
	VALUES ( 'Natus quos sint error minima nulla. Molestias excepturi tenetur at voluptate laboriosam aut. Sint dignissimos illum id exercitat', '{403206, 140267, 885101}', 'Natus voluptatibus inci', TRUE, 'Voluptas facere repudiandae m', 'BAIXA', '75.783.195/0716-32' );
INSERT INTO pontoInstalacao ( descricao, coordenadas, fonteAlimentacao, contatoAgua, conectividade, iluminacao, cnpjParque )
	VALUES ( 'Explicabo consequuntur ducimus amet porro a suscipit. Magni quam corrupti accusamus magnam. Eos corrupti incidunt fuga quaerat s', '{158512, 282282, 389017}', 'Animi atque quibusdam tempora ', FALSE, 'Inventore impedit', 'BAIXA', '68.218.168/1057-70' );
INSERT INTO pontoInstalacao ( descricao, coordenadas, fonteAlimentacao, contatoAgua, conectividade, iluminacao, cnpjParque )
	VALUES ( 'Hic dolorem deleniti eveniet. Sit voluptatibus pariatur quia. Soluta reprehenderit pariatur corporis ipsa. Rem vel a soluta.', '{648027, 701804, 308223}', 'Accusamus pariatu', FALSE, 'Temporibus hic dolore qui ', 'MEDIA', '21.095.547/5452-13' );
INSERT INTO pontoInstalacao ( descricao, coordenadas, fonteAlimentacao, contatoAgua, conectividade, iluminacao, cnpjParque )
	VALUES ( 'Consequuntur placeat aliquid ducimus. Nam quisquam possimus atque.', '{867628, 880381, 633655}', 'Voluptates numquam reprehend', FALSE, 'Enim fuga nesciu', 'BAIXA', '08.496.604/1517-19' );
INSERT INTO pontoInstalacao ( descricao, coordenadas, fonteAlimentacao, contatoAgua, conectividade, iluminacao, cnpjParque )
	VALUES ( 'Voluptate nesciunt dolorum nobis exercitationem enim cupiditate voluptatum. Sed exercitationem earum repudiandae. Voluptates iur', '{412907, 862102, 642567}', 'Ut optio consequuntur ', FALSE, 'Consequatur suscipit iure e', 'BAIXA', '65.760.754/0289-77' );
INSERT INTO pontoInstalacao ( descricao, coordenadas, fonteAlimentacao, contatoAgua, conectividade, iluminacao, cnpjParque )
	VALUES ( 'Autem aut sapiente omnis neque provident est. Architecto nesciunt rem expedita possimus. Iure nostrum pariatur dolor sint magni.', '{266543, 353530, 133133}', 'Nam eveniet unde inventore. Vol', TRUE, 'Asperiores ipsum', 'BAIXA', '75.783.195/0716-32' );
INSERT INTO pontoInstalacao ( descricao, coordenadas, fonteAlimentacao, contatoAgua, conectividade, iluminacao, cnpjParque )
	VALUES ( 'Quibusdam tenetur tempore minima tenetur iusto. Sint hic omnis optio impedit dolor exercitationem. Nulla ullam velit illo cumque', '{758229, 342780, 737798}', 'Vel ut voluptates quos quos. O', TRUE, 'Ullam aspernatur laboriosam il', 'ALTA', '36.519.416/7991-54' );
INSERT INTO pontoInstalacao ( descricao, coordenadas, fonteAlimentacao, contatoAgua, conectividade, iluminacao, cnpjParque )
	VALUES ( 'Suscipit dolorem quasi voluptates mollitia porro. Dolor quaerat nostrum quibusdam necessitatibus.', '{778868, 552992, 770807}', 'Et error nihil quae voluptati', TRUE, 'Ut optio eligendi', 'ALTA', '29.007.445/7586-59' );
INSERT INTO pontoInstalacao ( descricao, coordenadas, fonteAlimentacao, contatoAgua, conectividade, iluminacao, cnpjParque )
	VALUES ( 'Tempore eos reiciendis saepe cum corrupti ipsa. Necessitatibus reprehenderit maiores rem. Corrupti repellendus eos nam amet veri', '{553207, 383272, 415627}', 'Eos mollitia in ducimus', FALSE, 'Ratione laudantium harum quia ', 'BAIXA', '32.424.895/5159-17' );
INSERT INTO pontoInstalacao ( descricao, coordenadas, fonteAlimentacao, contatoAgua, conectividade, iluminacao, cnpjParque )
	VALUES ( 'Sed provident eos deserunt possimus possimus aspernatur laborum. Eum facilis nihil labore. A maiores cumque quod earum alias nob', '{862245, 345943, 750115}', 'Nemo alias ipsum facilis', TRUE, 'Veniam pariatur veritatis asp', 'BAIXA', '19.228.951/1483-58' );
INSERT INTO pontoInstalacao ( descricao, coordenadas, fonteAlimentacao, contatoAgua, conectividade, iluminacao, cnpjParque )
	VALUES ( 'Excepturi illum quod quasi optio totam quos quos. Repellat dicta dolorum. Ea consequuntur vitae voluptates veniam modi porro. Li', '{517511, 746589, 614066}', 'Quasi occaecati quas. Od', FALSE, 'Voluptatem similique natus quisq', 'ALTA', '78.721.896/9395-42' );
INSERT INTO pontoInstalacao ( descricao, coordenadas, fonteAlimentacao, contatoAgua, conectividade, iluminacao, cnpjParque )
	VALUES ( 'Numquam nesciunt perferendis dolores perferendis odit. A sit voluptatem. At sint natus recusandae laboriosam. Officiis sequi vel', '{427962, 600870, 868987}', 'Occaecati in temp', FALSE, 'In numquam nihil ', 'ALTA', '75.783.195/0716-32' );
INSERT INTO pontoInstalacao ( descricao, coordenadas, fonteAlimentacao, contatoAgua, conectividade, iluminacao, cnpjParque )
	VALUES ( 'Eveniet nostrum praesentium atque doloribus repudiandae consectetur. Unde ex neque dolores unde aperiam nemo.', '{618263, 668076, 287471}', 'Ad minus libero a des', FALSE, 'Vero quos natus. Sequi il', 'BAIXA', '29.007.445/7586-59' );
INSERT INTO pontoInstalacao ( descricao, coordenadas, fonteAlimentacao, contatoAgua, conectividade, iluminacao, cnpjParque )
	VALUES ( 'Quidem maiores et doloremque iure nobis. Maxime accusantium qui provident quia fuga rerum.', '{675536, 696058, 364726}', 'Accusamus quas facere delen', FALSE, 'Et necessitatibus officia volupt', 'BAIXA', '07.678.730/8190-34' );
INSERT INTO pontoInstalacao ( descricao, coordenadas, fonteAlimentacao, contatoAgua, conectividade, iluminacao, cnpjParque )
	VALUES ( 'Inventore fuga quam cumque soluta explicabo odit animi. Culpa ipsa minus iusto enim repellendus. Reiciendis perferendis minus in', '{102937, 264139, 510252}', 'Illo doloremque dolo', TRUE, 'Qui dolor minima n', 'ALTA', '88.522.783/1295-88' );
INSERT INTO pontoInstalacao ( descricao, coordenadas, fonteAlimentacao, contatoAgua, conectividade, iluminacao, cnpjParque )
	VALUES ( 'Modi beatae enim ex expedita. Voluptatem praesentium quam commodi voluptate alias sed enim. Suscipit incidunt quae sequi non del', '{314889, 331067, 739152}', 'Maiores ipsam quaerat assumen', FALSE, 'Esse quaerat impedit exceptur', 'MEDIA', '55.760.801/2232-18' );
INSERT INTO pontoInstalacao ( descricao, coordenadas, fonteAlimentacao, contatoAgua, conectividade, iluminacao, cnpjParque )
	VALUES ( 'Quo repellat ex dolores nam reiciendis. Ipsa quod repellat magni tenetur inventore. Vitae magni blanditiis. Cum quia ullam itaqu', '{267702, 148103, 703496}', 'Animi aperiam temp', FALSE, 'Accusantium deleniti ea c', 'ALTA', '03.127.699/6296-36' );
INSERT INTO pontoInstalacao ( descricao, coordenadas, fonteAlimentacao, contatoAgua, conectividade, iluminacao, cnpjParque )
	VALUES ( 'Et impedit laboriosam rerum repudiandae. Iste cupiditate animi excepturi quibusdam exercitationem. Laboriosam velit odit sit ani', '{850449, 155617, 672231}', 'Veniam quod assumenda blandit', FALSE, 'Commodi inventore ex harum. O', 'MEDIA', '14.624.696/1315-72' );
/* NULL INSERTION FOR ATTRIBUTE descricao AT TABLE pontoInstalacao  */
 INSERT INTO pontoInstalacao ( descricao, coordenadas, fonteAlimentacao, contatoAgua, conectividade, iluminacao, cnpjParque )
	VALUES ( NULL, '{200572, 100907, 165366}', 'Veritatis explicabo ', TRUE, 'Provident quae labor', 'MEDIA', '26.165.876/1045-10' );
/* NULL INSERTION FOR ATTRIBUTE fonteAlimentacao AT TABLE pontoInstalacao  */
 INSERT INTO pontoInstalacao ( descricao, coordenadas, fonteAlimentacao, contatoAgua, conectividade, iluminacao, cnpjParque )
	VALUES ( 'Quis odit earum ratione ratione non architecto. Nemo sequi voluptas. Praesentium rerum cumque facilis consequatur itaque nihil.', '{781255, 195293, 251925}', NULL, TRUE, 'Dicta dolorum nesciunt o', 'MEDIA', '80.791.658/2644-47' );
/* NULL INSERTION FOR ATTRIBUTE contatoAgua AT TABLE pontoInstalacao  */
 INSERT INTO pontoInstalacao ( descricao, coordenadas, fonteAlimentacao, contatoAgua, conectividade, iluminacao, cnpjParque )
	VALUES ( 'Distinctio esse culpa cumque. Earum maxime nemo tempora perferendis distinctio corporis vero. Voluptatibus impedit et pariatur. ', '{585264, 659812, 555011}', 'Corrupti similique hi', NULL, 'Velit similique dolores s', 'MEDIA', '00.082.473/9285-21' );
/* NULL INSERTION FOR ATTRIBUTE conectividade AT TABLE pontoInstalacao  */
 INSERT INTO pontoInstalacao ( descricao, coordenadas, fonteAlimentacao, contatoAgua, conectividade, iluminacao, cnpjParque )
	VALUES ( 'Illo neque alias odit debitis. Vero illo ad. At velit cum nihil temporibus ratione voluptatem sequi. Dolor ex reprehenderit erro', '{317126, 532698, 586017}', 'Asperiores nostrum volupta', FALSE, NULL, 'MEDIA', '76.900.088/3107-76' );
/* NULL INSERTION FOR ATTRIBUTE iluminacao AT TABLE pontoInstalacao  */
 INSERT INTO pontoInstalacao ( descricao, coordenadas, fonteAlimentacao, contatoAgua, conectividade, iluminacao, cnpjParque )
	VALUES ( 'Nulla incidunt dolorem minima quos nihil. Quos laudantium iusto. Sequi eaque est totam. Tempora consequuntur non odit excepturi ', '{564948, 841505, 632143}', 'Earum repellat deserunt dolores ', FALSE, 'Quibusdam rem at', NULL, '36.519.416/7991-54' );

/* TABLE pontoCamera */
INSERT INTO pontoCamera ( quantidade, cnpjParque, idCamera, coordenadas, data )
	VALUES ( 739804, '88.766.925/3716-63', 33, '{603079, 490409, 441847}', to_date ('2005-03-01', 'YYYY-MM-DD') );
INSERT INTO pontoCamera ( quantidade, cnpjParque, idCamera, coordenadas, data )
	VALUES ( 158227, '67.340.110/3744-84', 94, '{250069, 243367, 291133}', to_date ('2005-09-01', 'YYYY-MM-DD') );
INSERT INTO pontoCamera ( quantidade, cnpjParque, idCamera, coordenadas, data )
	VALUES ( 712673, '20.731.426/6860-56', 48, '{467066, 374998, 833020}', to_date ('2002-02-16', 'YYYY-MM-DD') );
INSERT INTO pontoCamera ( quantidade, cnpjParque, idCamera, coordenadas, data )
	VALUES ( 312249, '13.059.259/5773-14', 7, '{252330, 261463, 147977}', to_date ('2011-03-15', 'YYYY-MM-DD') );
INSERT INTO pontoCamera ( quantidade, cnpjParque, idCamera, coordenadas, data )
	VALUES ( 854572, '11.788.751/9528-38', 90, '{344106, 715324, 607787}', to_date ('2009-04-11', 'YYYY-MM-DD') );
INSERT INTO pontoCamera ( quantidade, cnpjParque, idCamera, coordenadas, data )
	VALUES ( 284228, '48.965.946/7260-28', 20, '{411919, 692282, 870886}', to_date ('2002-02-14', 'YYYY-MM-DD') );
INSERT INTO pontoCamera ( quantidade, cnpjParque, idCamera, coordenadas, data )
	VALUES ( 599582, '19.946.737/4987-18', 54, '{291440, 368789, 259599}', to_date ('2009-02-16', 'YYYY-MM-DD') );
INSERT INTO pontoCamera ( quantidade, cnpjParque, idCamera, coordenadas, data )
	VALUES ( 264472, '80.791.658/2644-47', 80, '{251449, 813614, 651324}', to_date ('2002-10-22', 'YYYY-MM-DD') );
INSERT INTO pontoCamera ( quantidade, cnpjParque, idCamera, coordenadas, data )
	VALUES ( 454721, '94.538.035/7334-89', 59, '{638013, 323427, 461103}', to_date ('2002-06-02', 'YYYY-MM-DD') );
INSERT INTO pontoCamera ( quantidade, cnpjParque, idCamera, coordenadas, data )
	VALUES ( 412691, '51.479.527/2749-15', 29, '{580016, 396838, 792567}', to_date ('2012-05-14', 'YYYY-MM-DD') );
INSERT INTO pontoCamera ( quantidade, cnpjParque, idCamera, coordenadas, data )
	VALUES ( 308837, '28.890.752/8739-10', 26, '{782662, 741542, 784970}', to_date ('2003-05-05', 'YYYY-MM-DD') );
INSERT INTO pontoCamera ( quantidade, cnpjParque, idCamera, coordenadas, data )
	VALUES ( 789262, '91.676.137/0246-49', 72, '{215442, 875753, 401330}', to_date ('2017-05-07', 'YYYY-MM-DD') );
INSERT INTO pontoCamera ( quantidade, cnpjParque, idCamera, coordenadas, data )
	VALUES ( 274341, '73.257.555/4258-42', 86, '{615073, 152345, 673243}', to_date ('2008-11-18', 'YYYY-MM-DD') );
INSERT INTO pontoCamera ( quantidade, cnpjParque, idCamera, coordenadas, data )
	VALUES ( 377674, '78.176.667/1123-29', 2, '{866037, 168281, 520625}', to_date ('2018-04-12', 'YYYY-MM-DD') );
INSERT INTO pontoCamera ( quantidade, cnpjParque, idCamera, coordenadas, data )
	VALUES ( 859020, '88.766.925/3716-63', 33, '{215647, 680854, 450897}', to_date ('2009-01-11', 'YYYY-MM-DD') );
INSERT INTO pontoCamera ( quantidade, cnpjParque, idCamera, coordenadas, data )
	VALUES ( 184800, '29.007.445/7586-59', 89, '{778868, 552992, 770807}', to_date ('2011-01-22', 'YYYY-MM-DD') );
INSERT INTO pontoCamera ( quantidade, cnpjParque, idCamera, coordenadas, data )
	VALUES ( 712342, '80.791.658/2644-47', 5, '{883034, 167413, 190941}', to_date ('2007-10-18', 'YYYY-MM-DD') );
INSERT INTO pontoCamera ( quantidade, cnpjParque, idCamera, coordenadas, data )
	VALUES ( 190754, '26.165.876/1045-10', 69, '{172192, 865764, 743476}', to_date ('2015-07-24', 'YYYY-MM-DD') );
INSERT INTO pontoCamera ( quantidade, cnpjParque, idCamera, coordenadas, data )
	VALUES ( 537926, '80.791.658/2644-47', 27, '{883034, 167413, 190941}', to_date ('2016-08-19', 'YYYY-MM-DD') );
INSERT INTO pontoCamera ( quantidade, cnpjParque, idCamera, coordenadas, data )
	VALUES ( 285377, '11.788.751/9528-38', 96, '{637387, 133382, 497671}', to_date ('2011-08-16', 'YYYY-MM-DD') );
INSERT INTO pontoCamera ( quantidade, cnpjParque, idCamera, coordenadas, data )
	VALUES ( 174647, '19.946.737/4987-18', 55, '{291440, 368789, 259599}', to_date ('2014-08-29', 'YYYY-MM-DD') );
INSERT INTO pontoCamera ( quantidade, cnpjParque, idCamera, coordenadas, data )
	VALUES ( 138650, '37.347.569/6458-47', 56, '{674765, 892744, 413547}', to_date ('2010-08-11', 'YYYY-MM-DD') );
INSERT INTO pontoCamera ( quantidade, cnpjParque, idCamera, coordenadas, data )
	VALUES ( 860862, '19.228.951/1483-58', 95, '{862245, 345943, 750115}', to_date ('2014-02-15', 'YYYY-MM-DD') );
INSERT INTO pontoCamera ( quantidade, cnpjParque, idCamera, coordenadas, data )
	VALUES ( 202574, '68.218.168/1057-70', 77, '{191003, 695343, 887989}', to_date ('2006-07-23', 'YYYY-MM-DD') );
INSERT INTO pontoCamera ( quantidade, cnpjParque, idCamera, coordenadas, data )
	VALUES ( 107587, '19.946.737/4987-18', 70, '{291440, 368789, 259599}', to_date ('2000-04-22', 'YYYY-MM-DD') );
INSERT INTO pontoCamera ( quantidade, cnpjParque, idCamera, coordenadas, data )
	VALUES ( 593622, '98.648.805/9370-65', 74, '{555745, 899336, 695942}', to_date ('2003-06-27', 'YYYY-MM-DD') );
INSERT INTO pontoCamera ( quantidade, cnpjParque, idCamera, coordenadas, data )
	VALUES ( 327481, '21.095.547/5452-13', 23, '{648027, 701804, 308223}', to_date ('2000-11-24', 'YYYY-MM-DD') );
INSERT INTO pontoCamera ( quantidade, cnpjParque, idCamera, coordenadas, data )
	VALUES ( 404119, '32.424.895/5159-17', 22, '{553207, 383272, 415627}', to_date ('2007-04-09', 'YYYY-MM-DD') );
INSERT INTO pontoCamera ( quantidade, cnpjParque, idCamera, coordenadas, data )
	VALUES ( 893621, '76.900.088/3107-76', 75, '{681564, 883585, 741840}', to_date ('2002-10-07', 'YYYY-MM-DD') );
INSERT INTO pontoCamera ( quantidade, cnpjParque, idCamera, coordenadas, data )
	VALUES ( 762258, '23.307.754/3608-46', 27, '{435410, 725671, 604192}', to_date ('2011-10-03', 'YYYY-MM-DD') );
INSERT INTO pontoCamera ( quantidade, cnpjParque, idCamera, coordenadas, data )
	VALUES ( 607459, '07.678.730/8190-34', 83, '{675536, 696058, 364726}', to_date ('2017-06-27', 'YYYY-MM-DD') );
INSERT INTO pontoCamera ( quantidade, cnpjParque, idCamera, coordenadas, data )
	VALUES ( 694956, '88.522.783/1295-88', 82, '{396817, 480602, 852661}', to_date ('2002-09-11', 'YYYY-MM-DD') );
INSERT INTO pontoCamera ( quantidade, cnpjParque, idCamera, coordenadas, data )
	VALUES ( 372467, '04.311.437/2024-71', 20, '{427604, 428164, 299199}', to_date ('2014-02-10', 'YYYY-MM-DD') );
INSERT INTO pontoCamera ( quantidade, cnpjParque, idCamera, coordenadas, data )
	VALUES ( 380644, '98.853.014/7988-94', 61, '{637510, 721292, 318004}', to_date ('2002-04-16', 'YYYY-MM-DD') );
INSERT INTO pontoCamera ( quantidade, cnpjParque, idCamera, coordenadas, data )
	VALUES ( 569026, '06.617.154/6577-42', 77, '{451391, 180197, 573893}', to_date ('2010-08-20', 'YYYY-MM-DD') );
INSERT INTO pontoCamera ( quantidade, cnpjParque, idCamera, coordenadas, data )
	VALUES ( 701374, '00.100.368/4290-66', 6, '{174329, 814949, 171508}', to_date ('2011-09-04', 'YYYY-MM-DD') );
INSERT INTO pontoCamera ( quantidade, cnpjParque, idCamera, coordenadas, data )
	VALUES ( 549542, '93.643.869/8377-62', 18, '{194373, 151159, 558004}', to_date ('2014-03-07', 'YYYY-MM-DD') );
INSERT INTO pontoCamera ( quantidade, cnpjParque, idCamera, coordenadas, data )
	VALUES ( 326908, '08.660.251/3482-20', 78, '{337685, 785873, 167200}', to_date ('2018-06-28', 'YYYY-MM-DD') );
INSERT INTO pontoCamera ( quantidade, cnpjParque, idCamera, coordenadas, data )
	VALUES ( 585141, '94.538.035/7334-89', 47, '{315495, 216476, 115452}', to_date ('2013-05-11', 'YYYY-MM-DD') );
INSERT INTO pontoCamera ( quantidade, cnpjParque, idCamera, coordenadas, data )
	VALUES ( 451649, '78.721.896/9395-42', 82, '{517511, 746589, 614066}', to_date ('2008-03-26', 'YYYY-MM-DD') );
INSERT INTO pontoCamera ( quantidade, cnpjParque, idCamera, coordenadas, data )
	VALUES ( 649049, '08.496.604/1517-19', 76, '{867628, 880381, 633655}', to_date ('2000-06-26', 'YYYY-MM-DD') );
INSERT INTO pontoCamera ( quantidade, cnpjParque, idCamera, coordenadas, data )
	VALUES ( 399715, '29.007.445/7586-59', 78, '{778868, 552992, 770807}', to_date ('2008-01-25', 'YYYY-MM-DD') );
INSERT INTO pontoCamera ( quantidade, cnpjParque, idCamera, coordenadas, data )
	VALUES ( 300750, '88.522.783/1295-88', 99, '{396735, 851123, 746780}', to_date ('2012-04-11', 'YYYY-MM-DD') );
INSERT INTO pontoCamera ( quantidade, cnpjParque, idCamera, coordenadas, data )
	VALUES ( 643793, '78.721.896/9395-42', 74, '{517511, 746589, 614066}', to_date ('2018-01-29', 'YYYY-MM-DD') );
INSERT INTO pontoCamera ( quantidade, cnpjParque, idCamera, coordenadas, data )
	VALUES ( 750022, '12.002.044/0099-26', 11, '{626192, 879556, 334209}', to_date ('2017-08-05', 'YYYY-MM-DD') );
INSERT INTO pontoCamera ( quantidade, cnpjParque, idCamera, coordenadas, data )
	VALUES ( 866367, '80.791.658/2644-47', 29, '{251449, 813614, 651324}', to_date ('2001-02-06', 'YYYY-MM-DD') );
INSERT INTO pontoCamera ( quantidade, cnpjParque, idCamera, coordenadas, data )
	VALUES ( 316953, '93.643.869/8377-62', 94, '{194373, 151159, 558004}', to_date ('2002-02-03', 'YYYY-MM-DD') );
INSERT INTO pontoCamera ( quantidade, cnpjParque, idCamera, coordenadas, data )
	VALUES ( 498307, '28.798.178/5397-14', 88, '{305157, 346559, 126235}', to_date ('2012-08-03', 'YYYY-MM-DD') );
INSERT INTO pontoCamera ( quantidade, cnpjParque, idCamera, coordenadas, data )
	VALUES ( 883419, '00.276.961/9065-26', 77, '{621120, 476979, 724144}', to_date ('2014-06-05', 'YYYY-MM-DD') );
INSERT INTO pontoCamera ( quantidade, cnpjParque, idCamera, coordenadas, data )
	VALUES ( 698875, '65.760.754/0289-77', 9, '{344454, 734172, 407480}', to_date ('2015-10-26', 'YYYY-MM-DD') );
INSERT INTO pontoCamera ( quantidade, cnpjParque, idCamera, coordenadas, data )
	VALUES ( 355963, '20.868.438/5595-07', 15, '{538010, 458543, 176733}', to_date ('2013-04-03', 'YYYY-MM-DD') );
INSERT INTO pontoCamera ( quantidade, cnpjParque, idCamera, coordenadas, data )
	VALUES ( 399694, '11.788.751/9528-38', 72, '{344106, 715324, 607787}', to_date ('2018-04-07', 'YYYY-MM-DD') );
INSERT INTO pontoCamera ( quantidade, cnpjParque, idCamera, coordenadas, data )
	VALUES ( 456710, '39.776.885/5374-08', 15, '{818042, 139248, 122225}', to_date ('2003-01-06', 'YYYY-MM-DD') );
INSERT INTO pontoCamera ( quantidade, cnpjParque, idCamera, coordenadas, data )
	VALUES ( 418772, '00.082.473/9285-21', 53, '{292384, 834144, 284354}', to_date ('2000-11-27', 'YYYY-MM-DD') );
INSERT INTO pontoCamera ( quantidade, cnpjParque, idCamera, coordenadas, data )
	VALUES ( 118363, '04.311.437/2024-71', 83, '{427604, 428164, 299199}', to_date ('2013-02-19', 'YYYY-MM-DD') );
INSERT INTO pontoCamera ( quantidade, cnpjParque, idCamera, coordenadas, data )
	VALUES ( 688009, '29.007.445/7586-59', 62, '{778868, 552992, 770807}', to_date ('2001-01-29', 'YYYY-MM-DD') );
INSERT INTO pontoCamera ( quantidade, cnpjParque, idCamera, coordenadas, data )
	VALUES ( 595517, '88.522.783/1295-88', 39, '{396735, 851123, 746780}', to_date ('2018-11-23', 'YYYY-MM-DD') );
INSERT INTO pontoCamera ( quantidade, cnpjParque, idCamera, coordenadas, data )
	VALUES ( 805060, '07.678.730/8190-34', 89, '{675536, 696058, 364726}', to_date ('2002-04-12', 'YYYY-MM-DD') );
INSERT INTO pontoCamera ( quantidade, cnpjParque, idCamera, coordenadas, data )
	VALUES ( 496682, '78.098.918/1929-09', 37, '{114417, 615740, 549284}', to_date ('2009-05-02', 'YYYY-MM-DD') );
INSERT INTO pontoCamera ( quantidade, cnpjParque, idCamera, coordenadas, data )
	VALUES ( 513687, '00.276.961/9065-26', 84, '{621120, 476979, 724144}', to_date ('2013-05-25', 'YYYY-MM-DD') );
INSERT INTO pontoCamera ( quantidade, cnpjParque, idCamera, coordenadas, data )
	VALUES ( 387432, '78.098.918/1929-09', 91, '{742445, 162243, 793854}', to_date ('2001-10-10', 'YYYY-MM-DD') );
INSERT INTO pontoCamera ( quantidade, cnpjParque, idCamera, coordenadas, data )
	VALUES ( 176640, '29.007.445/7586-59', 2, '{618263, 668076, 287471}', to_date ('2010-09-27', 'YYYY-MM-DD') );
INSERT INTO pontoCamera ( quantidade, cnpjParque, idCamera, coordenadas, data )
	VALUES ( 546888, '94.538.035/7334-89', 17, '{638013, 323427, 461103}', to_date ('2006-03-09', 'YYYY-MM-DD') );
INSERT INTO pontoCamera ( quantidade, cnpjParque, idCamera, coordenadas, data )
	VALUES ( 313666, '88.766.925/3716-63', 16, '{215647, 680854, 450897}', to_date ('2018-04-22', 'YYYY-MM-DD') );
INSERT INTO pontoCamera ( quantidade, cnpjParque, idCamera, coordenadas, data )
	VALUES ( 673249, '11.788.751/9528-38', 62, '{757722, 647347, 218226}', to_date ('2002-06-23', 'YYYY-MM-DD') );
INSERT INTO pontoCamera ( quantidade, cnpjParque, idCamera, coordenadas, data )
	VALUES ( 764000, '98.648.805/9370-65', 95, '{555745, 899336, 695942}', to_date ('2001-10-07', 'YYYY-MM-DD') );
INSERT INTO pontoCamera ( quantidade, cnpjParque, idCamera, coordenadas, data )
	VALUES ( 431560, '75.783.195/0716-32', 76, '{403206, 140267, 885101}', to_date ('2014-10-28', 'YYYY-MM-DD') );
INSERT INTO pontoCamera ( quantidade, cnpjParque, idCamera, coordenadas, data )
	VALUES ( 133032, '63.262.847/1168-25', 68, '{451264, 495278, 165894}', to_date ('2014-07-09', 'YYYY-MM-DD') );
INSERT INTO pontoCamera ( quantidade, cnpjParque, idCamera, coordenadas, data )
	VALUES ( 402038, '00.100.368/4290-66', 60, '{174329, 814949, 171508}', to_date ('2017-07-24', 'YYYY-MM-DD') );
INSERT INTO pontoCamera ( quantidade, cnpjParque, idCamera, coordenadas, data )
	VALUES ( 714099, '26.165.876/1045-10', 21, '{534143, 713522, 301787}', to_date ('2009-11-21', 'YYYY-MM-DD') );
INSERT INTO pontoCamera ( quantidade, cnpjParque, idCamera, coordenadas, data )
	VALUES ( 592491, '11.788.751/9528-38', 77, '{757722, 647347, 218226}', to_date ('2008-09-12', 'YYYY-MM-DD') );
INSERT INTO pontoCamera ( quantidade, cnpjParque, idCamera, coordenadas, data )
	VALUES ( 692229, '26.123.942/0507-77', 15, '{894742, 483694, 564138}', to_date ('2017-08-01', 'YYYY-MM-DD') );
INSERT INTO pontoCamera ( quantidade, cnpjParque, idCamera, coordenadas, data )
	VALUES ( 429623, '75.783.195/0716-32', 24, '{266543, 353530, 133133}', to_date ('2001-09-12', 'YYYY-MM-DD') );
INSERT INTO pontoCamera ( quantidade, cnpjParque, idCamera, coordenadas, data )
	VALUES ( 837678, '11.788.751/9528-38', 42, '{344106, 715324, 607787}', to_date ('2017-03-12', 'YYYY-MM-DD') );
INSERT INTO pontoCamera ( quantidade, cnpjParque, idCamera, coordenadas, data )
	VALUES ( 191264, '78.721.896/9395-42', 39, '{517511, 746589, 614066}', to_date ('2011-07-07', 'YYYY-MM-DD') );
INSERT INTO pontoCamera ( quantidade, cnpjParque, idCamera, coordenadas, data )
	VALUES ( 868266, '28.890.752/8739-10', 93, '{782662, 741542, 784970}', to_date ('2018-06-21', 'YYYY-MM-DD') );
INSERT INTO pontoCamera ( quantidade, cnpjParque, idCamera, coordenadas, data )
	VALUES ( 355681, '68.218.168/1057-70', 57, '{158512, 282282, 389017}', to_date ('2012-10-28', 'YYYY-MM-DD') );
INSERT INTO pontoCamera ( quantidade, cnpjParque, idCamera, coordenadas, data )
	VALUES ( 260984, '78.176.667/1123-29', 49, '{606597, 617499, 358719}', to_date ('2018-09-29', 'YYYY-MM-DD') );
INSERT INTO pontoCamera ( quantidade, cnpjParque, idCamera, coordenadas, data )
	VALUES ( 897937, '26.165.876/1045-10', 95, '{172192, 865764, 743476}', to_date ('2010-02-05', 'YYYY-MM-DD') );
INSERT INTO pontoCamera ( quantidade, cnpjParque, idCamera, coordenadas, data )
	VALUES ( 818120, '21.095.547/5452-13', 94, '{648027, 701804, 308223}', to_date ('2010-06-09', 'YYYY-MM-DD') );
INSERT INTO pontoCamera ( quantidade, cnpjParque, idCamera, coordenadas, data )
	VALUES ( 886506, '37.347.569/6458-47', 98, '{674765, 892744, 413547}', to_date ('2013-09-27', 'YYYY-MM-DD') );
INSERT INTO pontoCamera ( quantidade, cnpjParque, idCamera, coordenadas, data )
	VALUES ( 888526, '21.095.547/5452-13', 8, '{648027, 701804, 308223}', to_date ('2001-01-08', 'YYYY-MM-DD') );
INSERT INTO pontoCamera ( quantidade, cnpjParque, idCamera, coordenadas, data )
	VALUES ( 836577, '32.424.895/5159-17', 83, '{579829, 403581, 453628}', to_date ('2006-07-22', 'YYYY-MM-DD') );
INSERT INTO pontoCamera ( quantidade, cnpjParque, idCamera, coordenadas, data )
	VALUES ( 426639, '31.976.335/9117-10', 75, '{795603, 612265, 465177}', to_date ('2010-09-24', 'YYYY-MM-DD') );
INSERT INTO pontoCamera ( quantidade, cnpjParque, idCamera, coordenadas, data )
	VALUES ( 582391, '29.007.445/7586-59', 57, '{778868, 552992, 770807}', to_date ('2002-06-08', 'YYYY-MM-DD') );
INSERT INTO pontoCamera ( quantidade, cnpjParque, idCamera, coordenadas, data )
	VALUES ( 333783, '23.307.754/3608-46', 85, '{435410, 725671, 604192}', to_date ('2012-04-21', 'YYYY-MM-DD') );
INSERT INTO pontoCamera ( quantidade, cnpjParque, idCamera, coordenadas, data )
	VALUES ( 765882, '80.791.658/2644-47', 8, '{883034, 167413, 190941}', to_date ('2012-07-29', 'YYYY-MM-DD') );
INSERT INTO pontoCamera ( quantidade, cnpjParque, idCamera, coordenadas, data )
	VALUES ( 368106, '28.798.178/5397-14', 86, '{305157, 346559, 126235}', to_date ('2011-06-01', 'YYYY-MM-DD') );
INSERT INTO pontoCamera ( quantidade, cnpjParque, idCamera, coordenadas, data )
	VALUES ( 651190, '06.887.851/5483-98', 42, '{314890, 897175, 344221}', to_date ('2005-05-23', 'YYYY-MM-DD') );
INSERT INTO pontoCamera ( quantidade, cnpjParque, idCamera, coordenadas, data )
	VALUES ( 725066, '06.617.154/6577-42', 94, '{510257, 283599, 107217}', to_date ('2014-08-24', 'YYYY-MM-DD') );
INSERT INTO pontoCamera ( quantidade, cnpjParque, idCamera, coordenadas, data )
	VALUES ( 634583, '19.228.951/1483-58', 11, '{453239, 285717, 278660}', to_date ('2008-11-09', 'YYYY-MM-DD') );
INSERT INTO pontoCamera ( quantidade, cnpjParque, idCamera, coordenadas, data )
	VALUES ( 433922, '88.522.783/1295-88', 97, '{102937, 264139, 510252}', to_date ('2001-10-17', 'YYYY-MM-DD') );
INSERT INTO pontoCamera ( quantidade, cnpjParque, idCamera, coordenadas, data )
	VALUES ( 775508, '32.424.895/5159-17', 6, '{579829, 403581, 453628}', to_date ('2009-07-04', 'YYYY-MM-DD') );
INSERT INTO pontoCamera ( quantidade, cnpjParque, idCamera, coordenadas, data )
	VALUES ( 893813, '00.276.961/9065-26', 80, '{726766, 549665, 119711}', to_date ('2008-07-10', 'YYYY-MM-DD') );
INSERT INTO pontoCamera ( quantidade, cnpjParque, idCamera, coordenadas, data )
	VALUES ( 660730, '19.228.951/1483-58', 30, '{453239, 285717, 278660}', to_date ('2009-04-11', 'YYYY-MM-DD') );
INSERT INTO pontoCamera ( quantidade, cnpjParque, idCamera, coordenadas, data )
	VALUES ( 503613, '78.176.667/1123-29', 46, '{866037, 168281, 520625}', to_date ('2003-02-29', 'YYYY-MM-DD') );
INSERT INTO pontoCamera ( quantidade, cnpjParque, idCamera, coordenadas, data )
	VALUES ( 457807, '88.522.783/1295-88', 51, '{562667, 487286, 699687}', to_date ('2015-11-29', 'YYYY-MM-DD') );
INSERT INTO pontoCamera ( quantidade, cnpjParque, idCamera, coordenadas, data )
	VALUES ( 570028, '00.082.473/9285-21', 84, '{292384, 834144, 284354}', to_date ('2013-02-14', 'YYYY-MM-DD') );
INSERT INTO pontoCamera ( quantidade, cnpjParque, idCamera, coordenadas, data )
	VALUES ( 362825, '78.098.918/1929-09', 55, '{124117, 585276, 547348}', to_date ('2015-09-03', 'YYYY-MM-DD') );
INSERT INTO pontoCamera ( quantidade, cnpjParque, idCamera, coordenadas, data )
	VALUES ( 670956, '00.100.368/4290-66', 91, '{174329, 814949, 171508}', to_date ('2001-08-22', 'YYYY-MM-DD') );

/* TABLE pontoEstrutura */
INSERT INTO pontoEstrutura ( quantidade, cnpjParque, idEstruturacao, coordenadas, data )
	VALUES ( 818266, '75.783.195/0716-32', 67, '{427962, 600870, 868987}', to_date ('2011-04-13', 'YYYY-MM-DD') );
INSERT INTO pontoEstrutura ( quantidade, cnpjParque, idEstruturacao, coordenadas, data )
	VALUES ( 143043, '68.218.168/1057-70', 85, '{158512, 282282, 389017}', to_date ('2005-11-18', 'YYYY-MM-DD') );
INSERT INTO pontoEstrutura ( quantidade, cnpjParque, idEstruturacao, coordenadas, data )
	VALUES ( 501704, '37.347.569/6458-47', 73, '{674765, 892744, 413547}', to_date ('2011-02-09', 'YYYY-MM-DD') );
INSERT INTO pontoEstrutura ( quantidade, cnpjParque, idEstruturacao, coordenadas, data )
	VALUES ( 350263, '88.522.783/1295-88', 49, '{396735, 851123, 746780}', to_date ('2006-07-09', 'YYYY-MM-DD') );
INSERT INTO pontoEstrutura ( quantidade, cnpjParque, idEstruturacao, coordenadas, data )
	VALUES ( 132531, '06.617.154/6577-42', 95, '{510257, 283599, 107217}', to_date ('2011-09-10', 'YYYY-MM-DD') );
INSERT INTO pontoEstrutura ( quantidade, cnpjParque, idEstruturacao, coordenadas, data )
	VALUES ( 379231, '23.307.754/3608-46', 77, '{435410, 725671, 604192}', to_date ('2013-03-17', 'YYYY-MM-DD') );
INSERT INTO pontoEstrutura ( quantidade, cnpjParque, idEstruturacao, coordenadas, data )
	VALUES ( 788044, '31.976.335/9117-10', 75, '{870831, 577015, 218680}', to_date ('2004-03-16', 'YYYY-MM-DD') );
INSERT INTO pontoEstrutura ( quantidade, cnpjParque, idEstruturacao, coordenadas, data )
	VALUES ( 603595, '88.540.442/9424-54', 65, '{852012, 149823, 867611}', to_date ('2007-03-25', 'YYYY-MM-DD') );
INSERT INTO pontoEstrutura ( quantidade, cnpjParque, idEstruturacao, coordenadas, data )
	VALUES ( 166169, '37.347.569/6458-47', 98, '{825423, 387691, 471339}', to_date ('2008-05-25', 'YYYY-MM-DD') );
INSERT INTO pontoEstrutura ( quantidade, cnpjParque, idEstruturacao, coordenadas, data )
	VALUES ( 272253, '37.347.569/6458-47', 87, '{825423, 387691, 471339}', to_date ('2014-06-20', 'YYYY-MM-DD') );
INSERT INTO pontoEstrutura ( quantidade, cnpjParque, idEstruturacao, coordenadas, data )
	VALUES ( 594320, '88.766.925/3716-63', 47, '{603079, 490409, 441847}', to_date ('2009-05-07', 'YYYY-MM-DD') );
INSERT INTO pontoEstrutura ( quantidade, cnpjParque, idEstruturacao, coordenadas, data )
	VALUES ( 783358, '39.776.885/5374-08', 59, '{818042, 139248, 122225}', to_date ('2003-10-22', 'YYYY-MM-DD') );
INSERT INTO pontoEstrutura ( quantidade, cnpjParque, idEstruturacao, coordenadas, data )
	VALUES ( 137231, '88.766.925/3716-63', 29, '{215647, 680854, 450897}', to_date ('2005-03-26', 'YYYY-MM-DD') );
INSERT INTO pontoEstrutura ( quantidade, cnpjParque, idEstruturacao, coordenadas, data )
	VALUES ( 799266, '13.059.259/5773-14', 80, '{252330, 261463, 147977}', to_date ('2013-11-21', 'YYYY-MM-DD') );
INSERT INTO pontoEstrutura ( quantidade, cnpjParque, idEstruturacao, coordenadas, data )
	VALUES ( 780955, '12.002.044/0099-26', 45, '{626192, 879556, 334209}', to_date ('2006-09-24', 'YYYY-MM-DD') );
INSERT INTO pontoEstrutura ( quantidade, cnpjParque, idEstruturacao, coordenadas, data )
	VALUES ( 416226, '21.095.547/5452-13', 67, '{648027, 701804, 308223}', to_date ('2004-06-24', 'YYYY-MM-DD') );
INSERT INTO pontoEstrutura ( quantidade, cnpjParque, idEstruturacao, coordenadas, data )
	VALUES ( 482239, '88.766.925/3716-63', 90, '{603079, 490409, 441847}', to_date ('2004-05-12', 'YYYY-MM-DD') );
INSERT INTO pontoEstrutura ( quantidade, cnpjParque, idEstruturacao, coordenadas, data )
	VALUES ( 607964, '28.798.178/5397-14', 38, '{305157, 346559, 126235}', to_date ('2005-04-18', 'YYYY-MM-DD') );
INSERT INTO pontoEstrutura ( quantidade, cnpjParque, idEstruturacao, coordenadas, data )
	VALUES ( 819713, '81.002.722/2593-09', 53, '{108326, 178430, 180614}', to_date ('2010-02-29', 'YYYY-MM-DD') );
INSERT INTO pontoEstrutura ( quantidade, cnpjParque, idEstruturacao, coordenadas, data )
	VALUES ( 287635, '00.100.368/4290-66', 76, '{174329, 814949, 171508}', to_date ('2015-05-13', 'YYYY-MM-DD') );
INSERT INTO pontoEstrutura ( quantidade, cnpjParque, idEstruturacao, coordenadas, data )
	VALUES ( 506193, '31.976.335/9117-10', 36, '{870831, 577015, 218680}', to_date ('2000-01-20', 'YYYY-MM-DD') );
INSERT INTO pontoEstrutura ( quantidade, cnpjParque, idEstruturacao, coordenadas, data )
	VALUES ( 563373, '75.783.195/0716-32', 7, '{403206, 140267, 885101}', to_date ('2013-08-28', 'YYYY-MM-DD') );
INSERT INTO pontoEstrutura ( quantidade, cnpjParque, idEstruturacao, coordenadas, data )
	VALUES ( 533246, '55.760.801/2232-18', 71, '{314889, 331067, 739152}', to_date ('2003-09-15', 'YYYY-MM-DD') );
INSERT INTO pontoEstrutura ( quantidade, cnpjParque, idEstruturacao, coordenadas, data )
	VALUES ( 462114, '65.760.754/0289-77', 47, '{344454, 734172, 407480}', to_date ('2003-08-17', 'YYYY-MM-DD') );
INSERT INTO pontoEstrutura ( quantidade, cnpjParque, idEstruturacao, coordenadas, data )
	VALUES ( 163519, '11.788.751/9528-38', 38, '{344106, 715324, 607787}', to_date ('2011-03-22', 'YYYY-MM-DD') );
INSERT INTO pontoEstrutura ( quantidade, cnpjParque, idEstruturacao, coordenadas, data )
	VALUES ( 523649, '78.098.918/1929-09', 70, '{114417, 615740, 549284}', to_date ('2008-04-05', 'YYYY-MM-DD') );
INSERT INTO pontoEstrutura ( quantidade, cnpjParque, idEstruturacao, coordenadas, data )
	VALUES ( 118662, '11.788.751/9528-38', 61, '{590883, 231525, 134618}', to_date ('2010-07-11', 'YYYY-MM-DD') );
INSERT INTO pontoEstrutura ( quantidade, cnpjParque, idEstruturacao, coordenadas, data )
	VALUES ( 254898, '31.976.335/9117-10', 4, '{795603, 612265, 465177}', to_date ('2000-08-18', 'YYYY-MM-DD') );
INSERT INTO pontoEstrutura ( quantidade, cnpjParque, idEstruturacao, coordenadas, data )
	VALUES ( 209260, '78.098.918/1929-09', 66, '{124117, 585276, 547348}', to_date ('2005-05-20', 'YYYY-MM-DD') );
INSERT INTO pontoEstrutura ( quantidade, cnpjParque, idEstruturacao, coordenadas, data )
	VALUES ( 694123, '65.760.754/0289-77', 84, '{412907, 862102, 642567}', to_date ('2016-07-10', 'YYYY-MM-DD') );
INSERT INTO pontoEstrutura ( quantidade, cnpjParque, idEstruturacao, coordenadas, data )
	VALUES ( 268472, '45.271.571/7658-25', 65, '{345712, 398648, 699014}', to_date ('2007-07-05', 'YYYY-MM-DD') );
INSERT INTO pontoEstrutura ( quantidade, cnpjParque, idEstruturacao, coordenadas, data )
	VALUES ( 373877, '06.887.851/5483-98', 48, '{314890, 897175, 344221}', to_date ('2017-03-22', 'YYYY-MM-DD') );
INSERT INTO pontoEstrutura ( quantidade, cnpjParque, idEstruturacao, coordenadas, data )
	VALUES ( 520151, '45.271.571/7658-25', 81, '{736018, 712763, 672433}', to_date ('2017-04-12', 'YYYY-MM-DD') );
INSERT INTO pontoEstrutura ( quantidade, cnpjParque, idEstruturacao, coordenadas, data )
	VALUES ( 402332, '65.760.754/0289-77', 12, '{412907, 862102, 642567}', to_date ('2004-03-03', 'YYYY-MM-DD') );
INSERT INTO pontoEstrutura ( quantidade, cnpjParque, idEstruturacao, coordenadas, data )
	VALUES ( 591163, '06.887.851/5483-98', 85, '{314890, 897175, 344221}', to_date ('2001-09-06', 'YYYY-MM-DD') );
INSERT INTO pontoEstrutura ( quantidade, cnpjParque, idEstruturacao, coordenadas, data )
	VALUES ( 130947, '88.522.783/1295-88', 36, '{562667, 487286, 699687}', to_date ('2012-03-23', 'YYYY-MM-DD') );
INSERT INTO pontoEstrutura ( quantidade, cnpjParque, idEstruturacao, coordenadas, data )
	VALUES ( 248797, '88.522.783/1295-88', 59, '{102937, 264139, 510252}', to_date ('2011-07-21', 'YYYY-MM-DD') );
INSERT INTO pontoEstrutura ( quantidade, cnpjParque, idEstruturacao, coordenadas, data )
	VALUES ( 264305, '78.176.667/1123-29', 10, '{866037, 168281, 520625}', to_date ('2006-06-18', 'YYYY-MM-DD') );
INSERT INTO pontoEstrutura ( quantidade, cnpjParque, idEstruturacao, coordenadas, data )
	VALUES ( 222334, '88.766.925/3716-63', 63, '{215647, 680854, 450897}', to_date ('2017-01-29', 'YYYY-MM-DD') );
INSERT INTO pontoEstrutura ( quantidade, cnpjParque, idEstruturacao, coordenadas, data )
	VALUES ( 765463, '11.788.751/9528-38', 100, '{590883, 231525, 134618}', to_date ('2003-05-18', 'YYYY-MM-DD') );
INSERT INTO pontoEstrutura ( quantidade, cnpjParque, idEstruturacao, coordenadas, data )
	VALUES ( 610599, '48.965.946/7260-28', 82, '{411919, 692282, 870886}', to_date ('2012-05-03', 'YYYY-MM-DD') );
INSERT INTO pontoEstrutura ( quantidade, cnpjParque, idEstruturacao, coordenadas, data )
	VALUES ( 501812, '00.276.961/9065-26', 59, '{621120, 476979, 724144}', to_date ('2010-04-30', 'YYYY-MM-DD') );
INSERT INTO pontoEstrutura ( quantidade, cnpjParque, idEstruturacao, coordenadas, data )
	VALUES ( 246075, '75.783.195/0716-32', 37, '{403206, 140267, 885101}', to_date ('2004-02-25', 'YYYY-MM-DD') );
INSERT INTO pontoEstrutura ( quantidade, cnpjParque, idEstruturacao, coordenadas, data )
	VALUES ( 670545, '19.946.737/4987-18', 93, '{291440, 368789, 259599}', to_date ('2013-03-17', 'YYYY-MM-DD') );
INSERT INTO pontoEstrutura ( quantidade, cnpjParque, idEstruturacao, coordenadas, data )
	VALUES ( 738309, '07.678.730/8190-34', 98, '{675536, 696058, 364726}', to_date ('2007-01-09', 'YYYY-MM-DD') );
INSERT INTO pontoEstrutura ( quantidade, cnpjParque, idEstruturacao, coordenadas, data )
	VALUES ( 705557, '59.826.241/9274-32', 22, '{451751, 704524, 298885}', to_date ('2016-02-14', 'YYYY-MM-DD') );
INSERT INTO pontoEstrutura ( quantidade, cnpjParque, idEstruturacao, coordenadas, data )
	VALUES ( 708937, '11.788.751/9528-38', 36, '{344106, 715324, 607787}', to_date ('2016-03-12', 'YYYY-MM-DD') );
INSERT INTO pontoEstrutura ( quantidade, cnpjParque, idEstruturacao, coordenadas, data )
	VALUES ( 282262, '98.648.805/9370-65', 58, '{555745, 899336, 695942}', to_date ('2002-07-02', 'YYYY-MM-DD') );
INSERT INTO pontoEstrutura ( quantidade, cnpjParque, idEstruturacao, coordenadas, data )
	VALUES ( 244966, '78.176.667/1123-29', 99, '{606597, 617499, 358719}', to_date ('2006-05-29', 'YYYY-MM-DD') );
INSERT INTO pontoEstrutura ( quantidade, cnpjParque, idEstruturacao, coordenadas, data )
	VALUES ( 626951, '76.900.088/3107-76', 24, '{681564, 883585, 741840}', to_date ('2010-02-02', 'YYYY-MM-DD') );
INSERT INTO pontoEstrutura ( quantidade, cnpjParque, idEstruturacao, coordenadas, data )
	VALUES ( 527654, '63.262.847/1168-25', 38, '{451264, 495278, 165894}', to_date ('2003-10-13', 'YYYY-MM-DD') );
INSERT INTO pontoEstrutura ( quantidade, cnpjParque, idEstruturacao, coordenadas, data )
	VALUES ( 391891, '78.176.667/1123-29', 78, '{606597, 617499, 358719}', to_date ('2005-10-11', 'YYYY-MM-DD') );
INSERT INTO pontoEstrutura ( quantidade, cnpjParque, idEstruturacao, coordenadas, data )
	VALUES ( 681407, '13.059.259/5773-14', 41, '{472817, 307498, 325577}', to_date ('2014-09-28', 'YYYY-MM-DD') );
INSERT INTO pontoEstrutura ( quantidade, cnpjParque, idEstruturacao, coordenadas, data )
	VALUES ( 784483, '88.522.783/1295-88', 52, '{102937, 264139, 510252}', to_date ('2015-09-09', 'YYYY-MM-DD') );
INSERT INTO pontoEstrutura ( quantidade, cnpjParque, idEstruturacao, coordenadas, data )
	VALUES ( 167378, '88.522.783/1295-88', 71, '{396735, 851123, 746780}', to_date ('2013-11-27', 'YYYY-MM-DD') );
INSERT INTO pontoEstrutura ( quantidade, cnpjParque, idEstruturacao, coordenadas, data )
	VALUES ( 612744, '11.788.751/9528-38', 87, '{344106, 715324, 607787}', to_date ('2017-10-22', 'YYYY-MM-DD') );
INSERT INTO pontoEstrutura ( quantidade, cnpjParque, idEstruturacao, coordenadas, data )
	VALUES ( 794075, '29.007.445/7586-59', 19, '{618263, 668076, 287471}', to_date ('2016-05-03', 'YYYY-MM-DD') );
INSERT INTO pontoEstrutura ( quantidade, cnpjParque, idEstruturacao, coordenadas, data )
	VALUES ( 469185, '81.002.722/2593-09', 80, '{108326, 178430, 180614}', to_date ('2018-05-06', 'YYYY-MM-DD') );
INSERT INTO pontoEstrutura ( quantidade, cnpjParque, idEstruturacao, coordenadas, data )
	VALUES ( 465936, '06.617.154/6577-42', 20, '{451391, 180197, 573893}', to_date ('2004-02-10', 'YYYY-MM-DD') );
INSERT INTO pontoEstrutura ( quantidade, cnpjParque, idEstruturacao, coordenadas, data )
	VALUES ( 302989, '68.218.168/1057-70', 40, '{191003, 695343, 887989}', to_date ('2002-06-20', 'YYYY-MM-DD') );
INSERT INTO pontoEstrutura ( quantidade, cnpjParque, idEstruturacao, coordenadas, data )
	VALUES ( 440703, '32.424.895/5159-17', 51, '{579829, 403581, 453628}', to_date ('2011-04-08', 'YYYY-MM-DD') );
INSERT INTO pontoEstrutura ( quantidade, cnpjParque, idEstruturacao, coordenadas, data )
	VALUES ( 472249, '12.002.044/0099-26', 41, '{626192, 879556, 334209}', to_date ('2010-10-28', 'YYYY-MM-DD') );
INSERT INTO pontoEstrutura ( quantidade, cnpjParque, idEstruturacao, coordenadas, data )
	VALUES ( 554277, '88.766.925/3716-63', 69, '{215647, 680854, 450897}', to_date ('2010-07-06', 'YYYY-MM-DD') );
INSERT INTO pontoEstrutura ( quantidade, cnpjParque, idEstruturacao, coordenadas, data )
	VALUES ( 639685, '04.311.437/2024-71', 12, '{427604, 428164, 299199}', to_date ('2003-04-14', 'YYYY-MM-DD') );
INSERT INTO pontoEstrutura ( quantidade, cnpjParque, idEstruturacao, coordenadas, data )
	VALUES ( 480994, '78.176.667/1123-29', 66, '{606597, 617499, 358719}', to_date ('2017-10-20', 'YYYY-MM-DD') );
INSERT INTO pontoEstrutura ( quantidade, cnpjParque, idEstruturacao, coordenadas, data )
	VALUES ( 630860, '32.424.895/5159-17', 27, '{553207, 383272, 415627}', to_date ('2000-11-28', 'YYYY-MM-DD') );
INSERT INTO pontoEstrutura ( quantidade, cnpjParque, idEstruturacao, coordenadas, data )
	VALUES ( 613375, '75.783.195/0716-32', 40, '{655346, 496825, 644283}', to_date ('2012-09-19', 'YYYY-MM-DD') );
INSERT INTO pontoEstrutura ( quantidade, cnpjParque, idEstruturacao, coordenadas, data )
	VALUES ( 257036, '98.853.014/7988-94', 18, '{637510, 721292, 318004}', to_date ('2012-04-19', 'YYYY-MM-DD') );
INSERT INTO pontoEstrutura ( quantidade, cnpjParque, idEstruturacao, coordenadas, data )
	VALUES ( 572194, '91.676.137/0246-49', 39, '{215442, 875753, 401330}', to_date ('2000-02-26', 'YYYY-MM-DD') );
INSERT INTO pontoEstrutura ( quantidade, cnpjParque, idEstruturacao, coordenadas, data )
	VALUES ( 573897, '32.424.895/5159-17', 71, '{553207, 383272, 415627}', to_date ('2009-03-24', 'YYYY-MM-DD') );
INSERT INTO pontoEstrutura ( quantidade, cnpjParque, idEstruturacao, coordenadas, data )
	VALUES ( 561525, '78.176.667/1123-29', 60, '{606597, 617499, 358719}', to_date ('2008-03-13', 'YYYY-MM-DD') );
INSERT INTO pontoEstrutura ( quantidade, cnpjParque, idEstruturacao, coordenadas, data )
	VALUES ( 169479, '29.007.445/7586-59', 51, '{778868, 552992, 770807}', to_date ('2010-04-15', 'YYYY-MM-DD') );
INSERT INTO pontoEstrutura ( quantidade, cnpjParque, idEstruturacao, coordenadas, data )
	VALUES ( 221820, '78.098.918/1929-09', 3, '{114417, 615740, 549284}', to_date ('2016-01-03', 'YYYY-MM-DD') );
INSERT INTO pontoEstrutura ( quantidade, cnpjParque, idEstruturacao, coordenadas, data )
	VALUES ( 241537, '19.946.737/4987-18', 23, '{762400, 301803, 656194}', to_date ('2013-05-22', 'YYYY-MM-DD') );
INSERT INTO pontoEstrutura ( quantidade, cnpjParque, idEstruturacao, coordenadas, data )
	VALUES ( 249586, '78.721.896/9395-42', 18, '{517511, 746589, 614066}', to_date ('2008-08-13', 'YYYY-MM-DD') );
INSERT INTO pontoEstrutura ( quantidade, cnpjParque, idEstruturacao, coordenadas, data )
	VALUES ( 159394, '19.946.737/4987-18', 24, '{762400, 301803, 656194}', to_date ('2016-05-07', 'YYYY-MM-DD') );
INSERT INTO pontoEstrutura ( quantidade, cnpjParque, idEstruturacao, coordenadas, data )
	VALUES ( 440311, '14.624.696/1315-72', 84, '{850449, 155617, 672231}', to_date ('2005-04-20', 'YYYY-MM-DD') );
INSERT INTO pontoEstrutura ( quantidade, cnpjParque, idEstruturacao, coordenadas, data )
	VALUES ( 319229, '53.641.871/3612-76', 49, '{421324, 201559, 625193}', to_date ('2002-10-16', 'YYYY-MM-DD') );
INSERT INTO pontoEstrutura ( quantidade, cnpjParque, idEstruturacao, coordenadas, data )
	VALUES ( 415468, '19.228.951/1483-58', 57, '{453239, 285717, 278660}', to_date ('2000-07-17', 'YYYY-MM-DD') );
INSERT INTO pontoEstrutura ( quantidade, cnpjParque, idEstruturacao, coordenadas, data )
	VALUES ( 694474, '06.617.154/6577-42', 66, '{510257, 283599, 107217}', to_date ('2001-02-02', 'YYYY-MM-DD') );
INSERT INTO pontoEstrutura ( quantidade, cnpjParque, idEstruturacao, coordenadas, data )
	VALUES ( 662985, '88.522.783/1295-88', 1, '{396735, 851123, 746780}', to_date ('2017-02-27', 'YYYY-MM-DD') );
INSERT INTO pontoEstrutura ( quantidade, cnpjParque, idEstruturacao, coordenadas, data )
	VALUES ( 115563, '36.519.416/7991-54', 49, '{758229, 342780, 737798}', to_date ('2018-01-21', 'YYYY-MM-DD') );
INSERT INTO pontoEstrutura ( quantidade, cnpjParque, idEstruturacao, coordenadas, data )
	VALUES ( 797276, '08.660.251/3482-20', 3, '{337685, 785873, 167200}', to_date ('2014-09-14', 'YYYY-MM-DD') );
INSERT INTO pontoEstrutura ( quantidade, cnpjParque, idEstruturacao, coordenadas, data )
	VALUES ( 783223, '78.176.667/1123-29', 8, '{606597, 617499, 358719}', to_date ('2014-11-14', 'YYYY-MM-DD') );
INSERT INTO pontoEstrutura ( quantidade, cnpjParque, idEstruturacao, coordenadas, data )
	VALUES ( 665612, '73.257.555/4258-42', 51, '{615073, 152345, 673243}', to_date ('2000-02-27', 'YYYY-MM-DD') );
INSERT INTO pontoEstrutura ( quantidade, cnpjParque, idEstruturacao, coordenadas, data )
	VALUES ( 578403, '20.731.426/6860-56', 49, '{740989, 563261, 200713}', to_date ('2017-07-20', 'YYYY-MM-DD') );
INSERT INTO pontoEstrutura ( quantidade, cnpjParque, idEstruturacao, coordenadas, data )
	VALUES ( 352688, '12.002.044/0099-26', 98, '{626192, 879556, 334209}', to_date ('2018-09-04', 'YYYY-MM-DD') );
INSERT INTO pontoEstrutura ( quantidade, cnpjParque, idEstruturacao, coordenadas, data )
	VALUES ( 466325, '26.165.876/1045-10', 19, '{534143, 713522, 301787}', to_date ('2014-06-03', 'YYYY-MM-DD') );
INSERT INTO pontoEstrutura ( quantidade, cnpjParque, idEstruturacao, coordenadas, data )
	VALUES ( 775220, '23.307.754/3608-46', 39, '{435410, 725671, 604192}', to_date ('2012-03-18', 'YYYY-MM-DD') );
INSERT INTO pontoEstrutura ( quantidade, cnpjParque, idEstruturacao, coordenadas, data )
	VALUES ( 487638, '19.946.737/4987-18', 90, '{762400, 301803, 656194}', to_date ('2000-02-29', 'YYYY-MM-DD') );
INSERT INTO pontoEstrutura ( quantidade, cnpjParque, idEstruturacao, coordenadas, data )
	VALUES ( 209666, '93.643.869/8377-62', 91, '{194373, 151159, 558004}', to_date ('2004-11-29', 'YYYY-MM-DD') );
INSERT INTO pontoEstrutura ( quantidade, cnpjParque, idEstruturacao, coordenadas, data )
	VALUES ( 393775, '78.098.918/1929-09', 94, '{742445, 162243, 793854}', to_date ('2010-11-21', 'YYYY-MM-DD') );
INSERT INTO pontoEstrutura ( quantidade, cnpjParque, idEstruturacao, coordenadas, data )
	VALUES ( 223747, '75.783.195/0716-32', 80, '{403206, 140267, 885101}', to_date ('2015-11-12', 'YYYY-MM-DD') );
INSERT INTO pontoEstrutura ( quantidade, cnpjParque, idEstruturacao, coordenadas, data )
	VALUES ( 113678, '06.617.154/6577-42', 41, '{510257, 283599, 107217}', to_date ('2008-11-12', 'YYYY-MM-DD') );
INSERT INTO pontoEstrutura ( quantidade, cnpjParque, idEstruturacao, coordenadas, data )
	VALUES ( 489449, '65.760.754/0289-77', 59, '{344454, 734172, 407480}', to_date ('2017-05-03', 'YYYY-MM-DD') );
INSERT INTO pontoEstrutura ( quantidade, cnpjParque, idEstruturacao, coordenadas, data )
	VALUES ( 502329, '78.098.918/1929-09', 90, '{114417, 615740, 549284}', to_date ('2007-03-17', 'YYYY-MM-DD') );
INSERT INTO pontoEstrutura ( quantidade, cnpjParque, idEstruturacao, coordenadas, data )
	VALUES ( 112090, '78.098.918/1929-09', 32, '{124117, 585276, 547348}', to_date ('2018-03-02', 'YYYY-MM-DD') );
INSERT INTO pontoEstrutura ( quantidade, cnpjParque, idEstruturacao, coordenadas, data )
	VALUES ( 192385, '32.424.895/5159-17', 42, '{579829, 403581, 453628}', to_date ('2002-06-30', 'YYYY-MM-DD') );
INSERT INTO pontoEstrutura ( quantidade, cnpjParque, idEstruturacao, coordenadas, data )
	VALUES ( 821048, '65.760.754/0289-77', 83, '{412907, 862102, 642567}', to_date ('2001-08-26', 'YYYY-MM-DD') );
INSERT INTO pontoEstrutura ( quantidade, cnpjParque, idEstruturacao, coordenadas, data )
	VALUES ( 471363, '19.228.951/1483-58', 16, '{862245, 345943, 750115}', to_date ('2009-11-14', 'YYYY-MM-DD') );

/* TABLE pontoSom */
INSERT INTO pontoSom ( quantidade, coordenadas, numeroGrafo, cnpjParque, idSonorizacao, data )
	VALUES ( 354839, '{124117, 585276, 547348}', 367162, '78.098.918/1929-09', 3, to_date ('2000-06-30', 'YYYY-MM-DD') );
INSERT INTO pontoSom ( quantidade, coordenadas, numeroGrafo, cnpjParque, idSonorizacao, data )
	VALUES ( 391947, '{344106, 715324, 607787}', 489284, '11.788.751/9528-38', 17, to_date ('2006-01-06', 'YYYY-MM-DD') );
INSERT INTO pontoSom ( quantidade, coordenadas, numeroGrafo, cnpjParque, idSonorizacao, data )
	VALUES ( 315729, '{208659, 874109, 130093}', 720361, '20.731.426/6860-56', 15, to_date ('2000-07-07', 'YYYY-MM-DD') );
INSERT INTO pontoSom ( quantidade, coordenadas, numeroGrafo, cnpjParque, idSonorizacao, data )
	VALUES ( 710491, '{538010, 458543, 176733}', 430589, '20.868.438/5595-07', 93, to_date ('2001-02-03', 'YYYY-MM-DD') );
INSERT INTO pontoSom ( quantidade, coordenadas, numeroGrafo, cnpjParque, idSonorizacao, data )
	VALUES ( 216883, '{870831, 577015, 218680}', 115059, '31.976.335/9117-10', 50, to_date ('2005-01-18', 'YYYY-MM-DD') );
INSERT INTO pontoSom ( quantidade, coordenadas, numeroGrafo, cnpjParque, idSonorizacao, data )
	VALUES ( 785940, '{621120, 476979, 724144}', 354132, '00.276.961/9065-26', 85, to_date ('2014-07-08', 'YYYY-MM-DD') );
INSERT INTO pontoSom ( quantidade, coordenadas, numeroGrafo, cnpjParque, idSonorizacao, data )
	VALUES ( 770636, '{451264, 495278, 165894}', 386069, '63.262.847/1168-25', 69, to_date ('2007-01-16', 'YYYY-MM-DD') );
INSERT INTO pontoSom ( quantidade, coordenadas, numeroGrafo, cnpjParque, idSonorizacao, data )
	VALUES ( 129613, '{271468, 746531, 120767}', 834983, '80.268.213/2876-00', 8, to_date ('2003-02-26', 'YYYY-MM-DD') );
INSERT INTO pontoSom ( quantidade, coordenadas, numeroGrafo, cnpjParque, idSonorizacao, data )
	VALUES ( 855528, '{271468, 746531, 120767}', 105802, '80.268.213/2876-00', 12, to_date ('2000-11-18', 'YYYY-MM-DD') );
INSERT INTO pontoSom ( quantidade, coordenadas, numeroGrafo, cnpjParque, idSonorizacao, data )
	VALUES ( 578261, '{852012, 149823, 867611}', 177479, '88.540.442/9424-54', 47, to_date ('2012-03-14', 'YYYY-MM-DD') );
INSERT INTO pontoSom ( quantidade, coordenadas, numeroGrafo, cnpjParque, idSonorizacao, data )
	VALUES ( 872006, '{637510, 721292, 318004}', 275479, '98.853.014/7988-94', 69, to_date ('2001-07-02', 'YYYY-MM-DD') );
INSERT INTO pontoSom ( quantidade, coordenadas, numeroGrafo, cnpjParque, idSonorizacao, data )
	VALUES ( 866586, '{719639, 363365, 675243}', 459344, '29.007.445/7586-59', 31, to_date ('2010-09-29', 'YYYY-MM-DD') );
INSERT INTO pontoSom ( quantidade, coordenadas, numeroGrafo, cnpjParque, idSonorizacao, data )
	VALUES ( 332741, '{108326, 178430, 180614}', 177573, '81.002.722/2593-09', 80, to_date ('2011-10-28', 'YYYY-MM-DD') );
INSERT INTO pontoSom ( quantidade, coordenadas, numeroGrafo, cnpjParque, idSonorizacao, data )
	VALUES ( 564402, '{719639, 363365, 675243}', 485427, '29.007.445/7586-59', 16, to_date ('2003-03-14', 'YYYY-MM-DD') );
INSERT INTO pontoSom ( quantidade, coordenadas, numeroGrafo, cnpjParque, idSonorizacao, data )
	VALUES ( 678408, '{538010, 458543, 176733}', 105938, '20.868.438/5595-07', 60, to_date ('2003-05-26', 'YYYY-MM-DD') );
INSERT INTO pontoSom ( quantidade, coordenadas, numeroGrafo, cnpjParque, idSonorizacao, data )
	VALUES ( 880566, '{344454, 734172, 407480}', 242408, '65.760.754/0289-77', 56, to_date ('2002-09-07', 'YYYY-MM-DD') );
INSERT INTO pontoSom ( quantidade, coordenadas, numeroGrafo, cnpjParque, idSonorizacao, data )
	VALUES ( 348295, '{467066, 374998, 833020}', 609600, '20.731.426/6860-56', 4, to_date ('2012-04-10', 'YYYY-MM-DD') );
INSERT INTO pontoSom ( quantidade, coordenadas, numeroGrafo, cnpjParque, idSonorizacao, data )
	VALUES ( 434471, '{758229, 342780, 737798}', 180265, '36.519.416/7991-54', 56, to_date ('2002-03-29', 'YYYY-MM-DD') );
INSERT INTO pontoSom ( quantidade, coordenadas, numeroGrafo, cnpjParque, idSonorizacao, data )
	VALUES ( 356310, '{775485, 832845, 498474}', 453454, '63.620.743/1462-56', 80, to_date ('2011-05-25', 'YYYY-MM-DD') );
INSERT INTO pontoSom ( quantidade, coordenadas, numeroGrafo, cnpjParque, idSonorizacao, data )
	VALUES ( 373871, '{344106, 715324, 607787}', 883364, '11.788.751/9528-38', 69, to_date ('2011-06-20', 'YYYY-MM-DD') );
INSERT INTO pontoSom ( quantidade, coordenadas, numeroGrafo, cnpjParque, idSonorizacao, data )
	VALUES ( 309486, '{250069, 243367, 291133}', 500109, '67.340.110/3744-84', 72, to_date ('2006-11-13', 'YYYY-MM-DD') );
INSERT INTO pontoSom ( quantidade, coordenadas, numeroGrafo, cnpjParque, idSonorizacao, data )
	VALUES ( 110827, '{778868, 552992, 770807}', 720479, '29.007.445/7586-59', 95, to_date ('2000-09-04', 'YYYY-MM-DD') );
INSERT INTO pontoSom ( quantidade, coordenadas, numeroGrafo, cnpjParque, idSonorizacao, data )
	VALUES ( 261212, '{757722, 647347, 218226}', 634817, '11.788.751/9528-38', 62, to_date ('2018-01-07', 'YYYY-MM-DD') );
INSERT INTO pontoSom ( quantidade, coordenadas, numeroGrafo, cnpjParque, idSonorizacao, data )
	VALUES ( 817934, '{345712, 398648, 699014}', 708704, '45.271.571/7658-25', 6, to_date ('2013-01-14', 'YYYY-MM-DD') );
INSERT INTO pontoSom ( quantidade, coordenadas, numeroGrafo, cnpjParque, idSonorizacao, data )
	VALUES ( 398981, '{344106, 715324, 607787}', 169746, '11.788.751/9528-38', 43, to_date ('2010-10-14', 'YYYY-MM-DD') );
INSERT INTO pontoSom ( quantidade, coordenadas, numeroGrafo, cnpjParque, idSonorizacao, data )
	VALUES ( 345489, '{472817, 307498, 325577}', 685007, '13.059.259/5773-14', 53, to_date ('2010-04-02', 'YYYY-MM-DD') );
INSERT INTO pontoSom ( quantidade, coordenadas, numeroGrafo, cnpjParque, idSonorizacao, data )
	VALUES ( 279291, '{590883, 231525, 134618}', 340791, '11.788.751/9528-38', 99, to_date ('2007-02-18', 'YYYY-MM-DD') );
INSERT INTO pontoSom ( quantidade, coordenadas, numeroGrafo, cnpjParque, idSonorizacao, data )
	VALUES ( 228292, '{628654, 759129, 852584}', 400393, '03.127.699/6296-36', 19, to_date ('2013-04-17', 'YYYY-MM-DD') );
INSERT INTO pontoSom ( quantidade, coordenadas, numeroGrafo, cnpjParque, idSonorizacao, data )
	VALUES ( 537007, '{396817, 480602, 852661}', 314305, '88.522.783/1295-88', 38, to_date ('2014-09-16', 'YYYY-MM-DD') );
INSERT INTO pontoSom ( quantidade, coordenadas, numeroGrafo, cnpjParque, idSonorizacao, data )
	VALUES ( 671769, '{606597, 617499, 358719}', 195386, '78.176.667/1123-29', 62, to_date ('2011-04-16', 'YYYY-MM-DD') );
INSERT INTO pontoSom ( quantidade, coordenadas, numeroGrafo, cnpjParque, idSonorizacao, data )
	VALUES ( 614054, '{174329, 814949, 171508}', 335079, '00.100.368/4290-66', 56, to_date ('2014-05-27', 'YYYY-MM-DD') );
INSERT INTO pontoSom ( quantidade, coordenadas, numeroGrafo, cnpjParque, idSonorizacao, data )
	VALUES ( 760533, '{543133, 301399, 162872}', 454523, '78.721.896/9395-42', 99, to_date ('2012-04-30', 'YYYY-MM-DD') );
INSERT INTO pontoSom ( quantidade, coordenadas, numeroGrafo, cnpjParque, idSonorizacao, data )
	VALUES ( 593891, '{271468, 746531, 120767}', 636785, '80.268.213/2876-00', 89, to_date ('2006-02-26', 'YYYY-MM-DD') );
INSERT INTO pontoSom ( quantidade, coordenadas, numeroGrafo, cnpjParque, idSonorizacao, data )
	VALUES ( 638745, '{655346, 496825, 644283}', 207755, '75.783.195/0716-32', 52, to_date ('2012-05-20', 'YYYY-MM-DD') );
INSERT INTO pontoSom ( quantidade, coordenadas, numeroGrafo, cnpjParque, idSonorizacao, data )
	VALUES ( 156192, '{740989, 563261, 200713}', 289713, '20.731.426/6860-56', 35, to_date ('2010-08-13', 'YYYY-MM-DD') );
INSERT INTO pontoSom ( quantidade, coordenadas, numeroGrafo, cnpjParque, idSonorizacao, data )
	VALUES ( 255160, '{305157, 346559, 126235}', 124001, '28.798.178/5397-14', 20, to_date ('2001-06-30', 'YYYY-MM-DD') );
INSERT INTO pontoSom ( quantidade, coordenadas, numeroGrafo, cnpjParque, idSonorizacao, data )
	VALUES ( 510587, '{862245, 345943, 750115}', 601149, '19.228.951/1483-58', 95, to_date ('2009-01-13', 'YYYY-MM-DD') );
INSERT INTO pontoSom ( quantidade, coordenadas, numeroGrafo, cnpjParque, idSonorizacao, data )
	VALUES ( 137130, '{266543, 353530, 133133}', 386695, '75.783.195/0716-32', 68, to_date ('2007-11-13', 'YYYY-MM-DD') );
INSERT INTO pontoSom ( quantidade, coordenadas, numeroGrafo, cnpjParque, idSonorizacao, data )
	VALUES ( 172879, '{396735, 851123, 746780}', 431615, '88.522.783/1295-88', 28, to_date ('2014-05-14', 'YYYY-MM-DD') );
INSERT INTO pontoSom ( quantidade, coordenadas, numeroGrafo, cnpjParque, idSonorizacao, data )
	VALUES ( 201270, '{250069, 243367, 291133}', 530958, '67.340.110/3744-84', 94, to_date ('2012-09-21', 'YYYY-MM-DD') );
INSERT INTO pontoSom ( quantidade, coordenadas, numeroGrafo, cnpjParque, idSonorizacao, data )
	VALUES ( 282562, '{757722, 647347, 218226}', 827904, '11.788.751/9528-38', 12, to_date ('2013-08-30', 'YYYY-MM-DD') );
INSERT INTO pontoSom ( quantidade, coordenadas, numeroGrafo, cnpjParque, idSonorizacao, data )
	VALUES ( 572824, '{553207, 383272, 415627}', 372020, '32.424.895/5159-17', 44, to_date ('2014-01-27', 'YYYY-MM-DD') );
INSERT INTO pontoSom ( quantidade, coordenadas, numeroGrafo, cnpjParque, idSonorizacao, data )
	VALUES ( 691165, '{344106, 715324, 607787}', 705087, '11.788.751/9528-38', 96, to_date ('2005-11-23', 'YYYY-MM-DD') );
INSERT INTO pontoSom ( quantidade, coordenadas, numeroGrafo, cnpjParque, idSonorizacao, data )
	VALUES ( 372289, '{726766, 549665, 119711}', 152232, '00.276.961/9065-26', 25, to_date ('2005-04-16', 'YYYY-MM-DD') );
INSERT INTO pontoSom ( quantidade, coordenadas, numeroGrafo, cnpjParque, idSonorizacao, data )
	VALUES ( 404124, '{894742, 483694, 564138}', 726891, '26.123.942/0507-77', 16, to_date ('2013-07-10', 'YYYY-MM-DD') );
INSERT INTO pontoSom ( quantidade, coordenadas, numeroGrafo, cnpjParque, idSonorizacao, data )
	VALUES ( 732179, '{251449, 813614, 651324}', 710941, '80.791.658/2644-47', 47, to_date ('2007-04-19', 'YYYY-MM-DD') );
INSERT INTO pontoSom ( quantidade, coordenadas, numeroGrafo, cnpjParque, idSonorizacao, data )
	VALUES ( 206280, '{472817, 307498, 325577}', 535862, '13.059.259/5773-14', 76, to_date ('2013-06-08', 'YYYY-MM-DD') );
INSERT INTO pontoSom ( quantidade, coordenadas, numeroGrafo, cnpjParque, idSonorizacao, data )
	VALUES ( 356564, '{775485, 832845, 498474}', 116538, '63.620.743/1462-56', 52, to_date ('2000-01-22', 'YYYY-MM-DD') );
INSERT INTO pontoSom ( quantidade, coordenadas, numeroGrafo, cnpjParque, idSonorizacao, data )
	VALUES ( 356418, '{344106, 715324, 607787}', 411137, '11.788.751/9528-38', 98, to_date ('2010-02-03', 'YYYY-MM-DD') );
INSERT INTO pontoSom ( quantidade, coordenadas, numeroGrafo, cnpjParque, idSonorizacao, data )
	VALUES ( 710608, '{580016, 396838, 792567}', 879331, '51.479.527/2749-15', 2, to_date ('2001-06-03', 'YYYY-MM-DD') );
INSERT INTO pontoSom ( quantidade, coordenadas, numeroGrafo, cnpjParque, idSonorizacao, data )
	VALUES ( 582883, '{403206, 140267, 885101}', 778725, '75.783.195/0716-32', 85, to_date ('2007-01-16', 'YYYY-MM-DD') );
INSERT INTO pontoSom ( quantidade, coordenadas, numeroGrafo, cnpjParque, idSonorizacao, data )
	VALUES ( 724362, '{719639, 363365, 675243}', 125137, '29.007.445/7586-59', 68, to_date ('2002-06-17', 'YYYY-MM-DD') );
INSERT INTO pontoSom ( quantidade, coordenadas, numeroGrafo, cnpjParque, idSonorizacao, data )
	VALUES ( 379952, '{172192, 865764, 743476}', 189052, '26.165.876/1045-10', 41, to_date ('2003-05-16', 'YYYY-MM-DD') );
INSERT INTO pontoSom ( quantidade, coordenadas, numeroGrafo, cnpjParque, idSonorizacao, data )
	VALUES ( 197290, '{606597, 617499, 358719}', 153111, '78.176.667/1123-29', 66, to_date ('2015-04-03', 'YYYY-MM-DD') );
INSERT INTO pontoSom ( quantidade, coordenadas, numeroGrafo, cnpjParque, idSonorizacao, data )
	VALUES ( 283010, '{510257, 283599, 107217}', 780425, '06.617.154/6577-42', 97, to_date ('2010-06-16', 'YYYY-MM-DD') );
INSERT INTO pontoSom ( quantidade, coordenadas, numeroGrafo, cnpjParque, idSonorizacao, data )
	VALUES ( 864947, '{870831, 577015, 218680}', 232861, '31.976.335/9117-10', 72, to_date ('2000-03-10', 'YYYY-MM-DD') );
INSERT INTO pontoSom ( quantidade, coordenadas, numeroGrafo, cnpjParque, idSonorizacao, data )
	VALUES ( 768249, '{252330, 261463, 147977}', 773336, '13.059.259/5773-14', 5, to_date ('2012-01-09', 'YYYY-MM-DD') );
INSERT INTO pontoSom ( quantidade, coordenadas, numeroGrafo, cnpjParque, idSonorizacao, data )
	VALUES ( 108698, '{108326, 178430, 180614}', 680079, '81.002.722/2593-09', 36, to_date ('2008-08-30', 'YYYY-MM-DD') );
INSERT INTO pontoSom ( quantidade, coordenadas, numeroGrafo, cnpjParque, idSonorizacao, data )
	VALUES ( 341031, '{472817, 307498, 325577}', 792681, '13.059.259/5773-14', 59, to_date ('2004-06-04', 'YYYY-MM-DD') );
INSERT INTO pontoSom ( quantidade, coordenadas, numeroGrafo, cnpjParque, idSonorizacao, data )
	VALUES ( 285846, '{553207, 383272, 415627}', 531288, '32.424.895/5159-17', 29, to_date ('2008-03-23', 'YYYY-MM-DD') );
INSERT INTO pontoSom ( quantidade, coordenadas, numeroGrafo, cnpjParque, idSonorizacao, data )
	VALUES ( 439356, '{615073, 152345, 673243}', 229945, '73.257.555/4258-42', 75, to_date ('2010-02-26', 'YYYY-MM-DD') );
INSERT INTO pontoSom ( quantidade, coordenadas, numeroGrafo, cnpjParque, idSonorizacao, data )
	VALUES ( 107981, '{174329, 814949, 171508}', 823596, '00.100.368/4290-66', 22, to_date ('2015-01-25', 'YYYY-MM-DD') );
INSERT INTO pontoSom ( quantidade, coordenadas, numeroGrafo, cnpjParque, idSonorizacao, data )
	VALUES ( 827521, '{870831, 577015, 218680}', 433748, '31.976.335/9117-10', 9, to_date ('2018-10-07', 'YYYY-MM-DD') );
INSERT INTO pontoSom ( quantidade, coordenadas, numeroGrafo, cnpjParque, idSonorizacao, data )
	VALUES ( 569775, '{195916, 375238, 182026}', 361124, '78.176.667/1123-29', 10, to_date ('2004-11-19', 'YYYY-MM-DD') );
INSERT INTO pontoSom ( quantidade, coordenadas, numeroGrafo, cnpjParque, idSonorizacao, data )
	VALUES ( 283068, '{396735, 851123, 746780}', 779674, '88.522.783/1295-88', 7, to_date ('2009-11-27', 'YYYY-MM-DD') );
INSERT INTO pontoSom ( quantidade, coordenadas, numeroGrafo, cnpjParque, idSonorizacao, data )
	VALUES ( 757467, '{553207, 383272, 415627}', 710170, '32.424.895/5159-17', 95, to_date ('2017-03-12', 'YYYY-MM-DD') );
INSERT INTO pontoSom ( quantidade, coordenadas, numeroGrafo, cnpjParque, idSonorizacao, data )
	VALUES ( 824634, '{825423, 387691, 471339}', 268456, '37.347.569/6458-47', 77, to_date ('2013-01-26', 'YYYY-MM-DD') );
INSERT INTO pontoSom ( quantidade, coordenadas, numeroGrafo, cnpjParque, idSonorizacao, data )
	VALUES ( 680017, '{747359, 742254, 848651}', 396122, '59.489.988/6161-06', 3, to_date ('2005-09-10', 'YYYY-MM-DD') );
INSERT INTO pontoSom ( quantidade, coordenadas, numeroGrafo, cnpjParque, idSonorizacao, data )
	VALUES ( 518680, '{626192, 879556, 334209}', 649008, '12.002.044/0099-26', 83, to_date ('2005-01-11', 'YYYY-MM-DD') );
INSERT INTO pontoSom ( quantidade, coordenadas, numeroGrafo, cnpjParque, idSonorizacao, data )
	VALUES ( 338669, '{606597, 617499, 358719}', 399946, '78.176.667/1123-29', 97, to_date ('2009-10-06', 'YYYY-MM-DD') );
INSERT INTO pontoSom ( quantidade, coordenadas, numeroGrafo, cnpjParque, idSonorizacao, data )
	VALUES ( 237032, '{852012, 149823, 867611}', 223211, '88.540.442/9424-54', 31, to_date ('2006-01-03', 'YYYY-MM-DD') );
INSERT INTO pontoSom ( quantidade, coordenadas, numeroGrafo, cnpjParque, idSonorizacao, data )
	VALUES ( 642532, '{305157, 346559, 126235}', 869578, '28.798.178/5397-14', 81, to_date ('2003-11-22', 'YYYY-MM-DD') );
INSERT INTO pontoSom ( quantidade, coordenadas, numeroGrafo, cnpjParque, idSonorizacao, data )
	VALUES ( 321494, '{412736, 878953, 265287}', 243021, '28.798.178/5397-14', 62, to_date ('2009-01-01', 'YYYY-MM-DD') );
INSERT INTO pontoSom ( quantidade, coordenadas, numeroGrafo, cnpjParque, idSonorizacao, data )
	VALUES ( 882404, '{795603, 612265, 465177}', 269233, '31.976.335/9117-10', 37, to_date ('2015-01-09', 'YYYY-MM-DD') );
INSERT INTO pontoSom ( quantidade, coordenadas, numeroGrafo, cnpjParque, idSonorizacao, data )
	VALUES ( 676756, '{580016, 396838, 792567}', 161871, '51.479.527/2749-15', 89, to_date ('2015-11-06', 'YYYY-MM-DD') );
INSERT INTO pontoSom ( quantidade, coordenadas, numeroGrafo, cnpjParque, idSonorizacao, data )
	VALUES ( 257843, '{305157, 346559, 126235}', 178807, '28.798.178/5397-14', 46, to_date ('2000-01-14', 'YYYY-MM-DD') );
INSERT INTO pontoSom ( quantidade, coordenadas, numeroGrafo, cnpjParque, idSonorizacao, data )
	VALUES ( 397866, '{208659, 874109, 130093}', 850331, '20.731.426/6860-56', 77, to_date ('2009-10-25', 'YYYY-MM-DD') );
INSERT INTO pontoSom ( quantidade, coordenadas, numeroGrafo, cnpjParque, idSonorizacao, data )
	VALUES ( 607611, '{852012, 149823, 867611}', 164678, '88.540.442/9424-54', 52, to_date ('2003-04-03', 'YYYY-MM-DD') );
INSERT INTO pontoSom ( quantidade, coordenadas, numeroGrafo, cnpjParque, idSonorizacao, data )
	VALUES ( 733174, '{832957, 690678, 534128}', 439148, '45.271.571/7658-25', 68, to_date ('2014-05-11', 'YYYY-MM-DD') );
INSERT INTO pontoSom ( quantidade, coordenadas, numeroGrafo, cnpjParque, idSonorizacao, data )
	VALUES ( 304431, '{194373, 151159, 558004}', 878479, '93.643.869/8377-62', 95, to_date ('2015-07-01', 'YYYY-MM-DD') );
INSERT INTO pontoSom ( quantidade, coordenadas, numeroGrafo, cnpjParque, idSonorizacao, data )
	VALUES ( 326477, '{102937, 264139, 510252}', 728456, '88.522.783/1295-88', 39, to_date ('2002-07-21', 'YYYY-MM-DD') );
INSERT INTO pontoSom ( quantidade, coordenadas, numeroGrafo, cnpjParque, idSonorizacao, data )
	VALUES ( 651653, '{850449, 155617, 672231}', 262810, '14.624.696/1315-72', 37, to_date ('2010-05-11', 'YYYY-MM-DD') );
INSERT INTO pontoSom ( quantidade, coordenadas, numeroGrafo, cnpjParque, idSonorizacao, data )
	VALUES ( 342880, '{114417, 615740, 549284}', 461881, '78.098.918/1929-09', 95, to_date ('2013-05-25', 'YYYY-MM-DD') );
INSERT INTO pontoSom ( quantidade, coordenadas, numeroGrafo, cnpjParque, idSonorizacao, data )
	VALUES ( 455311, '{124117, 585276, 547348}', 504362, '78.098.918/1929-09', 60, to_date ('2001-04-19', 'YYYY-MM-DD') );
INSERT INTO pontoSom ( quantidade, coordenadas, numeroGrafo, cnpjParque, idSonorizacao, data )
	VALUES ( 775176, '{504473, 645737, 168837}', 881031, '01.230.528/6088-10', 49, to_date ('2016-08-04', 'YYYY-MM-DD') );
INSERT INTO pontoSom ( quantidade, coordenadas, numeroGrafo, cnpjParque, idSonorizacao, data )
	VALUES ( 623493, '{538010, 458543, 176733}', 183317, '20.868.438/5595-07', 59, to_date ('2011-10-26', 'YYYY-MM-DD') );
INSERT INTO pontoSom ( quantidade, coordenadas, numeroGrafo, cnpjParque, idSonorizacao, data )
	VALUES ( 887267, '{870831, 577015, 218680}', 389617, '31.976.335/9117-10', 39, to_date ('2006-09-08', 'YYYY-MM-DD') );
INSERT INTO pontoSom ( quantidade, coordenadas, numeroGrafo, cnpjParque, idSonorizacao, data )
	VALUES ( 851651, '{870831, 577015, 218680}', 806965, '31.976.335/9117-10', 35, to_date ('2011-04-05', 'YYYY-MM-DD') );
INSERT INTO pontoSom ( quantidade, coordenadas, numeroGrafo, cnpjParque, idSonorizacao, data )
	VALUES ( 366940, '{427604, 428164, 299199}', 675459, '04.311.437/2024-71', 69, to_date ('2017-05-21', 'YYYY-MM-DD') );
INSERT INTO pontoSom ( quantidade, coordenadas, numeroGrafo, cnpjParque, idSonorizacao, data )
	VALUES ( 141403, '{589412, 210595, 841895}', 550507, '21.294.553/5588-89', 53, to_date ('2003-05-20', 'YYYY-MM-DD') );
INSERT INTO pontoSom ( quantidade, coordenadas, numeroGrafo, cnpjParque, idSonorizacao, data )
	VALUES ( 571057, '{412736, 878953, 265287}', 351184, '28.798.178/5397-14', 90, to_date ('2004-08-04', 'YYYY-MM-DD') );
INSERT INTO pontoSom ( quantidade, coordenadas, numeroGrafo, cnpjParque, idSonorizacao, data )
	VALUES ( 205859, '{555745, 899336, 695942}', 342717, '98.648.805/9370-65', 88, to_date ('2007-05-01', 'YYYY-MM-DD') );
INSERT INTO pontoSom ( quantidade, coordenadas, numeroGrafo, cnpjParque, idSonorizacao, data )
	VALUES ( 858561, '{638013, 323427, 461103}', 878696, '94.538.035/7334-89', 3, to_date ('2004-04-15', 'YYYY-MM-DD') );
INSERT INTO pontoSom ( quantidade, coordenadas, numeroGrafo, cnpjParque, idSonorizacao, data )
	VALUES ( 210879, '{795603, 612265, 465177}', 331119, '31.976.335/9117-10', 48, to_date ('2013-10-21', 'YYYY-MM-DD') );
INSERT INTO pontoSom ( quantidade, coordenadas, numeroGrafo, cnpjParque, idSonorizacao, data )
	VALUES ( 898300, '{852012, 149823, 867611}', 610736, '88.540.442/9424-54', 82, to_date ('2011-07-16', 'YYYY-MM-DD') );
INSERT INTO pontoSom ( quantidade, coordenadas, numeroGrafo, cnpjParque, idSonorizacao, data )
	VALUES ( 519201, '{590883, 231525, 134618}', 361782, '11.788.751/9528-38', 65, to_date ('2002-08-22', 'YYYY-MM-DD') );
INSERT INTO pontoSom ( quantidade, coordenadas, numeroGrafo, cnpjParque, idSonorizacao, data )
	VALUES ( 609413, '{269545, 261236, 530817}', 479176, '88.522.783/1295-88', 60, to_date ('2016-09-19', 'YYYY-MM-DD') );
INSERT INTO pontoSom ( quantidade, coordenadas, numeroGrafo, cnpjParque, idSonorizacao, data )
	VALUES ( 412248, '{589412, 210595, 841895}', 323285, '21.294.553/5588-89', 9, to_date ('2006-09-20', 'YYYY-MM-DD') );
INSERT INTO pontoSom ( quantidade, coordenadas, numeroGrafo, cnpjParque, idSonorizacao, data )
	VALUES ( 534685, '{742445, 162243, 793854}', 192228, '78.098.918/1929-09', 38, to_date ('2011-03-21', 'YYYY-MM-DD') );
INSERT INTO pontoSom ( quantidade, coordenadas, numeroGrafo, cnpjParque, idSonorizacao, data )
	VALUES ( 540711, '{215647, 680854, 450897}', 617326, '88.766.925/3716-63', 32, to_date ('2009-11-27', 'YYYY-MM-DD') );
/* NULL INSERTION FOR ATTRIBUTE numeroGrafo AT TABLE pontoSom  */
 INSERT INTO pontoSom ( quantidade, coordenadas, numeroGrafo, cnpjParque, idSonorizacao, data )
	VALUES ( 739916, '{778868, 552992, 770807}', NULL, '29.007.445/7586-59', 3, to_date ('2017-05-15', 'YYYY-MM-DD') );
/* NULL INSERTION FOR ATTRIBUTE data AT TABLE pontoSom  */
 INSERT INTO pontoSom ( quantidade, coordenadas, numeroGrafo, cnpjParque, idSonorizacao, data )
	VALUES ( 180483, '{740989, 563261, 200713}', 655392, '20.731.426/6860-56', 66, NULL );

/* TABLE opera */
INSERT INTO opera ( dataFesta, cnpjParque, idDrone, cpfPiloto )
	VALUES ( to_date ('2007-11-28', 'YYYY-MM-DD'), '19.228.951/1483-58', 12999294, '541.649.682-95' );
INSERT INTO opera ( dataFesta, cnpjParque, idDrone, cpfPiloto )
	VALUES ( to_date ('2003-05-11', 'YYYY-MM-DD'), '80.791.658/2644-47', 47459226, '768.760.635-32' );
INSERT INTO opera ( dataFesta, cnpjParque, idDrone, cpfPiloto )
	VALUES ( to_date ('2013-10-02', 'YYYY-MM-DD'), '51.920.176/6657-28', 39182750, '655.867.366-17' );
INSERT INTO opera ( dataFesta, cnpjParque, idDrone, cpfPiloto )
	VALUES ( to_date ('2017-02-26', 'YYYY-MM-DD'), '23.307.754/3608-46', 23727113, '276.865.875-31' );
INSERT INTO opera ( dataFesta, cnpjParque, idDrone, cpfPiloto )
	VALUES ( to_date ('2018-04-06', 'YYYY-MM-DD'), '26.123.942/0507-77', 35089243, '152.231.478-98' );
INSERT INTO opera ( dataFesta, cnpjParque, idDrone, cpfPiloto )
	VALUES ( to_date ('2011-10-25', 'YYYY-MM-DD'), '88.540.442/9424-54', 76873985, '241.702.807-60' );
INSERT INTO opera ( dataFesta, cnpjParque, idDrone, cpfPiloto )
	VALUES ( to_date ('2015-08-16', 'YYYY-MM-DD'), '88.522.783/1295-88', 76661214, '968.480.094-00' );
INSERT INTO opera ( dataFesta, cnpjParque, idDrone, cpfPiloto )
	VALUES ( to_date ('2018-03-04', 'YYYY-MM-DD'), '98.853.014/7988-94', 22116650, '793.012.494-09' );
INSERT INTO opera ( dataFesta, cnpjParque, idDrone, cpfPiloto )
	VALUES ( to_date ('2006-10-10', 'YYYY-MM-DD'), '59.826.241/9274-32', 11888554, '346.675.103-29' );
INSERT INTO opera ( dataFesta, cnpjParque, idDrone, cpfPiloto )
	VALUES ( to_date ('2015-07-15', 'YYYY-MM-DD'), '33.877.049/2363-33', 24615861, '774.267.034-51' );
INSERT INTO opera ( dataFesta, cnpjParque, idDrone, cpfPiloto )
	VALUES ( to_date ('2018-08-02', 'YYYY-MM-DD'), '68.218.168/1057-70', 26351877, '464.373.438-47' );
INSERT INTO opera ( dataFesta, cnpjParque, idDrone, cpfPiloto )
	VALUES ( to_date ('2001-01-27', 'YYYY-MM-DD'), '59.826.241/9274-32', 76698994, '053.136.412-65' );
INSERT INTO opera ( dataFesta, cnpjParque, idDrone, cpfPiloto )
	VALUES ( to_date ('2006-10-30', 'YYYY-MM-DD'), '01.230.528/6088-10', 59713715, '651.452.975-76' );
INSERT INTO opera ( dataFesta, cnpjParque, idDrone, cpfPiloto )
	VALUES ( to_date ('2012-05-03', 'YYYY-MM-DD'), '04.311.437/2024-71', 85862450, '182.633.304-81' );
INSERT INTO opera ( dataFesta, cnpjParque, idDrone, cpfPiloto )
	VALUES ( to_date ('2010-05-20', 'YYYY-MM-DD'), '13.059.259/5773-14', 89316045, '155.423.903-20' );
INSERT INTO opera ( dataFesta, cnpjParque, idDrone, cpfPiloto )
	VALUES ( to_date ('2001-02-22', 'YYYY-MM-DD'), '94.538.035/7334-89', 45425521, '505.705.748-21' );
INSERT INTO opera ( dataFesta, cnpjParque, idDrone, cpfPiloto )
	VALUES ( to_date ('2009-01-19', 'YYYY-MM-DD'), '95.397.102/0428-32', 56507720, '765.500.392-58' );
INSERT INTO opera ( dataFesta, cnpjParque, idDrone, cpfPiloto )
	VALUES ( to_date ('2002-08-26', 'YYYY-MM-DD'), '55.760.801/2232-18', 40543567, '508.596.215-26' );
INSERT INTO opera ( dataFesta, cnpjParque, idDrone, cpfPiloto )
	VALUES ( to_date ('2001-05-15', 'YYYY-MM-DD'), '27.360.401/2746-17', 56820619, '098.524.090-98' );
INSERT INTO opera ( dataFesta, cnpjParque, idDrone, cpfPiloto )
	VALUES ( to_date ('2000-07-15', 'YYYY-MM-DD'), '73.257.555/4258-42', 18011264, '169.338.392-47' );
INSERT INTO opera ( dataFesta, cnpjParque, idDrone, cpfPiloto )
	VALUES ( to_date ('2015-04-08', 'YYYY-MM-DD'), '00.976.838/6794-33', 84803152, '059.330.483-11' );
INSERT INTO opera ( dataFesta, cnpjParque, idDrone, cpfPiloto )
	VALUES ( to_date ('2011-05-29', 'YYYY-MM-DD'), '91.676.137/0246-49', 79983459, '453.132.778-36' );
INSERT INTO opera ( dataFesta, cnpjParque, idDrone, cpfPiloto )
	VALUES ( to_date ('2009-04-04', 'YYYY-MM-DD'), '00.100.368/4290-66', 28899959, '741.840.210-99' );
INSERT INTO opera ( dataFesta, cnpjParque, idDrone, cpfPiloto )
	VALUES ( to_date ('2004-06-03', 'YYYY-MM-DD'), '13.059.259/5773-14', 82728392, '480.422.370-88' );
INSERT INTO opera ( dataFesta, cnpjParque, idDrone, cpfPiloto )
	VALUES ( to_date ('2012-05-03', 'YYYY-MM-DD'), '04.311.437/2024-71', 76910415, '659.897.784-44' );
INSERT INTO opera ( dataFesta, cnpjParque, idDrone, cpfPiloto )
	VALUES ( to_date ('2015-02-02', 'YYYY-MM-DD'), '28.798.178/5397-14', 69399138, '954.318.834-65' );
INSERT INTO opera ( dataFesta, cnpjParque, idDrone, cpfPiloto )
	VALUES ( to_date ('2006-10-25', 'YYYY-MM-DD'), '98.648.805/9370-65', 33450850, '672.918.060-28' );
INSERT INTO opera ( dataFesta, cnpjParque, idDrone, cpfPiloto )
	VALUES ( to_date ('2016-01-22', 'YYYY-MM-DD'), '88.766.925/3716-63', 26973036, '550.231.571-28' );
INSERT INTO opera ( dataFesta, cnpjParque, idDrone, cpfPiloto )
	VALUES ( to_date ('2008-04-06', 'YYYY-MM-DD'), '51.920.176/6657-28', 82897777, '922.807.168-08' );
INSERT INTO opera ( dataFesta, cnpjParque, idDrone, cpfPiloto )
	VALUES ( to_date ('2018-11-11', 'YYYY-MM-DD'), '78.176.667/1123-29', 30502139, '536.492.252-81' );
INSERT INTO opera ( dataFesta, cnpjParque, idDrone, cpfPiloto )
	VALUES ( to_date ('2007-06-25', 'YYYY-MM-DD'), '22.216.462/9886-56', 85104737, '747.880.415-61' );
INSERT INTO opera ( dataFesta, cnpjParque, idDrone, cpfPiloto )
	VALUES ( to_date ('2002-03-09', 'YYYY-MM-DD'), '88.540.442/9424-54', 79105576, '866.216.418-46' );
INSERT INTO opera ( dataFesta, cnpjParque, idDrone, cpfPiloto )
	VALUES ( to_date ('2017-08-29', 'YYYY-MM-DD'), '98.853.014/7988-94', 82437676, '973.785.332-66' );
INSERT INTO opera ( dataFesta, cnpjParque, idDrone, cpfPiloto )
	VALUES ( to_date ('2006-03-13', 'YYYY-MM-DD'), '19.228.951/1483-58', 30643524, '679.750.535-36' );
INSERT INTO opera ( dataFesta, cnpjParque, idDrone, cpfPiloto )
	VALUES ( to_date ('2006-09-10', 'YYYY-MM-DD'), '29.007.445/7586-59', 88991997, '725.795.391-06' );
INSERT INTO opera ( dataFesta, cnpjParque, idDrone, cpfPiloto )
	VALUES ( to_date ('2011-02-10', 'YYYY-MM-DD'), '00.276.961/9065-26', 78615540, '659.897.784-44' );
INSERT INTO opera ( dataFesta, cnpjParque, idDrone, cpfPiloto )
	VALUES ( to_date ('2008-10-03', 'YYYY-MM-DD'), '13.059.259/5773-14', 85408438, '651.452.975-76' );
INSERT INTO opera ( dataFesta, cnpjParque, idDrone, cpfPiloto )
	VALUES ( to_date ('2009-06-25', 'YYYY-MM-DD'), '00.976.838/6794-33', 30975799, '453.132.778-36' );
INSERT INTO opera ( dataFesta, cnpjParque, idDrone, cpfPiloto )
	VALUES ( to_date ('2005-01-16', 'YYYY-MM-DD'), '51.920.176/6657-28', 30785842, '706.139.849-51' );
INSERT INTO opera ( dataFesta, cnpjParque, idDrone, cpfPiloto )
	VALUES ( to_date ('2017-07-01', 'YYYY-MM-DD'), '96.145.598/4868-32', 11523567, '003.792.611-73' );
INSERT INTO opera ( dataFesta, cnpjParque, idDrone, cpfPiloto )
	VALUES ( to_date ('2004-02-24', 'YYYY-MM-DD'), '48.965.946/7260-28', 24025451, '824.324.617-66' );
INSERT INTO opera ( dataFesta, cnpjParque, idDrone, cpfPiloto )
	VALUES ( to_date ('2008-11-23', 'YYYY-MM-DD'), '06.887.851/5483-98', 16237288, '065.091.423-26' );
INSERT INTO opera ( dataFesta, cnpjParque, idDrone, cpfPiloto )
	VALUES ( to_date ('2012-05-15', 'YYYY-MM-DD'), '33.877.049/2363-33', 67204861, '208.590.843-38' );
INSERT INTO opera ( dataFesta, cnpjParque, idDrone, cpfPiloto )
	VALUES ( to_date ('2005-07-17', 'YYYY-MM-DD'), '04.669.092/6912-76', 52491489, '679.750.535-36' );
INSERT INTO opera ( dataFesta, cnpjParque, idDrone, cpfPiloto )
	VALUES ( to_date ('2017-03-26', 'YYYY-MM-DD'), '68.218.168/1057-70', 89739437, '209.762.167-79' );
INSERT INTO opera ( dataFesta, cnpjParque, idDrone, cpfPiloto )
	VALUES ( to_date ('2011-07-20', 'YYYY-MM-DD'), '88.886.817/8195-56', 16223487, '960.825.711-15' );
INSERT INTO opera ( dataFesta, cnpjParque, idDrone, cpfPiloto )
	VALUES ( to_date ('2014-08-15', 'YYYY-MM-DD'), '08.475.645/4023-66', 82316333, '102.614.802-18' );
INSERT INTO opera ( dataFesta, cnpjParque, idDrone, cpfPiloto )
	VALUES ( to_date ('2001-03-28', 'YYYY-MM-DD'), '11.788.751/9528-38', 50958498, '643.511.851-32' );
INSERT INTO opera ( dataFesta, cnpjParque, idDrone, cpfPiloto )
	VALUES ( to_date ('2005-01-16', 'YYYY-MM-DD'), '51.920.176/6657-28', 44476540, '277.950.069-37' );
INSERT INTO opera ( dataFesta, cnpjParque, idDrone, cpfPiloto )
	VALUES ( to_date ('2008-11-23', 'YYYY-MM-DD'), '06.887.851/5483-98', 66836700, '092.751.926-73' );
INSERT INTO opera ( dataFesta, cnpjParque, idDrone, cpfPiloto )
	VALUES ( to_date ('2015-04-08', 'YYYY-MM-DD'), '00.976.838/6794-33', 58379359, '003.792.611-73' );
INSERT INTO opera ( dataFesta, cnpjParque, idDrone, cpfPiloto )
	VALUES ( to_date ('2017-10-23', 'YYYY-MM-DD'), '53.527.877/1004-54', 16996226, '410.819.426-83' );
INSERT INTO opera ( dataFesta, cnpjParque, idDrone, cpfPiloto )
	VALUES ( to_date ('2008-10-03', 'YYYY-MM-DD'), '13.059.259/5773-14', 33913911, '408.937.557-71' );
INSERT INTO opera ( dataFesta, cnpjParque, idDrone, cpfPiloto )
	VALUES ( to_date ('2007-06-25', 'YYYY-MM-DD'), '22.216.462/9886-56', 24104317, '025.100.117-88' );
INSERT INTO opera ( dataFesta, cnpjParque, idDrone, cpfPiloto )
	VALUES ( to_date ('2003-11-26', 'YYYY-MM-DD'), '75.783.195/0716-32', 60316928, '968.480.094-00' );
INSERT INTO opera ( dataFesta, cnpjParque, idDrone, cpfPiloto )
	VALUES ( to_date ('2017-08-29', 'YYYY-MM-DD'), '98.853.014/7988-94', 79939915, '338.698.478-71' );
INSERT INTO opera ( dataFesta, cnpjParque, idDrone, cpfPiloto )
	VALUES ( to_date ('2008-04-20', 'YYYY-MM-DD'), '06.887.851/5483-98', 31904781, '909.808.644-11' );
INSERT INTO opera ( dataFesta, cnpjParque, idDrone, cpfPiloto )
	VALUES ( to_date ('2002-08-16', 'YYYY-MM-DD'), '17.334.319/3906-73', 64426735, '478.613.044-80' );
INSERT INTO opera ( dataFesta, cnpjParque, idDrone, cpfPiloto )
	VALUES ( to_date ('2006-07-02', 'YYYY-MM-DD'), '53.641.871/3612-76', 79656942, '702.694.593-40' );
INSERT INTO opera ( dataFesta, cnpjParque, idDrone, cpfPiloto )
	VALUES ( to_date ('2007-04-24', 'YYYY-MM-DD'), '12.002.044/0099-26', 40435260, '689.353.993-29' );
INSERT INTO opera ( dataFesta, cnpjParque, idDrone, cpfPiloto )
	VALUES ( to_date ('2005-07-17', 'YYYY-MM-DD'), '04.669.092/6912-76', 69886780, '757.459.668-54' );
INSERT INTO opera ( dataFesta, cnpjParque, idDrone, cpfPiloto )
	VALUES ( to_date ('2006-01-26', 'YYYY-MM-DD'), '67.165.101/4578-85', 86825786, '191.220.769-38' );
INSERT INTO opera ( dataFesta, cnpjParque, idDrone, cpfPiloto )
	VALUES ( to_date ('2003-07-04', 'YYYY-MM-DD'), '70.152.633/5174-20', 74627891, '278.383.268-45' );
INSERT INTO opera ( dataFesta, cnpjParque, idDrone, cpfPiloto )
	VALUES ( to_date ('2009-01-23', 'YYYY-MM-DD'), '00.082.473/9285-21', 17789029, '209.762.167-79' );
INSERT INTO opera ( dataFesta, cnpjParque, idDrone, cpfPiloto )
	VALUES ( to_date ('2000-07-15', 'YYYY-MM-DD'), '73.257.555/4258-42', 46119211, '961.647.751-79' );
INSERT INTO opera ( dataFesta, cnpjParque, idDrone, cpfPiloto )
	VALUES ( to_date ('2012-01-21', 'YYYY-MM-DD'), '00.276.961/9065-26', 87774678, '241.702.807-60' );
INSERT INTO opera ( dataFesta, cnpjParque, idDrone, cpfPiloto )
	VALUES ( to_date ('2018-11-11', 'YYYY-MM-DD'), '78.176.667/1123-29', 83490233, '130.064.450-23' );
INSERT INTO opera ( dataFesta, cnpjParque, idDrone, cpfPiloto )
	VALUES ( to_date ('2017-08-22', 'YYYY-MM-DD'), '63.620.743/1462-56', 19907994, '183.569.609-62' );
INSERT INTO opera ( dataFesta, cnpjParque, idDrone, cpfPiloto )
	VALUES ( to_date ('2012-08-19', 'YYYY-MM-DD'), '01.230.528/6088-10', 28435383, '202.100.382-31' );
INSERT INTO opera ( dataFesta, cnpjParque, idDrone, cpfPiloto )
	VALUES ( to_date ('2015-03-19', 'YYYY-MM-DD'), '22.216.462/9886-56', 66280944, '042.540.641-53' );
INSERT INTO opera ( dataFesta, cnpjParque, idDrone, cpfPiloto )
	VALUES ( to_date ('2017-08-29', 'YYYY-MM-DD'), '98.853.014/7988-94', 67466081, '208.590.843-38' );
INSERT INTO opera ( dataFesta, cnpjParque, idDrone, cpfPiloto )
	VALUES ( to_date ('2003-07-04', 'YYYY-MM-DD'), '70.152.633/5174-20', 23917858, '754.444.997-34' );
INSERT INTO opera ( dataFesta, cnpjParque, idDrone, cpfPiloto )
	VALUES ( to_date ('2002-03-09', 'YYYY-MM-DD'), '88.540.442/9424-54', 43602521, '655.867.366-17' );
INSERT INTO opera ( dataFesta, cnpjParque, idDrone, cpfPiloto )
	VALUES ( to_date ('2003-05-11', 'YYYY-MM-DD'), '80.791.658/2644-47', 38092277, '166.760.321-68' );
INSERT INTO opera ( dataFesta, cnpjParque, idDrone, cpfPiloto )
	VALUES ( to_date ('2013-01-26', 'YYYY-MM-DD'), '59.826.241/9274-32', 10729782, '025.100.117-88' );
INSERT INTO opera ( dataFesta, cnpjParque, idDrone, cpfPiloto )
	VALUES ( to_date ('2008-10-03', 'YYYY-MM-DD'), '13.059.259/5773-14', 38925780, '276.865.875-31' );
INSERT INTO opera ( dataFesta, cnpjParque, idDrone, cpfPiloto )
	VALUES ( to_date ('2010-11-05', 'YYYY-MM-DD'), '03.127.699/6296-36', 46611473, '824.324.617-66' );
INSERT INTO opera ( dataFesta, cnpjParque, idDrone, cpfPiloto )
	VALUES ( to_date ('2011-06-06', 'YYYY-MM-DD'), '53.527.877/1004-54', 21995234, '098.964.468-71' );
INSERT INTO opera ( dataFesta, cnpjParque, idDrone, cpfPiloto )
	VALUES ( to_date ('2001-06-01', 'YYYY-MM-DD'), '37.347.569/6458-47', 76277321, '819.930.030-83' );
INSERT INTO opera ( dataFesta, cnpjParque, idDrone, cpfPiloto )
	VALUES ( to_date ('2013-08-28', 'YYYY-MM-DD'), '80.268.213/2876-00', 44399775, '960.825.711-15' );
INSERT INTO opera ( dataFesta, cnpjParque, idDrone, cpfPiloto )
	VALUES ( to_date ('2015-02-27', 'YYYY-MM-DD'), '33.877.049/2363-33', 85627016, '271.054.513-53' );
INSERT INTO opera ( dataFesta, cnpjParque, idDrone, cpfPiloto )
	VALUES ( to_date ('2013-08-28', 'YYYY-MM-DD'), '80.268.213/2876-00', 85258763, '346.675.103-29' );
INSERT INTO opera ( dataFesta, cnpjParque, idDrone, cpfPiloto )
	VALUES ( to_date ('2007-11-28', 'YYYY-MM-DD'), '19.228.951/1483-58', 19839870, '946.219.210-07' );
INSERT INTO opera ( dataFesta, cnpjParque, idDrone, cpfPiloto )
	VALUES ( to_date ('2015-07-15', 'YYYY-MM-DD'), '33.877.049/2363-33', 52002799, '027.162.848-44' );
INSERT INTO opera ( dataFesta, cnpjParque, idDrone, cpfPiloto )
	VALUES ( to_date ('2018-04-06', 'YYYY-MM-DD'), '26.123.942/0507-77', 33155110, '954.508.078-37' );
INSERT INTO opera ( dataFesta, cnpjParque, idDrone, cpfPiloto )
	VALUES ( to_date ('2006-01-26', 'YYYY-MM-DD'), '67.165.101/4578-85', 50689700, '984.319.590-75' );
INSERT INTO opera ( dataFesta, cnpjParque, idDrone, cpfPiloto )
	VALUES ( to_date ('2008-02-15', 'YYYY-MM-DD'), '53.527.877/1004-54', 33277476, '985.878.089-45' );
INSERT INTO opera ( dataFesta, cnpjParque, idDrone, cpfPiloto )
	VALUES ( to_date ('2006-05-27', 'YYYY-MM-DD'), '08.475.645/4023-66', 73370015, '375.841.304-61' );
INSERT INTO opera ( dataFesta, cnpjParque, idDrone, cpfPiloto )
	VALUES ( to_date ('2018-04-13', 'YYYY-MM-DD'), '22.216.462/9886-56', 46626662, '689.353.993-29' );
INSERT INTO opera ( dataFesta, cnpjParque, idDrone, cpfPiloto )
	VALUES ( to_date ('2015-02-02', 'YYYY-MM-DD'), '28.798.178/5397-14', 67007718, '375.841.304-61' );
INSERT INTO opera ( dataFesta, cnpjParque, idDrone, cpfPiloto )
	VALUES ( to_date ('2018-08-02', 'YYYY-MM-DD'), '68.218.168/1057-70', 14426640, '968.480.094-00' );
INSERT INTO opera ( dataFesta, cnpjParque, idDrone, cpfPiloto )
	VALUES ( to_date ('2011-02-10', 'YYYY-MM-DD'), '00.276.961/9065-26', 39622653, '277.950.069-37' );
INSERT INTO opera ( dataFesta, cnpjParque, idDrone, cpfPiloto )
	VALUES ( to_date ('2001-05-15', 'YYYY-MM-DD'), '27.360.401/2746-17', 31597940, '883.397.994-28' );
INSERT INTO opera ( dataFesta, cnpjParque, idDrone, cpfPiloto )
	VALUES ( to_date ('2010-09-07', 'YYYY-MM-DD'), '12.002.044/0099-26', 84857207, '505.705.748-21' );
INSERT INTO opera ( dataFesta, cnpjParque, idDrone, cpfPiloto )
	VALUES ( to_date ('2006-10-25', 'YYYY-MM-DD'), '55.760.801/2232-18', 87492264, '461.757.542-43' );
INSERT INTO opera ( dataFesta, cnpjParque, idDrone, cpfPiloto )
	VALUES ( to_date ('2003-07-04', 'YYYY-MM-DD'), '70.152.633/5174-20', 36919553, '765.500.392-58' );
INSERT INTO opera ( dataFesta, cnpjParque, idDrone, cpfPiloto )
	VALUES ( to_date ('2018-09-09', 'YYYY-MM-DD'), '33.734.905/4332-01', 63177806, '202.100.382-31' );
INSERT INTO opera ( dataFesta, cnpjParque, idDrone, cpfPiloto )
	VALUES ( to_date ('2007-11-28', 'YYYY-MM-DD'), '19.228.951/1483-58', 25917281, '209.762.167-79' );
INSERT INTO opera ( dataFesta, cnpjParque, idDrone, cpfPiloto )
	VALUES ( to_date ('2004-06-03', 'YYYY-MM-DD'), '13.059.259/5773-14', 88599541, '741.227.419-70' );
INSERT INTO opera ( dataFesta, cnpjParque, idDrone, cpfPiloto )
	VALUES ( to_date ('2014-01-22', 'YYYY-MM-DD'), '26.165.876/1045-10', 59941845, '985.878.089-45' );

/* TABLE auxilia */
INSERT INTO auxilia ( dataFesta, cnpjParque, cpfPiloto, cpfCopiloto )
	VALUES ( to_date ('2004-06-03', 'YYYY-MM-DD'), '13.059.259/5773-14', '741.840.210-99', '215.129.040-40' );
INSERT INTO auxilia ( dataFesta, cnpjParque, cpfPiloto, cpfCopiloto )
	VALUES ( to_date ('2002-08-16', 'YYYY-MM-DD'), '17.334.319/3906-73', '706.139.849-51', '188.547.450-93' );
INSERT INTO auxilia ( dataFesta, cnpjParque, cpfPiloto, cpfCopiloto )
	VALUES ( to_date ('2015-07-15', 'YYYY-MM-DD'), '33.877.049/2363-33', '961.647.751-79', '541.729.094-74' );
INSERT INTO auxilia ( dataFesta, cnpjParque, cpfPiloto, cpfCopiloto )
	VALUES ( to_date ('2015-07-05', 'YYYY-MM-DD'), '21.095.547/5452-13', '954.508.078-37', '505.705.748-21' );
INSERT INTO auxilia ( dataFesta, cnpjParque, cpfPiloto, cpfCopiloto )
	VALUES ( to_date ('2015-03-19', 'YYYY-MM-DD'), '22.216.462/9886-56', '968.480.094-00', '927.536.589-40' );
INSERT INTO auxilia ( dataFesta, cnpjParque, cpfPiloto, cpfCopiloto )
	VALUES ( to_date ('2015-05-16', 'YYYY-MM-DD'), '78.176.667/1123-29', '461.757.542-43', '338.698.478-71' );
INSERT INTO auxilia ( dataFesta, cnpjParque, cpfPiloto, cpfCopiloto )
	VALUES ( to_date ('2012-05-03', 'YYYY-MM-DD'), '04.311.437/2024-71', '202.100.382-31', '183.569.609-62' );
INSERT INTO auxilia ( dataFesta, cnpjParque, cpfPiloto, cpfCopiloto )
	VALUES ( to_date ('2012-01-21', 'YYYY-MM-DD'), '00.276.961/9065-26', '541.649.682-95', '651.552.626-75' );
INSERT INTO auxilia ( dataFesta, cnpjParque, cpfPiloto, cpfCopiloto )
	VALUES ( to_date ('2008-10-03', 'YYYY-MM-DD'), '13.059.259/5773-14', '866.216.418-46', '985.878.089-45' );
INSERT INTO auxilia ( dataFesta, cnpjParque, cpfPiloto, cpfCopiloto )
	VALUES ( to_date ('2009-01-23', 'YYYY-MM-DD'), '00.082.473/9285-21', '621.858.118-96', '689.353.993-29' );
INSERT INTO auxilia ( dataFesta, cnpjParque, cpfPiloto, cpfCopiloto )
	VALUES ( to_date ('2012-01-21', 'YYYY-MM-DD'), '00.276.961/9065-26', '824.324.617-66', '053.136.412-65' );
INSERT INTO auxilia ( dataFesta, cnpjParque, cpfPiloto, cpfCopiloto )
	VALUES ( to_date ('2005-07-17', 'YYYY-MM-DD'), '04.669.092/6912-76', '102.614.802-18', '102.614.802-18' );
INSERT INTO auxilia ( dataFesta, cnpjParque, cpfPiloto, cpfCopiloto )
	VALUES ( to_date ('2008-02-15', 'YYYY-MM-DD'), '53.527.877/1004-54', '997.032.797-40', '478.613.044-80' );
INSERT INTO auxilia ( dataFesta, cnpjParque, cpfPiloto, cpfCopiloto )
	VALUES ( to_date ('2006-10-30', 'YYYY-MM-DD'), '01.230.528/6088-10', '208.590.843-38', '643.511.851-32' );
INSERT INTO auxilia ( dataFesta, cnpjParque, cpfPiloto, cpfCopiloto )
	VALUES ( to_date ('2008-04-06', 'YYYY-MM-DD'), '51.920.176/6657-28', '946.219.210-07', '042.540.641-53' );
INSERT INTO auxilia ( dataFesta, cnpjParque, cpfPiloto, cpfCopiloto )
	VALUES ( to_date ('2011-07-20', 'YYYY-MM-DD'), '88.886.817/8195-56', '774.267.034-51', '209.762.167-79' );
INSERT INTO auxilia ( dataFesta, cnpjParque, cpfPiloto, cpfCopiloto )
	VALUES ( to_date ('2012-09-07', 'YYYY-MM-DD'), '08.660.251/3482-20', '043.955.036-98', '954.508.078-37' );
INSERT INTO auxilia ( dataFesta, cnpjParque, cpfPiloto, cpfCopiloto )
	VALUES ( to_date ('2012-08-19', 'YYYY-MM-DD'), '01.230.528/6088-10', '960.825.711-15', '946.219.210-07' );
INSERT INTO auxilia ( dataFesta, cnpjParque, cpfPiloto, cpfCopiloto )
	VALUES ( to_date ('2015-04-08', 'YYYY-MM-DD'), '00.976.838/6794-33', '209.762.167-79', '757.459.668-54' );
INSERT INTO auxilia ( dataFesta, cnpjParque, cpfPiloto, cpfCopiloto )
	VALUES ( to_date ('2006-03-13', 'YYYY-MM-DD'), '19.228.951/1483-58', '375.841.304-61', '202.100.382-31' );
INSERT INTO auxilia ( dataFesta, cnpjParque, cpfPiloto, cpfCopiloto )
	VALUES ( to_date ('2018-11-11', 'YYYY-MM-DD'), '78.176.667/1123-29', '085.726.128-13', '410.819.426-83' );
INSERT INTO auxilia ( dataFesta, cnpjParque, cpfPiloto, cpfCopiloto )
	VALUES ( to_date ('2017-07-01', 'YYYY-MM-DD'), '96.145.598/4868-32', '166.760.321-68', '031.844.616-48' );
INSERT INTO auxilia ( dataFesta, cnpjParque, cpfPiloto, cpfCopiloto )
	VALUES ( to_date ('2005-10-12', 'YYYY-MM-DD'), '80.268.213/2876-00', '954.318.834-65', '550.231.571-28' );
INSERT INTO auxilia ( dataFesta, cnpjParque, cpfPiloto, cpfCopiloto )
	VALUES ( to_date ('2011-06-06', 'YYYY-MM-DD'), '53.527.877/1004-54', '043.955.036-98', '753.864.683-48' );
INSERT INTO auxilia ( dataFesta, cnpjParque, cpfPiloto, cpfCopiloto )
	VALUES ( to_date ('2011-05-29', 'YYYY-MM-DD'), '91.676.137/0246-49', '188.547.450-93', '725.795.391-06' );
INSERT INTO auxilia ( dataFesta, cnpjParque, cpfPiloto, cpfCopiloto )
	VALUES ( to_date ('2006-10-25', 'YYYY-MM-DD'), '98.648.805/9370-65', '927.536.589-40', '954.318.834-65' );
INSERT INTO auxilia ( dataFesta, cnpjParque, cpfPiloto, cpfCopiloto )
	VALUES ( to_date ('2016-01-22', 'YYYY-MM-DD'), '88.766.925/3716-63', '968.480.094-00', '182.633.304-81' );
INSERT INTO auxilia ( dataFesta, cnpjParque, cpfPiloto, cpfCopiloto )
	VALUES ( to_date ('2004-01-04', 'YYYY-MM-DD'), '21.294.553/5588-89', '410.819.426-83', '277.950.069-37' );
INSERT INTO auxilia ( dataFesta, cnpjParque, cpfPiloto, cpfCopiloto )
	VALUES ( to_date ('2011-10-25', 'YYYY-MM-DD'), '88.540.442/9424-54', '550.231.571-28', '536.492.252-81' );
INSERT INTO auxilia ( dataFesta, cnpjParque, cpfPiloto, cpfCopiloto )
	VALUES ( to_date ('2009-01-19', 'YYYY-MM-DD'), '95.397.102/0428-32', '408.937.557-71', '306.570.839-92' );
INSERT INTO auxilia ( dataFesta, cnpjParque, cpfPiloto, cpfCopiloto )
	VALUES ( to_date ('2010-11-05', 'YYYY-MM-DD'), '03.127.699/6296-36', '824.324.617-66', '169.338.392-47' );
INSERT INTO auxilia ( dataFesta, cnpjParque, cpfPiloto, cpfCopiloto )
	VALUES ( to_date ('2001-05-15', 'YYYY-MM-DD'), '27.360.401/2746-17', '098.964.468-71', '196.969.889-38' );
INSERT INTO auxilia ( dataFesta, cnpjParque, cpfPiloto, cpfCopiloto )
	VALUES ( to_date ('2012-08-22', 'YYYY-MM-DD'), '06.887.851/5483-98', '042.540.641-53', '085.726.128-13' );
INSERT INTO auxilia ( dataFesta, cnpjParque, cpfPiloto, cpfCopiloto )
	VALUES ( to_date ('2017-09-12', 'YYYY-MM-DD'), '33.877.049/2363-33', '172.118.745-96', '172.118.745-96' );
INSERT INTO auxilia ( dataFesta, cnpjParque, cpfPiloto, cpfCopiloto )
	VALUES ( to_date ('2008-10-03', 'YYYY-MM-DD'), '13.059.259/5773-14', '182.633.304-81', '152.231.478-98' );
INSERT INTO auxilia ( dataFesta, cnpjParque, cpfPiloto, cpfCopiloto )
	VALUES ( to_date ('2018-03-04', 'YYYY-MM-DD'), '98.853.014/7988-94', '508.596.215-26', '208.590.843-38' );
INSERT INTO auxilia ( dataFesta, cnpjParque, cpfPiloto, cpfCopiloto )
	VALUES ( to_date ('2011-10-25', 'YYYY-MM-DD'), '88.540.442/9424-54', '505.705.748-21', '921.950.940-86' );
INSERT INTO auxilia ( dataFesta, cnpjParque, cpfPiloto, cpfCopiloto )
	VALUES ( to_date ('2010-05-20', 'YYYY-MM-DD'), '13.059.259/5773-14', '191.220.769-38', '824.324.617-66' );
INSERT INTO auxilia ( dataFesta, cnpjParque, cpfPiloto, cpfCopiloto )
	VALUES ( to_date ('2008-04-16', 'YYYY-MM-DD'), '88.886.817/8195-56', '946.219.210-07', '819.930.030-83' );
INSERT INTO auxilia ( dataFesta, cnpjParque, cpfPiloto, cpfCopiloto )
	VALUES ( to_date ('2018-04-13', 'YYYY-MM-DD'), '22.216.462/9886-56', '702.694.593-40', '196.343.326-57' );
INSERT INTO auxilia ( dataFesta, cnpjParque, cpfPiloto, cpfCopiloto )
	VALUES ( to_date ('2000-07-15', 'YYYY-MM-DD'), '73.257.555/4258-42', '276.865.875-31', '453.132.778-36' );
INSERT INTO auxilia ( dataFesta, cnpjParque, cpfPiloto, cpfCopiloto )
	VALUES ( to_date ('2017-08-29', 'YYYY-MM-DD'), '98.853.014/7988-94', '754.444.997-34', '191.220.769-38' );
INSERT INTO auxilia ( dataFesta, cnpjParque, cpfPiloto, cpfCopiloto )
	VALUES ( to_date ('2006-07-02', 'YYYY-MM-DD'), '53.641.871/3612-76', '679.750.535-36', '092.751.926-73' );
INSERT INTO auxilia ( dataFesta, cnpjParque, cpfPiloto, cpfCopiloto )
	VALUES ( to_date ('2006-07-02', 'YYYY-MM-DD'), '53.641.871/3612-76', '649.110.168-22', '866.216.418-46' );
INSERT INTO auxilia ( dataFesta, cnpjParque, cpfPiloto, cpfCopiloto )
	VALUES ( to_date ('2008-02-15', 'YYYY-MM-DD'), '53.527.877/1004-54', '757.459.668-54', '480.422.370-88' );
INSERT INTO auxilia ( dataFesta, cnpjParque, cpfPiloto, cpfCopiloto )
	VALUES ( to_date ('2001-02-22', 'YYYY-MM-DD'), '94.538.035/7334-89', '277.950.069-37', '508.596.215-26' );
INSERT INTO auxilia ( dataFesta, cnpjParque, cpfPiloto, cpfCopiloto )
	VALUES ( to_date ('2008-11-23', 'YYYY-MM-DD'), '06.887.851/5483-98', '651.552.626-75', '649.110.168-22' );
INSERT INTO auxilia ( dataFesta, cnpjParque, cpfPiloto, cpfCopiloto )
	VALUES ( to_date ('2001-05-15', 'YYYY-MM-DD'), '27.360.401/2746-17', '346.675.103-29', '793.834.340-50' );
INSERT INTO auxilia ( dataFesta, cnpjParque, cpfPiloto, cpfCopiloto )
	VALUES ( to_date ('2003-07-04', 'YYYY-MM-DD'), '70.152.633/5174-20', '191.220.769-38', '883.397.994-28' );
INSERT INTO auxilia ( dataFesta, cnpjParque, cpfPiloto, cpfCopiloto )
	VALUES ( to_date ('2012-08-22', 'YYYY-MM-DD'), '06.887.851/5483-98', '793.012.494-09', '984.319.590-75' );
INSERT INTO auxilia ( dataFesta, cnpjParque, cpfPiloto, cpfCopiloto )
	VALUES ( to_date ('2009-01-19', 'YYYY-MM-DD'), '95.397.102/0428-32', '208.590.843-38', '346.675.103-29' );
INSERT INTO auxilia ( dataFesta, cnpjParque, cpfPiloto, cpfCopiloto )
	VALUES ( to_date ('2006-03-13', 'YYYY-MM-DD'), '19.228.951/1483-58', '209.762.167-79', '679.750.535-36' );
INSERT INTO auxilia ( dataFesta, cnpjParque, cpfPiloto, cpfCopiloto )
	VALUES ( to_date ('2015-02-27', 'YYYY-MM-DD'), '33.877.049/2363-33', '166.760.321-68', '765.500.392-58' );
INSERT INTO auxilia ( dataFesta, cnpjParque, cpfPiloto, cpfCopiloto )
	VALUES ( to_date ('2004-01-04', 'YYYY-MM-DD'), '21.294.553/5588-89', '241.702.807-60', '961.647.751-79' );
INSERT INTO auxilia ( dataFesta, cnpjParque, cpfPiloto, cpfCopiloto )
	VALUES ( to_date ('2018-09-09', 'YYYY-MM-DD'), '33.734.905/4332-01', '155.423.903-20', '741.840.210-99' );
INSERT INTO auxilia ( dataFesta, cnpjParque, cpfPiloto, cpfCopiloto )
	VALUES ( to_date ('2007-06-25', 'YYYY-MM-DD'), '22.216.462/9886-56', '765.500.392-58', '909.808.644-11' );
INSERT INTO auxilia ( dataFesta, cnpjParque, cpfPiloto, cpfCopiloto )
	VALUES ( to_date ('2015-08-16', 'YYYY-MM-DD'), '88.522.783/1295-88', '621.858.118-96', '672.918.060-28' );
INSERT INTO auxilia ( dataFesta, cnpjParque, cpfPiloto, cpfCopiloto )
	VALUES ( to_date ('2013-08-28', 'YYYY-MM-DD'), '80.268.213/2876-00', '984.319.590-75', '278.383.268-45' );
INSERT INTO auxilia ( dataFesta, cnpjParque, cpfPiloto, cpfCopiloto )
	VALUES ( to_date ('2007-09-17', 'YYYY-MM-DD'), '08.660.251/3482-20', '027.162.848-44', '043.955.036-98' );
INSERT INTO auxilia ( dataFesta, cnpjParque, cpfPiloto, cpfCopiloto )
	VALUES ( to_date ('2007-09-17', 'YYYY-MM-DD'), '08.660.251/3482-20', '059.330.483-11', '155.423.903-20' );
INSERT INTO auxilia ( dataFesta, cnpjParque, cpfPiloto, cpfCopiloto )
	VALUES ( to_date ('2015-02-27', 'YYYY-MM-DD'), '33.877.049/2363-33', '202.100.382-31', '754.444.997-34' );
INSERT INTO auxilia ( dataFesta, cnpjParque, cpfPiloto, cpfCopiloto )
	VALUES ( to_date ('2010-11-05', 'YYYY-MM-DD'), '03.127.699/6296-36', '098.524.090-98', '702.694.593-40' );
INSERT INTO auxilia ( dataFesta, cnpjParque, cpfPiloto, cpfCopiloto )
	VALUES ( to_date ('2015-09-19', 'YYYY-MM-DD'), '50.829.360/8653-92', '689.353.993-29', '541.649.682-95' );
INSERT INTO auxilia ( dataFesta, cnpjParque, cpfPiloto, cpfCopiloto )
	VALUES ( to_date ('2001-02-22', 'YYYY-MM-DD'), '94.538.035/7334-89', '621.858.118-96', '166.760.321-68' );
INSERT INTO auxilia ( dataFesta, cnpjParque, cpfPiloto, cpfCopiloto )
	VALUES ( to_date ('2012-10-15', 'YYYY-MM-DD'), '80.268.213/2876-00', '689.353.993-29', '706.139.849-51' );
INSERT INTO auxilia ( dataFesta, cnpjParque, cpfPiloto, cpfCopiloto )
	VALUES ( to_date ('2001-02-22', 'YYYY-MM-DD'), '94.538.035/7334-89', '505.705.748-21', '320.599.949-22' );
INSERT INTO auxilia ( dataFesta, cnpjParque, cpfPiloto, cpfCopiloto )
	VALUES ( to_date ('2013-10-02', 'YYYY-MM-DD'), '51.920.176/6657-28', '278.383.268-45', '559.158.417-02' );
INSERT INTO auxilia ( dataFesta, cnpjParque, cpfPiloto, cpfCopiloto )
	VALUES ( to_date ('2005-01-16', 'YYYY-MM-DD'), '51.920.176/6657-28', '215.129.040-40', '540.402.206-05' );
INSERT INTO auxilia ( dataFesta, cnpjParque, cpfPiloto, cpfCopiloto )
	VALUES ( to_date ('2001-02-22', 'YYYY-MM-DD'), '94.538.035/7334-89', '793.012.494-09', '655.867.366-17' );
INSERT INTO auxilia ( dataFesta, cnpjParque, cpfPiloto, cpfCopiloto )
	VALUES ( to_date ('2014-01-06', 'YYYY-MM-DD'), '26.123.942/0507-77', '793.834.340-50', '098.524.090-98' );
INSERT INTO auxilia ( dataFesta, cnpjParque, cpfPiloto, cpfCopiloto )
	VALUES ( to_date ('2001-03-28', 'YYYY-MM-DD'), '11.788.751/9528-38', '480.422.370-88', '408.937.557-71' );
INSERT INTO auxilia ( dataFesta, cnpjParque, cpfPiloto, cpfCopiloto )
	VALUES ( to_date ('2006-10-25', 'YYYY-MM-DD'), '55.760.801/2232-18', '659.897.784-44', '973.785.332-66' );
INSERT INTO auxilia ( dataFesta, cnpjParque, cpfPiloto, cpfCopiloto )
	VALUES ( to_date ('2010-09-07', 'YYYY-MM-DD'), '12.002.044/0099-26', '461.757.542-43', '922.807.168-08' );
INSERT INTO auxilia ( dataFesta, cnpjParque, cpfPiloto, cpfCopiloto )
	VALUES ( to_date ('2010-09-07', 'YYYY-MM-DD'), '12.002.044/0099-26', '043.955.036-98', '003.792.611-73' );
INSERT INTO auxilia ( dataFesta, cnpjParque, cpfPiloto, cpfCopiloto )
	VALUES ( to_date ('2007-04-24', 'YYYY-MM-DD'), '12.002.044/0099-26', '747.880.415-61', '997.032.797-40' );
INSERT INTO auxilia ( dataFesta, cnpjParque, cpfPiloto, cpfCopiloto )
	VALUES ( to_date ('2008-11-23', 'YYYY-MM-DD'), '06.887.851/5483-98', '536.492.252-81', '025.100.117-88' );
INSERT INTO auxilia ( dataFesta, cnpjParque, cpfPiloto, cpfCopiloto )
	VALUES ( to_date ('2014-01-06', 'YYYY-MM-DD'), '26.123.942/0507-77', '504.159.221-62', '747.880.415-61' );
INSERT INTO auxilia ( dataFesta, cnpjParque, cpfPiloto, cpfCopiloto )
	VALUES ( to_date ('2010-03-14', 'YYYY-MM-DD'), '73.257.555/4258-42', '031.844.616-48', '651.452.975-76' );
INSERT INTO auxilia ( dataFesta, cnpjParque, cpfPiloto, cpfCopiloto )
	VALUES ( to_date ('2002-03-09', 'YYYY-MM-DD'), '88.540.442/9424-54', '651.452.975-76', '960.825.711-15' );
INSERT INTO auxilia ( dataFesta, cnpjParque, cpfPiloto, cpfCopiloto )
	VALUES ( to_date ('2003-05-11', 'YYYY-MM-DD'), '80.791.658/2644-47', '065.091.423-26', '098.964.468-71' );
INSERT INTO auxilia ( dataFesta, cnpjParque, cpfPiloto, cpfCopiloto )
	VALUES ( to_date ('2016-03-06', 'YYYY-MM-DD'), '94.358.124/8032-99', '152.231.478-98', '809.952.320-37' );
INSERT INTO auxilia ( dataFesta, cnpjParque, cpfPiloto, cpfCopiloto )
	VALUES ( to_date ('2009-06-25', 'YYYY-MM-DD'), '00.976.838/6794-33', '883.397.994-28', '375.841.304-61' );
INSERT INTO auxilia ( dataFesta, cnpjParque, cpfPiloto, cpfCopiloto )
	VALUES ( to_date ('2010-09-07', 'YYYY-MM-DD'), '12.002.044/0099-26', '053.136.412-65', '793.012.494-09' );
INSERT INTO auxilia ( dataFesta, cnpjParque, cpfPiloto, cpfCopiloto )
	VALUES ( to_date ('2015-07-05', 'YYYY-MM-DD'), '21.095.547/5452-13', '559.158.417-02', '768.760.635-32' );
INSERT INTO auxilia ( dataFesta, cnpjParque, cpfPiloto, cpfCopiloto )
	VALUES ( to_date ('2018-04-06', 'YYYY-MM-DD'), '26.123.942/0507-77', '003.792.611-73', '271.054.513-53' );
INSERT INTO auxilia ( dataFesta, cnpjParque, cpfPiloto, cpfCopiloto )
	VALUES ( to_date ('2003-03-26', 'YYYY-MM-DD'), '88.766.925/3716-63', '215.129.040-40', '461.757.542-43' );
INSERT INTO auxilia ( dataFesta, cnpjParque, cpfPiloto, cpfCopiloto )
	VALUES ( to_date ('2014-08-26', 'YYYY-MM-DD'), '78.721.896/9395-42', '706.139.849-51', '464.373.438-47' );
INSERT INTO auxilia ( dataFesta, cnpjParque, cpfPiloto, cpfCopiloto )
	VALUES ( to_date ('2013-10-02', 'YYYY-MM-DD'), '51.920.176/6657-28', '541.729.094-74', '659.897.784-44' );
INSERT INTO auxilia ( dataFesta, cnpjParque, cpfPiloto, cpfCopiloto )
	VALUES ( to_date ('2014-01-06', 'YYYY-MM-DD'), '26.123.942/0507-77', '182.633.304-81', '621.858.118-96' );
INSERT INTO auxilia ( dataFesta, cnpjParque, cpfPiloto, cpfCopiloto )
	VALUES ( to_date ('2004-02-24', 'YYYY-MM-DD'), '48.965.946/7260-28', '672.918.060-28', '059.330.483-11' );
INSERT INTO auxilia ( dataFesta, cnpjParque, cpfPiloto, cpfCopiloto )
	VALUES ( to_date ('2001-06-01', 'YYYY-MM-DD'), '37.347.569/6458-47', '725.795.391-06', '241.702.807-60' );
INSERT INTO auxilia ( dataFesta, cnpjParque, cpfPiloto, cpfCopiloto )
	VALUES ( to_date ('2005-10-12', 'YYYY-MM-DD'), '80.268.213/2876-00', '092.751.926-73', '065.091.423-26' );
INSERT INTO auxilia ( dataFesta, cnpjParque, cpfPiloto, cpfCopiloto )
	VALUES ( to_date ('2006-01-26', 'YYYY-MM-DD'), '67.165.101/4578-85', '649.110.168-22', '774.267.034-51' );
INSERT INTO auxilia ( dataFesta, cnpjParque, cpfPiloto, cpfCopiloto )
	VALUES ( to_date ('2014-01-22', 'YYYY-MM-DD'), '26.165.876/1045-10', '541.729.094-74', '027.162.848-44' );
INSERT INTO auxilia ( dataFesta, cnpjParque, cpfPiloto, cpfCopiloto )
	VALUES ( to_date ('2014-01-06', 'YYYY-MM-DD'), '26.123.942/0507-77', '085.726.128-13', '276.865.875-31' );
INSERT INTO auxilia ( dataFesta, cnpjParque, cpfPiloto, cpfCopiloto )
	VALUES ( to_date ('2009-01-19', 'YYYY-MM-DD'), '95.397.102/0428-32', '031.844.616-48', '712.091.557-99' );
INSERT INTO auxilia ( dataFesta, cnpjParque, cpfPiloto, cpfCopiloto )
	VALUES ( to_date ('2011-05-29', 'YYYY-MM-DD'), '91.676.137/0246-49', '689.353.993-29', '741.227.419-70' );
INSERT INTO auxilia ( dataFesta, cnpjParque, cpfPiloto, cpfCopiloto )
	VALUES ( to_date ('2003-05-11', 'YYYY-MM-DD'), '80.791.658/2644-47', '651.452.975-76', '504.159.221-62' );
INSERT INTO auxilia ( dataFesta, cnpjParque, cpfPiloto, cpfCopiloto )
	VALUES ( to_date ('2016-03-06', 'YYYY-MM-DD'), '94.358.124/8032-99', '753.864.683-48', '968.480.094-00' );
INSERT INTO auxilia ( dataFesta, cnpjParque, cpfPiloto, cpfCopiloto )
	VALUES ( to_date ('2009-09-26', 'YYYY-MM-DD'), '53.527.877/1004-54', '183.569.609-62', '130.064.450-23' );

/* TABLE manutencao */
INSERT INTO manutencao ( cpfTecnico, data, idEquipamento )
	VALUES ( '922.807.168-08', to_date ('2003-08-13', 'YYYY-MM-DD'), 80 );
INSERT INTO manutencao ( cpfTecnico, data, idEquipamento )
	VALUES ( '320.599.949-22', to_date ('2003-06-17', 'YYYY-MM-DD'), 67 );
INSERT INTO manutencao ( cpfTecnico, data, idEquipamento )
	VALUES ( '559.158.417-02', to_date ('2006-01-25', 'YYYY-MM-DD'), 86 );
INSERT INTO manutencao ( cpfTecnico, data, idEquipamento )
	VALUES ( '768.760.635-32', to_date ('2003-11-20', 'YYYY-MM-DD'), 58 );
INSERT INTO manutencao ( cpfTecnico, data, idEquipamento )
	VALUES ( '973.785.332-66', to_date ('2004-03-26', 'YYYY-MM-DD'), 69 );
INSERT INTO manutencao ( cpfTecnico, data, idEquipamento )
	VALUES ( '208.590.843-38', to_date ('2002-07-12', 'YYYY-MM-DD'), 93 );
INSERT INTO manutencao ( cpfTecnico, data, idEquipamento )
	VALUES ( '866.216.418-46', to_date ('2012-10-02', 'YYYY-MM-DD'), 77 );
INSERT INTO manutencao ( cpfTecnico, data, idEquipamento )
	VALUES ( '536.492.252-81', to_date ('2010-07-03', 'YYYY-MM-DD'), 29 );
INSERT INTO manutencao ( cpfTecnico, data, idEquipamento )
	VALUES ( '464.373.438-47', to_date ('2018-08-07', 'YYYY-MM-DD'), 100 );
INSERT INTO manutencao ( cpfTecnico, data, idEquipamento )
	VALUES ( '155.423.903-20', to_date ('2006-08-03', 'YYYY-MM-DD'), 49 );
INSERT INTO manutencao ( cpfTecnico, data, idEquipamento )
	VALUES ( '754.444.997-34', to_date ('2011-02-27', 'YYYY-MM-DD'), 99 );
INSERT INTO manutencao ( cpfTecnico, data, idEquipamento )
	VALUES ( '025.100.117-88', to_date ('2013-03-27', 'YYYY-MM-DD'), 51 );
INSERT INTO manutencao ( cpfTecnico, data, idEquipamento )
	VALUES ( '375.841.304-61', to_date ('2014-05-16', 'YYYY-MM-DD'), 77 );
INSERT INTO manutencao ( cpfTecnico, data, idEquipamento )
	VALUES ( '909.808.644-11', to_date ('2008-07-06', 'YYYY-MM-DD'), 19 );
INSERT INTO manutencao ( cpfTecnico, data, idEquipamento )
	VALUES ( '651.452.975-76', to_date ('2012-05-24', 'YYYY-MM-DD'), 35 );
INSERT INTO manutencao ( cpfTecnico, data, idEquipamento )
	VALUES ( '550.231.571-28', to_date ('2012-09-26', 'YYYY-MM-DD'), 81 );
INSERT INTO manutencao ( cpfTecnico, data, idEquipamento )
	VALUES ( '505.705.748-21', to_date ('2008-05-19', 'YYYY-MM-DD'), 94 );
INSERT INTO manutencao ( cpfTecnico, data, idEquipamento )
	VALUES ( '043.955.036-98', to_date ('2007-04-10', 'YYYY-MM-DD'), 67 );
INSERT INTO manutencao ( cpfTecnico, data, idEquipamento )
	VALUES ( '747.880.415-61', to_date ('2017-05-01', 'YYYY-MM-DD'), 73 );
INSERT INTO manutencao ( cpfTecnico, data, idEquipamento )
	VALUES ( '209.762.167-79', to_date ('2010-11-12', 'YYYY-MM-DD'), 19 );
INSERT INTO manutencao ( cpfTecnico, data, idEquipamento )
	VALUES ( '541.729.094-74', to_date ('2006-10-28', 'YYYY-MM-DD'), 57 );
INSERT INTO manutencao ( cpfTecnico, data, idEquipamento )
	VALUES ( '102.614.802-18', to_date ('2006-03-22', 'YYYY-MM-DD'), 3 );
INSERT INTO manutencao ( cpfTecnico, data, idEquipamento )
	VALUES ( '508.596.215-26', to_date ('2003-02-28', 'YYYY-MM-DD'), 58 );
INSERT INTO manutencao ( cpfTecnico, data, idEquipamento )
	VALUES ( '183.569.609-62', to_date ('2011-02-20', 'YYYY-MM-DD'), 85 );
INSERT INTO manutencao ( cpfTecnico, data, idEquipamento )
	VALUES ( '725.795.391-06', to_date ('2018-03-26', 'YYYY-MM-DD'), 86 );
INSERT INTO manutencao ( cpfTecnico, data, idEquipamento )
	VALUES ( '725.795.391-06', to_date ('2006-10-21', 'YYYY-MM-DD'), 91 );
INSERT INTO manutencao ( cpfTecnico, data, idEquipamento )
	VALUES ( '043.955.036-98', to_date ('2009-08-10', 'YYYY-MM-DD'), 78 );
INSERT INTO manutencao ( cpfTecnico, data, idEquipamento )
	VALUES ( '768.760.635-32', to_date ('2005-03-25', 'YYYY-MM-DD'), 73 );
INSERT INTO manutencao ( cpfTecnico, data, idEquipamento )
	VALUES ( '098.524.090-98', to_date ('2007-10-27', 'YYYY-MM-DD'), 50 );
INSERT INTO manutencao ( cpfTecnico, data, idEquipamento )
	VALUES ( '985.878.089-45', to_date ('2014-10-08', 'YYYY-MM-DD'), 86 );
INSERT INTO manutencao ( cpfTecnico, data, idEquipamento )
	VALUES ( '541.649.682-95', to_date ('2016-10-17', 'YYYY-MM-DD'), 70 );
INSERT INTO manutencao ( cpfTecnico, data, idEquipamento )
	VALUES ( '984.319.590-75', to_date ('2002-11-07', 'YYYY-MM-DD'), 59 );
INSERT INTO manutencao ( cpfTecnico, data, idEquipamento )
	VALUES ( '651.552.626-75', to_date ('2008-10-23', 'YYYY-MM-DD'), 64 );
INSERT INTO manutencao ( cpfTecnico, data, idEquipamento )
	VALUES ( '757.459.668-54', to_date ('2008-09-08', 'YYYY-MM-DD'), 48 );
INSERT INTO manutencao ( cpfTecnico, data, idEquipamento )
	VALUES ( '621.858.118-96', to_date ('2002-02-26', 'YYYY-MM-DD'), 63 );
INSERT INTO manutencao ( cpfTecnico, data, idEquipamento )
	VALUES ( '480.422.370-88', to_date ('2002-08-14', 'YYYY-MM-DD'), 54 );
INSERT INTO manutencao ( cpfTecnico, data, idEquipamento )
	VALUES ( '655.867.366-17', to_date ('2018-07-20', 'YYYY-MM-DD'), 78 );
INSERT INTO manutencao ( cpfTecnico, data, idEquipamento )
	VALUES ( '747.880.415-61', to_date ('2012-08-17', 'YYYY-MM-DD'), 69 );
INSERT INTO manutencao ( cpfTecnico, data, idEquipamento )
	VALUES ( '997.032.797-40', to_date ('2008-04-19', 'YYYY-MM-DD'), 9 );
INSERT INTO manutencao ( cpfTecnico, data, idEquipamento )
	VALUES ( '883.397.994-28', to_date ('2002-06-21', 'YYYY-MM-DD'), 92 );
INSERT INTO manutencao ( cpfTecnico, data, idEquipamento )
	VALUES ( '338.698.478-71', to_date ('2013-11-01', 'YYYY-MM-DD'), 18 );
INSERT INTO manutencao ( cpfTecnico, data, idEquipamento )
	VALUES ( '098.964.468-71', to_date ('2013-10-28', 'YYYY-MM-DD'), 68 );
INSERT INTO manutencao ( cpfTecnico, data, idEquipamento )
	VALUES ( '954.318.834-65', to_date ('2006-07-17', 'YYYY-MM-DD'), 77 );
INSERT INTO manutencao ( cpfTecnico, data, idEquipamento )
	VALUES ( '043.955.036-98', to_date ('2010-08-03', 'YYYY-MM-DD'), 3 );
INSERT INTO manutencao ( cpfTecnico, data, idEquipamento )
	VALUES ( '793.012.494-09', to_date ('2009-08-03', 'YYYY-MM-DD'), 40 );
INSERT INTO manutencao ( cpfTecnico, data, idEquipamento )
	VALUES ( '960.825.711-15', to_date ('2000-04-03', 'YYYY-MM-DD'), 85 );
INSERT INTO manutencao ( cpfTecnico, data, idEquipamento )
	VALUES ( '649.110.168-22', to_date ('2009-05-25', 'YYYY-MM-DD'), 4 );
INSERT INTO manutencao ( cpfTecnico, data, idEquipamento )
	VALUES ( '410.819.426-83', to_date ('2017-07-03', 'YYYY-MM-DD'), 60 );
INSERT INTO manutencao ( cpfTecnico, data, idEquipamento )
	VALUES ( '183.569.609-62', to_date ('2007-02-03', 'YYYY-MM-DD'), 3 );
INSERT INTO manutencao ( cpfTecnico, data, idEquipamento )
	VALUES ( '725.795.391-06', to_date ('2009-06-11', 'YYYY-MM-DD'), 64 );
INSERT INTO manutencao ( cpfTecnico, data, idEquipamento )
	VALUES ( '306.570.839-92', to_date ('2012-09-12', 'YYYY-MM-DD'), 49 );
INSERT INTO manutencao ( cpfTecnico, data, idEquipamento )
	VALUES ( '346.675.103-29', to_date ('2008-04-11', 'YYYY-MM-DD'), 51 );
INSERT INTO manutencao ( cpfTecnico, data, idEquipamento )
	VALUES ( '478.613.044-80', to_date ('2004-02-07', 'YYYY-MM-DD'), 19 );
INSERT INTO manutencao ( cpfTecnico, data, idEquipamento )
	VALUES ( '793.834.340-50', to_date ('2000-07-09', 'YYYY-MM-DD'), 60 );
INSERT INTO manutencao ( cpfTecnico, data, idEquipamento )
	VALUES ( '169.338.392-47', to_date ('2017-02-27', 'YYYY-MM-DD'), 91 );
INSERT INTO manutencao ( cpfTecnico, data, idEquipamento )
	VALUES ( '504.159.221-62', to_date ('2010-10-19', 'YYYY-MM-DD'), 34 );
INSERT INTO manutencao ( cpfTecnico, data, idEquipamento )
	VALUES ( '410.819.426-83', to_date ('2008-02-19', 'YYYY-MM-DD'), 24 );
INSERT INTO manutencao ( cpfTecnico, data, idEquipamento )
	VALUES ( '276.865.875-31', to_date ('2014-08-16', 'YYYY-MM-DD'), 92 );
INSERT INTO manutencao ( cpfTecnico, data, idEquipamento )
	VALUES ( '152.231.478-98', to_date ('2005-03-03', 'YYYY-MM-DD'), 36 );
INSERT INTO manutencao ( cpfTecnico, data, idEquipamento )
	VALUES ( '659.897.784-44', to_date ('2018-02-11', 'YYYY-MM-DD'), 39 );
INSERT INTO manutencao ( cpfTecnico, data, idEquipamento )
	VALUES ( '276.865.875-31', to_date ('2009-10-09', 'YYYY-MM-DD'), 80 );
INSERT INTO manutencao ( cpfTecnico, data, idEquipamento )
	VALUES ( '276.865.875-31', to_date ('2005-11-07', 'YYYY-MM-DD'), 13 );
INSERT INTO manutencao ( cpfTecnico, data, idEquipamento )
	VALUES ( '765.500.392-58', to_date ('2002-06-01', 'YYYY-MM-DD'), 29 );
INSERT INTO manutencao ( cpfTecnico, data, idEquipamento )
	VALUES ( '166.760.321-68', to_date ('2000-04-02', 'YYYY-MM-DD'), 11 );
INSERT INTO manutencao ( cpfTecnico, data, idEquipamento )
	VALUES ( '059.330.483-11', to_date ('2017-11-10', 'YYYY-MM-DD'), 69 );
INSERT INTO manutencao ( cpfTecnico, data, idEquipamento )
	VALUES ( '954.318.834-65', to_date ('2018-04-21', 'YYYY-MM-DD'), 86 );
INSERT INTO manutencao ( cpfTecnico, data, idEquipamento )
	VALUES ( '659.897.784-44', to_date ('2009-01-05', 'YYYY-MM-DD'), 42 );
INSERT INTO manutencao ( cpfTecnico, data, idEquipamento )
	VALUES ( '754.444.997-34', to_date ('2012-02-10', 'YYYY-MM-DD'), 27 );
INSERT INTO manutencao ( cpfTecnico, data, idEquipamento )
	VALUES ( '659.897.784-44', to_date ('2009-09-06', 'YYYY-MM-DD'), 86 );
INSERT INTO manutencao ( cpfTecnico, data, idEquipamento )
	VALUES ( '241.702.807-60', to_date ('2003-02-21', 'YYYY-MM-DD'), 78 );
INSERT INTO manutencao ( cpfTecnico, data, idEquipamento )
	VALUES ( '757.459.668-54', to_date ('2002-04-27', 'YYYY-MM-DD'), 45 );
INSERT INTO manutencao ( cpfTecnico, data, idEquipamento )
	VALUES ( '540.402.206-05', to_date ('2018-04-20', 'YYYY-MM-DD'), 70 );
INSERT INTO manutencao ( cpfTecnico, data, idEquipamento )
	VALUES ( '921.950.940-86', to_date ('2004-05-06', 'YYYY-MM-DD'), 10 );
INSERT INTO manutencao ( cpfTecnico, data, idEquipamento )
	VALUES ( '031.844.616-48', to_date ('2013-01-13', 'YYYY-MM-DD'), 22 );
INSERT INTO manutencao ( cpfTecnico, data, idEquipamento )
	VALUES ( '166.760.321-68', to_date ('2011-07-02', 'YYYY-MM-DD'), 100 );
INSERT INTO manutencao ( cpfTecnico, data, idEquipamento )
	VALUES ( '025.100.117-88', to_date ('2002-07-20', 'YYYY-MM-DD'), 96 );
INSERT INTO manutencao ( cpfTecnico, data, idEquipamento )
	VALUES ( '757.459.668-54', to_date ('2013-09-21', 'YYYY-MM-DD'), 92 );
INSERT INTO manutencao ( cpfTecnico, data, idEquipamento )
	VALUES ( '536.492.252-81', to_date ('2008-06-07', 'YYYY-MM-DD'), 75 );
INSERT INTO manutencao ( cpfTecnico, data, idEquipamento )
	VALUES ( '954.508.078-37', to_date ('2017-04-11', 'YYYY-MM-DD'), 30 );
INSERT INTO manutencao ( cpfTecnico, data, idEquipamento )
	VALUES ( '774.267.034-51', to_date ('2004-01-16', 'YYYY-MM-DD'), 4 );
INSERT INTO manutencao ( cpfTecnico, data, idEquipamento )
	VALUES ( '768.760.635-32', to_date ('2012-03-17', 'YYYY-MM-DD'), 85 );
INSERT INTO manutencao ( cpfTecnico, data, idEquipamento )
	VALUES ( '621.858.118-96', to_date ('2000-04-28', 'YYYY-MM-DD'), 58 );
INSERT INTO manutencao ( cpfTecnico, data, idEquipamento )
	VALUES ( '306.570.839-92', to_date ('2006-06-08', 'YYYY-MM-DD'), 29 );
INSERT INTO manutencao ( cpfTecnico, data, idEquipamento )
	VALUES ( '277.950.069-37', to_date ('2006-09-23', 'YYYY-MM-DD'), 78 );
INSERT INTO manutencao ( cpfTecnico, data, idEquipamento )
	VALUES ( '819.930.030-83', to_date ('2002-07-20', 'YYYY-MM-DD'), 18 );
INSERT INTO manutencao ( cpfTecnico, data, idEquipamento )
	VALUES ( '985.878.089-45', to_date ('2000-01-26', 'YYYY-MM-DD'), 71 );
INSERT INTO manutencao ( cpfTecnico, data, idEquipamento )
	VALUES ( '196.343.326-57', to_date ('2010-10-02', 'YYYY-MM-DD'), 85 );
INSERT INTO manutencao ( cpfTecnico, data, idEquipamento )
	VALUES ( '410.819.426-83', to_date ('2012-03-03', 'YYYY-MM-DD'), 91 );
INSERT INTO manutencao ( cpfTecnico, data, idEquipamento )
	VALUES ( '208.590.843-38', to_date ('2011-08-07', 'YYYY-MM-DD'), 33 );
INSERT INTO manutencao ( cpfTecnico, data, idEquipamento )
	VALUES ( '209.762.167-79', to_date ('2007-06-09', 'YYYY-MM-DD'), 72 );
INSERT INTO manutencao ( cpfTecnico, data, idEquipamento )
	VALUES ( '508.596.215-26', to_date ('2002-04-21', 'YYYY-MM-DD'), 31 );
INSERT INTO manutencao ( cpfTecnico, data, idEquipamento )
	VALUES ( '480.422.370-88', to_date ('2001-03-28', 'YYYY-MM-DD'), 74 );
INSERT INTO manutencao ( cpfTecnico, data, idEquipamento )
	VALUES ( '741.840.210-99', to_date ('2005-04-17', 'YYYY-MM-DD'), 84 );
INSERT INTO manutencao ( cpfTecnico, data, idEquipamento )
	VALUES ( '960.825.711-15', to_date ('2010-09-10', 'YYYY-MM-DD'), 39 );
INSERT INTO manutencao ( cpfTecnico, data, idEquipamento )
	VALUES ( '130.064.450-23', to_date ('2009-10-26', 'YYYY-MM-DD'), 28 );
INSERT INTO manutencao ( cpfTecnico, data, idEquipamento )
	VALUES ( '985.878.089-45', to_date ('2004-08-13', 'YYYY-MM-DD'), 100 );
INSERT INTO manutencao ( cpfTecnico, data, idEquipamento )
	VALUES ( '655.867.366-17', to_date ('2000-09-04', 'YYYY-MM-DD'), 23 );
INSERT INTO manutencao ( cpfTecnico, data, idEquipamento )
	VALUES ( '169.338.392-47', to_date ('2001-02-22', 'YYYY-MM-DD'), 76 );
INSERT INTO manutencao ( cpfTecnico, data, idEquipamento )
	VALUES ( '464.373.438-47', to_date ('2017-07-22', 'YYYY-MM-DD'), 33 );
INSERT INTO manutencao ( cpfTecnico, data, idEquipamento )
	VALUES ( '651.452.975-76', to_date ('2001-03-05', 'YYYY-MM-DD'), 4 );

/* TABLE NUMBER TOTAL: 36 */
END TRANSACTION;
